-- MySQL dump 10.16  Distrib 10.3.7-MariaDB, for Win64 (AMD64)
--
-- Host: localhost    Database: cassiopee
-- ------------------------------------------------------
-- Server version	10.3.7-MariaDB

/*!40101 SET @OLD_CHARACTER_SET_CLIENT=@@CHARACTER_SET_CLIENT */;
/*!40101 SET @OLD_CHARACTER_SET_RESULTS=@@CHARACTER_SET_RESULTS */;
/*!40101 SET @OLD_COLLATION_CONNECTION=@@COLLATION_CONNECTION */;
/*!40101 SET NAMES utf8 */;
/*!40103 SET @OLD_TIME_ZONE=@@TIME_ZONE */;
/*!40103 SET TIME_ZONE='+00:00' */;
/*!40014 SET @OLD_UNIQUE_CHECKS=@@UNIQUE_CHECKS, UNIQUE_CHECKS=0 */;
/*!40014 SET @OLD_FOREIGN_KEY_CHECKS=@@FOREIGN_KEY_CHECKS, FOREIGN_KEY_CHECKS=0 */;
/*!40101 SET @OLD_SQL_MODE=@@SQL_MODE, SQL_MODE='NO_AUTO_VALUE_ON_ZERO' */;
/*!40111 SET @OLD_SQL_NOTES=@@SQL_NOTES, SQL_NOTES=0 */;

--
-- Table structure for table `countries`
--

DROP TABLE IF EXISTS `countries`;
/*!40101 SET @saved_cs_client     = @@character_set_client */;
/*!40101 SET character_set_client = utf8 */;
CREATE TABLE `countries` (
  `id` smallint(5) unsigned NOT NULL AUTO_INCREMENT,
  `code` varchar(2) DEFAULT '',
  `name` char(255) NOT NULL DEFAULT '',
  PRIMARY KEY (`id`),
  UNIQUE KEY `UC_countries` (`name`)
) ENGINE=InnoDB AUTO_INCREMENT=263 DEFAULT CHARSET=utf8;
/*!40101 SET character_set_client = @saved_cs_client */;

--
-- Dumping data for table `countries`
--

LOCK TABLES `countries` WRITE;
/*!40000 ALTER TABLE `countries` DISABLE KEYS */;
INSERT INTO `countries` VALUES (1,'AF','Afghanistan'),(2,'AL','Albania'),(3,'DZ','Algeria'),(4,'DS','American Samoa'),(5,'AD','Andorra'),(6,'AO','Angola'),(7,'AI','Anguilla'),(8,'AQ','Antarctica'),(9,'AG','Antigua and Barbuda'),(10,'AR','Argentina'),(11,'AM','Armenia'),(12,'AW','Aruba'),(13,'AU','Australia'),(14,'AT','Austria'),(15,'AZ','Azerbaijan'),(16,'BS','Bahamas'),(17,'BH','Bahrain'),(18,'BD','Bangladesh'),(19,'BB','Barbados'),(20,'BY','Belarus'),(21,'BE','Belgium'),(22,'BZ','Belize'),(23,'BJ','Benin'),(24,'BM','Bermuda'),(25,'BT','Bhutan'),(26,'BO','Bolivia'),(27,'BA','Bosnia and Herzegovina'),(28,'BW','Botswana'),(29,'BV','Bouvet Island'),(30,'BR','Brazil'),(31,'IO','British Indian Ocean Territory'),(32,'BN','Brunei Darussalam'),(33,'BG','Bulgaria'),(34,'BF','Burkina Faso'),(35,'BI','Burundi'),(36,'KH','Cambodia'),(37,'CM','Cameroon'),(38,'CA','Canada'),(39,'CV','Cape Verde'),(40,'KY','Cayman Islands'),(41,'CF','Central African Republic'),(42,'TD','Chad'),(43,'CL','Chile'),(44,'CN','China'),(45,'CX','Christmas Island'),(46,'CC','Cocos (Keeling) Islands'),(47,'CO','Colombia'),(48,'KM','Comoros'),(49,'CG','Congo'),(50,'CK','Cook Islands'),(51,'CR','Costa Rica'),(52,'HR','Croatia (Hrvatska)'),(53,'CU','Cuba'),(54,'CY','Cyprus'),(55,'CZ','Czech Republic'),(56,'DK','Denmark'),(57,'DJ','Djibouti'),(58,'DM','Dominica'),(59,'DO','Dominican Republic'),(60,'TP','East Timor'),(61,'EC','Ecuador'),(62,'EG','Egypt'),(63,'SV','El Salvador'),(64,'GQ','Equatorial Guinea'),(65,'ER','Eritrea'),(66,'EE','Estonia'),(67,'ET','Ethiopia'),(68,'FK','Falkland Islands (Malvinas)'),(69,'FO','Faroe Islands'),(70,'FJ','Fiji'),(71,'FI','Finland'),(72,'FR','France'),(73,'FX','France, Metropolitan'),(74,'GF','French Guiana'),(75,'PF','French Polynesia'),(76,'TF','French Southern Territories'),(77,'GA','Gabon'),(78,'GM','Gambia'),(79,'GE','Georgia'),(80,'DE','Germany'),(81,'GH','Ghana'),(82,'GI','Gibraltar'),(83,'GK','Guernsey'),(84,'GR','Greece'),(85,'GL','Greenland'),(86,'GD','Grenada'),(87,'GP','Guadeloupe'),(88,'GU','Guam'),(89,'GT','Guatemala'),(90,'GN','Guinea'),(91,'GW','Guinea-Bissau'),(92,'GY','Guyana'),(93,'HT','Haiti'),(94,'HM','Heard and Mc Donald Islands'),(95,'HN','Honduras'),(96,'HK','Hong Kong'),(97,'HU','Hungary'),(98,'IS','Iceland'),(99,'IN','India'),(100,'IM','Isle of Man'),(101,'ID','Indonesia'),(102,'IR','Iran (Islamic Republic of)'),(103,'IQ','Iraq'),(104,'IE','Ireland'),(105,'IL','Israel'),(106,'IT','Italy'),(107,'CI','Ivory Coast'),(108,'JE','Jersey'),(109,'JM','Jamaica'),(110,'JP','Japan'),(111,'JO','Jordan'),(112,'KZ','Kazakhstan'),(113,'KE','Kenya'),(114,'KI','Kiribati'),(115,'KP','Korea, Democratic People\'s Republic of'),(116,'KR','Korea, Republic of'),(117,'XK','Kosovo'),(118,'KW','Kuwait'),(119,'KG','Kyrgyzstan'),(120,'LA','Lao People\'s Democratic Republic'),(121,'LV','Latvia'),(122,'LB','Lebanon'),(123,'LS','Lesotho'),(124,'LR','Liberia'),(125,'LY','Libyan Arab Jamahiriya'),(126,'LI','Liechtenstein'),(127,'LT','Lithuania'),(128,'LU','Luxembourg'),(129,'MO','Macau'),(130,'MK','Macedonia'),(131,'MG','Madagascar'),(132,'MW','Malawi'),(133,'MY','Malaysia'),(134,'MV','Maldives'),(135,'ML','Mali'),(136,'MT','Malta'),(137,'MH','Marshall Islands'),(138,'MQ','Martinique'),(139,'MR','Mauritania'),(140,'MU','Mauritius'),(141,'TY','Mayotte'),(142,'MX','Mexico'),(143,'FM','Micronesia, Federated States of'),(144,'MD','Moldova, Republic of'),(145,'MC','Monaco'),(146,'MN','Mongolia'),(147,'ME','Montenegro'),(148,'MS','Montserrat'),(149,'MA','Morocco'),(150,'MZ','Mozambique'),(151,'MM','Myanmar'),(152,'NA','Namibia'),(153,'NR','Nauru'),(154,'NP','Nepal'),(155,'NL','Netherlands'),(156,'AN','Netherlands Antilles'),(157,'NC','New Caledonia'),(158,'NZ','New Zealand'),(159,'NI','Nicaragua'),(160,'NE','Niger'),(161,'NG','Nigeria'),(162,'NU','Niue'),(163,'NF','Norfolk Island'),(164,'MP','Northern Mariana Islands'),(165,'NO','Norway'),(166,'OM','Oman'),(167,'PK','Pakistan'),(168,'PW','Palau'),(169,'PS','Palestine'),(170,'PA','Panama'),(171,'PG','Papua New Guinea'),(172,'PY','Paraguay'),(173,'PE','Peru'),(174,'PH','Philippines'),(175,'PN','Pitcairn'),(176,'PL','Poland'),(177,'PT','Portugal'),(178,'PR','Puerto Rico'),(179,'QA','Qatar'),(180,'RE','Reunion'),(181,'RO','Romania'),(182,'RU','Russian Federation'),(183,'RW','Rwanda'),(184,'KN','Saint Kitts and Nevis'),(185,'LC','Saint Lucia'),(186,'VC','Saint Vincent and the Grenadines'),(187,'WS','Samoa'),(188,'SM','San Marino'),(189,'ST','Sao Tome and Principe'),(190,'SA','Saudi Arabia'),(191,'SN','Senegal'),(192,'RS','Serbia'),(193,'SC','Seychelles'),(194,'SL','Sierra Leone'),(195,'SG','Singapore'),(196,'SK','Slovakia'),(197,'SI','Slovenia'),(198,'SB','Solomon Islands'),(199,'SO','Somalia'),(200,'ZA','South Africa'),(201,'GS','South Georgia South Sandwich Islands'),(202,'SS','South Sudan'),(203,'ES','Spain'),(204,'LK','Sri Lanka'),(205,'SH','St. Helena'),(206,'PM','St. Pierre and Miquelon'),(207,'SD','Sudan'),(208,'SR','Suriname'),(209,'SJ','Svalbard and Jan Mayen Islands'),(210,'SZ','Swaziland'),(211,'SE','Sweden'),(212,'CH','Switzerland'),(213,'SY','Syrian Arab Republic'),(214,'TW','Taiwan'),(215,'TJ','Tajikistan'),(216,'TZ','Tanzania, United Republic of'),(217,'TH','Thailand'),(218,'TG','Togo'),(219,'TK','Tokelau'),(220,'TO','Tonga'),(221,'TT','Trinidad and Tobago'),(222,'TN','Tunisia'),(223,'TR','Turkey'),(224,'TM','Turkmenistan'),(225,'TC','Turks and Caicos Islands'),(226,'TV','Tuvalu'),(227,'UG','Uganda'),(228,'UA','Ukraine'),(229,'AE','United Arab Emirates'),(230,'GB','United Kingdom'),(231,'US','United States'),(232,'UM','United States minor outlying islands'),(233,'UY','Uruguay'),(234,'UZ','Uzbekistan'),(235,'VU','Vanuatu'),(236,'VA','Vatican City State'),(237,'VE','Venezuela'),(238,'VN','Vietnam'),(239,'VG','Virgin Islands (British)'),(240,'VI','Virgin Islands (U.S.)'),(241,'WF','Wallis and Futuna Islands'),(242,'EH','Western Sahara'),(243,'YE','Yemen'),(244,'ZR','Zaire'),(245,'ZM','Zambia'),(246,'ZW','Zimbabwe'),(247,'WW','Worldwide'),(249,NULL,'Null'),(250,NULL,'East Asia'),(251,NULL,'and Europe'),(252,NULL,'South America'),(253,NULL,'COUNTRIES/AREAS DEPLOYED:  Worldwide'),(254,NULL,'•Critical Manufacturing•Worldwide•Germany'),(255,NULL,'Worldwide '),(256,NULL,'Europe and Asia'),(257,NULL,'United States '),(258,NULL,'North America'),(259,NULL,'European Union'),(260,NULL,'Chemical,United States'),(261,NULL,'Asia and Europe'),(262,NULL,'Inconnu');
/*!40000 ALTER TABLE `countries` ENABLE KEYS */;
UNLOCK TABLES;

--
-- Temporary table structure for view `countries_instances`
--

DROP TABLE IF EXISTS `countries_instances`;
/*!50001 DROP VIEW IF EXISTS `countries_instances`*/;
SET @saved_cs_client     = @@character_set_client;
SET character_set_client = utf8;
/*!50001 CREATE TABLE `countries_instances` (
  `countries` tinyint NOT NULL,
  `quantity` tinyint NOT NULL
) ENGINE=MyISAM */;
SET character_set_client = @saved_cs_client;

--
-- Table structure for table `cve`
--

DROP TABLE IF EXISTS `cve`;
/*!40101 SET @saved_cs_client     = @@character_set_client */;
/*!40101 SET character_set_client = utf8 */;
CREATE TABLE `cve` (
  `id` smallint(5) unsigned NOT NULL AUTO_INCREMENT,
  `date_creation` date DEFAULT NULL,
  `cvss` smallint(5) unsigned NOT NULL,
  `cwe` smallint(5) unsigned NOT NULL,
  `name` char(255) DEFAULT NULL,
  `link` text DEFAULT NULL,
  `date_publication` date DEFAULT NULL,
  PRIMARY KEY (`id`),
  KEY `fk_cve_cvss` (`cvss`),
  KEY `fk_cve_cwe` (`cwe`),
  CONSTRAINT `fk_cve_cvss` FOREIGN KEY (`cvss`) REFERENCES `cvss` (`id`),
  CONSTRAINT `fk_cve_cwe` FOREIGN KEY (`cwe`) REFERENCES `cwe` (`id`)
) ENGINE=InnoDB AUTO_INCREMENT=4310 DEFAULT CHARSET=utf8;
/*!40101 SET character_set_client = @saved_cs_client */;

--
-- Dumping data for table `cve`
--

LOCK TABLES `cve` WRITE;
/*!40000 ALTER TABLE `cve` DISABLE KEYS */;
INSERT INTO `cve` VALUES (3787,'2019-01-01',3856,3841,'CVE-2019-10847','http://web.nvd.nist.gov/view/vuln/detail?vulnId=CVE-2019-10847','2019-05-24'),(3788,'2019-01-01',3857,3842,'CVE-2019-10848','http://web.nvd.nist.gov/view/vuln/detail?vulnId=CVE-2019-10848','2019-05-24'),(3789,'2019-01-01',3858,3843,'CVE-2019-10846','http://web.nvd.nist.gov/view/vuln/detail?vulnId=CVE-2019-10846','2019-05-23'),(3790,'2019-01-01',3859,3844,'CVE-2019-10854','http://web.nvd.nist.gov/view/vuln/detail?vulnId=CVE-2019-10854','2019-05-23'),(3791,'2019-01-01',3860,3845,'CVE-2019-10849','http://web.nvd.nist.gov/view/vuln/detail?vulnId=CVE-2019-10849','2019-05-23'),(3792,'2019-01-01',3861,3846,'CVE-2019-10851','http://web.nvd.nist.gov/view/vuln/detail?vulnId=CVE-2019-10851','2019-05-23'),(3793,'2019-01-01',3862,3847,'CVE-2019-10852','http://web.nvd.nist.gov/view/vuln/detail?vulnId=CVE-2019-10852','2019-05-23'),(3794,'2019-01-01',3863,3848,'CVE-2019-10853','http://web.nvd.nist.gov/view/vuln/detail?vulnId=CVE-2019-10853','2019-05-23'),(3795,'2019-01-01',3857,3849,'CVE-2019-10855','http://web.nvd.nist.gov/view/vuln/detail?vulnId=CVE-2019-10855','2019-05-23'),(3796,'2019-01-01',3865,3850,'CVE-2019-10977','http://web.nvd.nist.gov/view/vuln/detail?vulnId=CVE-2019-10977','2019-05-23'),(3797,'2018-01-01',3866,3851,'CVE-2018-6821','http://web.nvd.nist.gov/view/vuln/detail?vulnId=CVE-2018-6821',NULL),(3798,'2019-01-01',3867,3852,'CVE-2019-10975','http://web.nvd.nist.gov/view/vuln/detail?vulnId=CVE-2019-10975',NULL),(3799,'2019-01-01',3868,3853,'CVE-2019-10971','http://web.nvd.nist.gov/view/vuln/detail?vulnId=CVE-2019-10971',NULL),(3800,'2019-01-01',3869,3854,'CVE-2019-10922','http://web.nvd.nist.gov/view/vuln/detail?vulnId=CVE-2019-10922','2019-05-14'),(3801,'2019-01-01',3870,3855,'CVE-2019-10924','http://web.nvd.nist.gov/view/vuln/detail?vulnId=CVE-2019-10924','2019-05-14'),(3802,'2019-01-01',3871,3856,'CVE-2019-10919','http://web.nvd.nist.gov/view/vuln/detail?vulnId=CVE-2019-10919','2019-05-14'),(3803,'2019-01-01',3860,3857,'CVE-2019-10920','http://web.nvd.nist.gov/view/vuln/detail?vulnId=CVE-2019-10920','2019-05-14'),(3804,'2019-01-01',3860,3858,'CVE-2019-10921','http://web.nvd.nist.gov/view/vuln/detail?vulnId=CVE-2019-10921','2019-05-14'),(3805,'2019-01-01',3865,3859,'CVE-2019-6578','http://web.nvd.nist.gov/view/vuln/detail?vulnId=CVE-2019-6578','2019-05-14'),(3806,'2019-01-01',3865,3860,'CVE-2019-6574','http://web.nvd.nist.gov/view/vuln/detail?vulnId=CVE-2019-6574','2019-05-14'),(3807,'2018-01-01',3869,3861,'CVE-2018-7084','http://web.nvd.nist.gov/view/vuln/detail?vulnId=CVE-2018-7084','2019-05-10'),(3808,'2018-01-01',3860,3862,'CVE-2018-7083','http://web.nvd.nist.gov/view/vuln/detail?vulnId=CVE-2018-7083','2019-05-10'),(3809,'2018-01-01',3860,3863,'CVE-2018-16417','http://web.nvd.nist.gov/view/vuln/detail?vulnId=CVE-2018-16417',NULL),(3810,'2018-01-01',3879,3864,'CVE-2018-7082','http://web.nvd.nist.gov/view/vuln/detail?vulnId=CVE-2018-7082','2019-05-10'),(3811,'2018-01-01',3880,3865,'CVE-2018-7064','http://web.nvd.nist.gov/view/vuln/detail?vulnId=CVE-2018-7064','2019-05-10'),(3812,'2019-01-01',3881,3866,'CVE-2019-10916','http://web.nvd.nist.gov/view/vuln/detail?vulnId=CVE-2019-10916','2019-05-14'),(3813,'2019-01-01',3867,3867,'CVE-2019-10917','http://web.nvd.nist.gov/view/vuln/detail?vulnId=CVE-2019-10917','2019-05-14'),(3814,'2019-01-01',3859,3868,'CVE-2019-10918','http://web.nvd.nist.gov/view/vuln/detail?vulnId=CVE-2019-10918','2019-05-14'),(3815,'2019-01-01',3884,3869,'CVE-2019-6572','http://web.nvd.nist.gov/view/vuln/detail?vulnId=CVE-2019-6572','2019-05-14'),(3816,'2019-01-01',3885,3870,'CVE-2019-6576','http://web.nvd.nist.gov/view/vuln/detail?vulnId=CVE-2019-6576','2019-05-14'),(3817,'2019-01-01',3886,3871,'CVE-2019-6577','http://web.nvd.nist.gov/view/vuln/detail?vulnId=CVE-2019-6577','2019-05-14'),(3818,'2017-01-01',3869,3872,'CVE-2017-14728','http://web.nvd.nist.gov/view/vuln/detail?vulnId=CVE-2017-14728',NULL),(3819,'2017-01-01',3888,3873,'CVE-2017-14850','http://web.nvd.nist.gov/view/vuln/detail?vulnId=CVE-2017-14850',NULL),(3820,'2017-01-01',3871,3874,'CVE-2017-14851','http://web.nvd.nist.gov/view/vuln/detail?vulnId=CVE-2017-14851',NULL),(3821,'2017-01-01',3890,3875,'CVE-2017-14852','https://nvd.nist.gov/vuln/detail/CVE-2017-14852',NULL),(3822,'2017-01-01',3891,3876,'CVE-2017-14853','https://nvd.nist.gov/vuln/detail/CVE-2017-14853',NULL),(3823,'2017-01-01',3892,3877,'CVE-2017-14854','http://web.nvd.nist.gov/view/vuln/detail?vulnId=CVE-2017-14854',NULL),(3824,'2019-01-01',3870,3878,'CVE-2019-6564','http://web.nvd.nist.gov/view/vuln/detail?vulnId=CVE-2019-6564','2019-05-09'),(3825,'2019-01-01',3870,3879,'CVE-2019-6546','http://web.nvd.nist.gov/view/vuln/detail?vulnId=CVE-2019-6546','2019-05-09'),(3826,'2019-01-01',3863,3880,'CVE-2019-6548','http://web.nvd.nist.gov/view/vuln/detail?vulnId=CVE-2019-6548','2019-05-09'),(3827,'2019-01-01',3896,3881,'CVE-2019-6544','http://web.nvd.nist.gov/view/vuln/detail?vulnId=CVE-2019-6544','2019-05-09'),(3828,'2019-01-01',3868,3882,'CVE-2019-6566','http://web.nvd.nist.gov/view/vuln/detail?vulnId=CVE-2019-6566','2019-05-09'),(3829,'2018-01-01',3881,3883,'CVE-2018-4061','http://web.nvd.nist.gov/view/vuln/detail?vulnId=CVE-2018-4061','2019-05-06'),(3830,'2018-01-01',3899,3884,'CVE-2018-4062','http://web.nvd.nist.gov/view/vuln/detail?vulnId=CVE-2018-4062','2019-05-06'),(3831,'2018-01-01',3881,3885,'CVE-2018-4063','http://web.nvd.nist.gov/view/vuln/detail?vulnId=CVE-2018-4063','2019-05-06'),(3832,'2018-01-01',3888,3886,'CVE-2018-4065','http://web.nvd.nist.gov/view/vuln/detail?vulnId=CVE-2018-4065','2019-05-06'),(3833,'2018-01-01',3902,3887,'CVE-2018-4066','http://web.nvd.nist.gov/view/vuln/detail?vulnId=CVE-2018-4066','2019-05-06'),(3834,'2018-01-01',3903,3888,'CVE-2018-4067','http://web.nvd.nist.gov/view/vuln/detail?vulnId=CVE-2018-4067','2019-05-06'),(3835,'2018-01-01',3885,3889,'CVE-2018-4069','http://web.nvd.nist.gov/view/vuln/detail?vulnId=CVE-2018-4069','2019-05-06'),(3836,'2019-01-01',3905,3890,'CVE-2019-6562','http://web.nvd.nist.gov/view/vuln/detail?vulnId=CVE-2019-6562','2019-05-01'),(3837,'2019-01-01',3906,3891,'CVE-2019-10952','http://web.nvd.nist.gov/view/vuln/detail?vulnId=CVE-2019-10952','2019-05-01'),(3838,'2019-01-01',3907,3892,'CVE-2019-10954','http://web.nvd.nist.gov/view/vuln/detail?vulnId=CVE-2019-10954','2019-05-01'),(3839,'2019-01-01',3865,3893,'CVE-2019-10948','http://web.nvd.nist.gov/view/vuln/detail?vulnId=CVE-2019-10948','2019-04-30'),(3840,'2019-01-01',3869,3894,'CVE-2019-10950','http://web.nvd.nist.gov/view/vuln/detail?vulnId=CVE-2019-10950','2019-04-30'),(3841,'2019-01-01',3910,3895,'CVE-2019-10955','http://web.nvd.nist.gov/view/vuln/detail?vulnId=CVE-2019-10955','2019-04-25'),(3842,'2019-01-01',3870,3896,'CVE-2019-10947','http://web.nvd.nist.gov/view/vuln/detail?vulnId=CVE-2019-10947','2019-04-17'),(3843,'2019-01-01',3870,3897,'CVE-2019-10951','http://web.nvd.nist.gov/view/vuln/detail?vulnId=CVE-2019-10951','2019-04-17'),(3844,'2019-01-01',3913,3898,'CVE-2019-10949','http://web.nvd.nist.gov/view/vuln/detail?vulnId=CVE-2019-10949','2019-04-17'),(3845,'2019-01-01',3869,3899,'CVE-2019-10712','http://web.nvd.nist.gov/view/vuln/detail?vulnId=CVE-2019-10712','2019-05-07'),(3846,'2019-01-01',3865,3900,'CVE-2019-10953','http://web.nvd.nist.gov/view/vuln/detail?vulnId=CVE-2019-10953','2019-04-17'),(3847,'2017-01-01',3865,3901,'CVE-2017-12741','http://web.nvd.nist.gov/view/vuln/detail?vulnId=CVE-2017-12741','2019-04-17'),(3848,'2019-01-01',3917,3902,'CVE-2019-6579','http://web.nvd.nist.gov/view/vuln/detail?vulnId=CVE-2019-6579','2019-04-24'),(3849,'2019-01-01',3865,3903,'CVE-2019-6575','http://web.nvd.nist.gov/view/vuln/detail?vulnId=CVE-2019-6575','2019-05-14'),(3850,'2018-01-01',3919,3904,'CVE-2018-14618','http://web.nvd.nist.gov/view/vuln/detail?vulnId=CVE-2018-14618','2018-09-05'),(3851,'2018-01-01',3865,3905,'CVE-2018-16890','http://web.nvd.nist.gov/view/vuln/detail?vulnId=CVE-2018-16890','2019-02-06'),(3852,'2019-01-01',3863,3906,'CVE-2019-3822','http://web.nvd.nist.gov/view/vuln/detail?vulnId=CVE-2019-3822','2019-02-06'),(3853,'2019-01-01',3922,3907,'CVE-2019-6570','http://web.nvd.nist.gov/view/vuln/detail?vulnId=CVE-2019-6570','2019-04-17'),(3854,'2018-01-01',3869,3908,'CVE-2018-5379','http://web.nvd.nist.gov/view/vuln/detail?vulnId=CVE-2018-5379','2018-02-19'),(3855,'2018-01-01',3924,3909,'CVE-2018-5380','http://web.nvd.nist.gov/view/vuln/detail?vulnId=CVE-2018-5380','2018-02-19'),(3856,'2018-01-01',3865,3910,'CVE-2018-5381','http://web.nvd.nist.gov/view/vuln/detail?vulnId=CVE-2018-5381','2018-02-19'),(3857,'2019-01-01',3865,3911,'CVE-2019-6568','http://web.nvd.nist.gov/view/vuln/detail?vulnId=CVE-2019-6568','2019-05-14'),(3858,'2019-01-01',3927,3912,'CVE-2019-6556','http://web.nvd.nist.gov/view/vuln/detail?vulnId=CVE-2019-6556','2019-04-10'),(3859,'2018-01-01',3928,3913,'CVE-2018-15377','http://web.nvd.nist.gov/view/vuln/detail?vulnId=CVE-2018-15377','2018-10-05'),(3860,'2018-01-01',3929,3914,'CVE-2018-0466','http://web.nvd.nist.gov/view/vuln/detail?vulnId=CVE-2018-0466','2018-10-05'),(3861,'2018-01-01',3907,3915,'CVE-2018-0470','http://web.nvd.nist.gov/view/vuln/detail?vulnId=CVE-2018-0470','2018-10-05'),(3862,'2018-01-01',3865,3916,'CVE-2018-0473','http://web.nvd.nist.gov/view/vuln/detail?vulnId=CVE-2018-0473','2018-10-05'),(3863,'2018-01-01',3907,3917,'CVE-2018-0467','http://web.nvd.nist.gov/view/vuln/detail?vulnId=CVE-2018-0467','2018-10-05'),(3864,'2018-01-01',3929,3918,'CVE-2018-15373','http://web.nvd.nist.gov/view/vuln/detail?vulnId=CVE-2018-15373','2018-10-05'),(3865,'2018-01-01',3907,3919,'CVE-2018-0472','http://web.nvd.nist.gov/view/vuln/detail?vulnId=CVE-2018-0472','2018-10-05'),(3866,'2019-01-01',3869,3920,'CVE-2019-6552','http://web.nvd.nist.gov/view/vuln/detail?vulnId=CVE-2019-6552','2019-04-05'),(3867,'2019-01-01',3869,3921,'CVE-2019-6550','http://web.nvd.nist.gov/view/vuln/detail?vulnId=CVE-2019-6550','2019-04-05'),(3868,'2019-01-01',3865,3922,'CVE-2019-6554','http://web.nvd.nist.gov/view/vuln/detail?vulnId=CVE-2019-6554','2019-04-05'),(3869,'2018-01-01',3865,3923,'CVE-2018-19282','http://web.nvd.nist.gov/view/vuln/detail?vulnId=CVE-2018-19282','2019-04-04'),(3870,'2019-01-01',3939,3924,'CVE-2019-6569','http://web.nvd.nist.gov/view/vuln/detail?vulnId=CVE-2019-6569','2019-03-26'),(3871,'2019-01-01',3940,3925,'CVE-2019-9743','http://web.nvd.nist.gov/view/vuln/detail?vulnId=CVE-2019-9743','2019-03-26'),(3872,'2019-01-01',3865,3926,'CVE-2019-6542','http://web.nvd.nist.gov/view/vuln/detail?vulnId=CVE-2019-6542','2019-03-28'),(3873,'2019-01-01',3942,3927,'CVE-2019-6538','http://web.nvd.nist.gov/view/vuln/detail?vulnId=CVE-2019-6538','2019-03-25'),(3874,'2019-01-01',3943,3928,'CVE-2019-6540','http://web.nvd.nist.gov/view/vuln/detail?vulnId=CVE-2019-6540','2019-03-26'),(3875,'2019-01-01',3944,3929,'CVE-2019-6534','https://nvd.nist.gov/vuln/detail/CVE-2019-6534','2019-04-11'),(3876,'2018-01-01',3945,3930,'CVE-2018-18875','http://web.nvd.nist.gov/view/vuln/detail?vulnId=CVE-2018-18875',NULL),(3877,'2018-01-01',3857,3931,'CVE-2018-18876','http://web.nvd.nist.gov/view/vuln/detail?vulnId=CVE-2018-18876',NULL),(3878,'2018-01-01',3869,3932,'CVE-2018-18877','http://web.nvd.nist.gov/view/vuln/detail?vulnId=CVE-2018-18877',NULL),(3879,'2018-01-01',3865,3933,'CVE-2018-18878','http://web.nvd.nist.gov/view/vuln/detail?vulnId=CVE-2018-18878',NULL),(3880,'2018-01-01',3869,3934,'CVE-2018-18879','http://web.nvd.nist.gov/view/vuln/detail?vulnId=CVE-2018-18879',NULL),(3881,'2018-01-01',3945,3935,'CVE-2018-18880','http://web.nvd.nist.gov/view/vuln/detail?vulnId=CVE-2018-18880',NULL),(3882,'2019-01-01',3870,3936,'CVE-2019-6536','http://web.nvd.nist.gov/view/vuln/detail?vulnId=CVE-2019-6536','2019-03-27'),(3883,'2019-01-01',3944,3937,'CVE-2019-6534','https://nvd.nist.gov/vuln/detail/CVE-2019-6534','2019-04-11'),(3884,'2018-01-01',3857,3938,'CVE-2018-16059','http://web.nvd.nist.gov/view/vuln/detail?vulnId=CVE-2018-16059','2018-09-07'),(3885,'2019-01-01',3917,3939,'CVE-2019-6553','http://web.nvd.nist.gov/view/vuln/detail?vulnId=CVE-2019-6553','2019-04-04'),(3886,'2019-01-01',3955,3940,'CVE-2019-6528','http://web.nvd.nist.gov/view/vuln/detail?vulnId=CVE-2019-6528','2019-03-05'),(3887,'2019-01-01',3865,3941,'CVE-2019-6557','http://web.nvd.nist.gov/view/vuln/detail?vulnId=CVE-2019-6557','2019-03-05'),(3888,'2019-01-01',3957,3942,'CVE-2019-6561','http://web.nvd.nist.gov/view/vuln/detail?vulnId=CVE-2019-6561','2019-03-05'),(3889,'2019-01-01',3957,3943,'CVE-2019-6565','http://web.nvd.nist.gov/view/vuln/detail?vulnId=CVE-2019-6565','2019-03-05'),(3890,'2019-01-01',3865,3944,'CVE-2019-6520','http://web.nvd.nist.gov/view/vuln/detail?vulnId=CVE-2019-6520','2019-03-05'),(3891,'2019-01-01',3865,3945,'CVE-2019-6524','http://web.nvd.nist.gov/view/vuln/detail?vulnId=CVE-2019-6524','2019-03-05'),(3892,'2019-01-01',3865,3946,'CVE-2019-6526','http://web.nvd.nist.gov/view/vuln/detail?vulnId=CVE-2019-6526','2019-04-15'),(3893,'2019-01-01',3865,3947,'CVE-2019-6522','http://web.nvd.nist.gov/view/vuln/detail?vulnId=CVE-2019-6522','2019-03-05'),(3894,'2019-01-01',3860,3948,'CVE-2019-6518','http://web.nvd.nist.gov/view/vuln/detail?vulnId=CVE-2019-6518','2019-03-05'),(3895,'2019-01-01',3869,3949,'CVE-2019-6563','http://web.nvd.nist.gov/view/vuln/detail?vulnId=CVE-2019-6563','2019-03-05'),(3896,'2019-01-01',3865,3950,'CVE-2019-6559','http://web.nvd.nist.gov/view/vuln/detail?vulnId=CVE-2019-6559','2019-03-05'),(3897,'2019-01-01',3966,3951,'CVE-2019-0102','http://web.nvd.nist.gov/view/vuln/detail?vulnId=CVE-2019-0102','2019-02-18'),(3898,'2019-01-01',3967,3952,'CVE-2019-0103','http://web.nvd.nist.gov/view/vuln/detail?vulnId=CVE-2019-0103','2019-02-18'),(3899,'2019-01-01',3967,3953,'CVE-2019-0104','http://web.nvd.nist.gov/view/vuln/detail?vulnId=CVE-2019-0104','2019-02-18'),(3900,'2019-01-01',3969,3954,'CVE-2019-0105','http://web.nvd.nist.gov/view/vuln/detail?vulnId=CVE-2019-0105','2019-02-18'),(3901,'2019-01-01',3970,3955,'CVE-2019-0106','http://web.nvd.nist.gov/view/vuln/detail?vulnId=CVE-2019-0106','2019-02-18'),(3902,'2019-01-01',3971,3956,'CVE-2019-0107','http://web.nvd.nist.gov/view/vuln/detail?vulnId=CVE-2019-0107','2019-02-18'),(3903,'2019-01-01',3972,3957,'CVE-2019-0108','http://web.nvd.nist.gov/view/vuln/detail?vulnId=CVE-2019-0108','2019-02-18'),(3904,'2019-01-01',3973,3958,'CVE-2019-0109','http://web.nvd.nist.gov/view/vuln/detail?vulnId=CVE-2019-0109','2019-02-18'),(3905,'2019-01-01',3974,3959,'CVE-2019-0110','http://web.nvd.nist.gov/view/vuln/detail?vulnId=CVE-2019-0110','2019-02-18'),(3906,'2019-01-01',3975,3960,'CVE-2019-0111','http://web.nvd.nist.gov/view/vuln/detail?vulnId=CVE-2019-0111','2019-02-18'),(3907,'2019-01-01',3976,3961,'CVE-2019-0112','http://web.nvd.nist.gov/view/vuln/detail?vulnId=CVE-2019-0112','2019-02-18'),(3908,'2019-01-01',3977,3962,'CVE-2019-6547','http://web.nvd.nist.gov/view/vuln/detail?vulnId=CVE-2019-6547','2019-02-28'),(3909,'2019-01-01',3870,3963,'CVE-2019-6555','http://web.nvd.nist.gov/view/vuln/detail?vulnId=CVE-2019-6555','2019-02-28'),(3910,'2018-01-01',3888,3964,'CVE-2018-19615','http://web.nvd.nist.gov/view/vuln/detail?vulnId=CVE-2018-19615','2019-03-18'),(3911,'2018-01-01',3869,3965,'CVE-2018-19616','http://web.nvd.nist.gov/view/vuln/detail?vulnId=CVE-2018-19616','2018-12-26'),(3912,'2019-01-01',3865,3966,'CVE-2019-6551','http://web.nvd.nist.gov/view/vuln/detail?vulnId=CVE-2019-6551','2019-02-28'),(3913,'2018-01-01',3982,3967,'CVE-2018-17937','http://web.nvd.nist.gov/view/vuln/detail?vulnId=CVE-2018-17937','2019-03-13'),(3914,'2018-01-01',3983,3968,'CVE-2018-19006','http://web.nvd.nist.gov/view/vuln/detail?vulnId=CVE-2018-19006','2019-04-08'),(3915,'2018-01-01',3865,3969,'CVE-2018-16563','http://web.nvd.nist.gov/view/vuln/detail?vulnId=CVE-2018-16563','2019-03-21'),(3916,'2018-01-01',3985,3970,'CVE-2018-3989','http://web.nvd.nist.gov/view/vuln/detail?vulnId=CVE-2018-3989','2019-02-05'),(3917,'2018-01-01',3986,3971,'CVE-2018-3990','http://web.nvd.nist.gov/view/vuln/detail?vulnId=CVE-2018-3990','2019-02-05'),(3918,'2018-01-01',3917,3972,'CVE-2018-3991','http://web.nvd.nist.gov/view/vuln/detail?vulnId=CVE-2018-3991','2019-02-05'),(3919,'2018-01-01',3865,3973,'CVE-2018-16561','http://web.nvd.nist.gov/view/vuln/detail?vulnId=CVE-2018-16561','2019-04-17'),(3920,'2018-01-01',3885,3974,'CVE-2018-3616','http://web.nvd.nist.gov/view/vuln/detail?vulnId=CVE-2018-3616','2018-09-12'),(3921,'2018-01-01',3990,3975,'CVE-2018-3657','http://web.nvd.nist.gov/view/vuln/detail?vulnId=CVE-2018-3657','2018-09-12'),(3922,'2018-01-01',3906,3976,'CVE-2018-3658','http://web.nvd.nist.gov/view/vuln/detail?vulnId=CVE-2018-3658','2018-09-12'),(3923,'2018-01-01',3992,3977,'CVE-2018-13808','http://web.nvd.nist.gov/view/vuln/detail?vulnId=CVE-2018-13808','2019-04-17'),(3924,'2018-01-01',3888,3978,'CVE-2018-13809','http://web.nvd.nist.gov/view/vuln/detail?vulnId=CVE-2018-13809','2019-04-17'),(3925,'2018-01-01',3994,3979,'CVE-2018-13810','http://web.nvd.nist.gov/view/vuln/detail?vulnId=CVE-2018-13810','2019-04-17'),(3926,'2018-01-01',3906,3980,'CVE-2018-13798','http://web.nvd.nist.gov/view/vuln/detail?vulnId=CVE-2018-13798','2019-03-21'),(3927,'2018-01-01',3865,3981,'CVE-2018-11451','http://web.nvd.nist.gov/view/vuln/detail?vulnId=CVE-2018-11451','2019-03-22'),(3928,'2018-01-01',3997,3982,'CVE-2018-11452','http://web.nvd.nist.gov/view/vuln/detail?vulnId=CVE-2018-11452','2019-03-22'),(3929,'2019-01-01',3869,3983,'CVE-2019-6543','http://web.nvd.nist.gov/view/vuln/detail?vulnId=CVE-2019-6543','2019-02-12'),(3930,'2019-01-01',3869,3984,'CVE-2019-6545','http://web.nvd.nist.gov/view/vuln/detail?vulnId=CVE-2019-6545','2019-02-12'),(3931,'2018-01-01',3906,3985,'CVE-2018-19016','http://web.nvd.nist.gov/view/vuln/detail?vulnId=CVE-2018-19016','2019-03-27'),(3932,'2019-01-01',3870,3986,'CVE-2019-6539','http://web.nvd.nist.gov/view/vuln/detail?vulnId=CVE-2019-6539','2019-02-12'),(3933,'2019-01-01',3870,3987,'CVE-2019-6537','http://web.nvd.nist.gov/view/vuln/detail?vulnId=CVE-2019-6537','2019-02-12'),(3934,'2019-01-01',3870,3988,'CVE-2019-6541','http://web.nvd.nist.gov/view/vuln/detail?vulnId=CVE-2019-6541','2019-02-12'),(3935,'2018-01-01',3865,3989,'CVE-2018-16558','http://web.nvd.nist.gov/view/vuln/detail?vulnId=CVE-2018-16558','2019-04-17'),(3936,'2018-01-01',3865,3990,'CVE-2018-16559','http://web.nvd.nist.gov/view/vuln/detail?vulnId=CVE-2018-16559','2019-04-17'),(3937,'2019-01-01',4006,3991,'CVE-2019-6527','https://nvd.nist.gov/vuln/detail/CVE-2019-6527','2019-02-12'),(3938,'2019-01-01',3917,3992,'CVE-2019-6533','http://web.nvd.nist.gov/view/vuln/detail?vulnId=CVE-2019-6533','2019-02-12'),(3939,'2019-01-01',4008,3993,'CVE-2019-6529','http://web.nvd.nist.gov/view/vuln/detail?vulnId=CVE-2019-6529',NULL),(3940,'2019-01-01',4009,3994,'CVE-2019-6531','http://web.nvd.nist.gov/view/vuln/detail?vulnId=CVE-2019-6531','2019-04-02'),(3941,'2019-01-01',3879,3995,'CVE-2019-6549','http://web.nvd.nist.gov/view/vuln/detail?vulnId=CVE-2019-6549','2019-02-12'),(3942,'2019-01-01',3859,3996,'CVE-2019-3906','http://web.nvd.nist.gov/view/vuln/detail?vulnId=CVE-2019-3906','2019-01-18'),(3943,'2019-01-01',3860,3997,'CVE-2019-3907','http://web.nvd.nist.gov/view/vuln/detail?vulnId=CVE-2019-3907','2019-01-18'),(3944,'2019-01-01',3860,3998,'CVE-2019-3908','http://web.nvd.nist.gov/view/vuln/detail?vulnId=CVE-2019-3908','2019-01-18'),(3945,'2018-01-01',3869,3999,'CVE-2018-7800','http://web.nvd.nist.gov/view/vuln/detail?vulnId=CVE-2018-7800','2018-12-24'),(3946,'2018-01-01',3957,4000,'CVE-2018-7801','http://web.nvd.nist.gov/view/vuln/detail?vulnId=CVE-2018-7801','2018-12-24'),(3947,'2018-01-01',4016,4001,'CVE-2018-7802','http://web.nvd.nist.gov/view/vuln/detail?vulnId=CVE-2018-7802','2018-12-24'),(3948,'2019-01-01',4017,4002,'CVE-2019-6517','http://web.nvd.nist.gov/view/vuln/detail?vulnId=CVE-2019-6517','2019-02-06'),(3949,'2019-01-01',3863,4003,'CVE-2019-5909','http://web.nvd.nist.gov/view/vuln/detail?vulnId=CVE-2019-5909','2019-02-13'),(3950,'2019-01-01',3865,4004,'CVE-2019-6535','http://web.nvd.nist.gov/view/vuln/detail?vulnId=CVE-2019-6535','2019-02-05'),(3951,'2019-01-01',4020,4005,'CVE-2019-6525','http://web.nvd.nist.gov/view/vuln/detail?vulnId=CVE-2019-6525','2019-04-11'),(3952,'2019-01-01',3869,4006,'CVE-2019-6519','http://web.nvd.nist.gov/view/vuln/detail?vulnId=CVE-2019-6519','2019-02-05'),(3953,'2019-01-01',3890,4007,'CVE-2019-6521','http://web.nvd.nist.gov/view/vuln/detail?vulnId=CVE-2019-6521','2019-02-05'),(3954,'2019-01-01',3857,4008,'CVE-2019-6523','http://web.nvd.nist.gov/view/vuln/detail?vulnId=CVE-2019-6523','2019-02-05'),(3955,'2018-01-01',3957,4009,'CVE-2018-13993','http://web.nvd.nist.gov/view/vuln/detail?vulnId=CVE-2018-13993','2019-05-07'),(3956,'2018-01-01',3890,4010,'CVE-2018-13990','http://web.nvd.nist.gov/view/vuln/detail?vulnId=CVE-2018-13990','2019-05-06'),(3957,'2018-01-01',4026,4011,'CVE-2018-13992','http://web.nvd.nist.gov/view/vuln/detail?vulnId=CVE-2018-13992','2019-05-07'),(3958,'2018-01-01',3865,4012,'CVE-2018-13994','http://web.nvd.nist.gov/view/vuln/detail?vulnId=CVE-2018-13994','2019-05-07'),(3959,'2018-01-01',3857,4013,'CVE-2018-13991','http://web.nvd.nist.gov/view/vuln/detail?vulnId=CVE-2018-13991','2019-05-07'),(3960,'2017-01-01',3857,4014,'CVE-2017-3735','http://web.nvd.nist.gov/view/vuln/detail?vulnId=CVE-2017-3735','2017-11-02'),(3961,'2018-01-01',4030,4015,'CVE-2018-19010','http://web.nvd.nist.gov/view/vuln/detail?vulnId=CVE-2018-19010','2019-01-28'),(3962,'2018-01-01',4031,4016,'CVE-2018-19014','http://web.nvd.nist.gov/view/vuln/detail?vulnId=CVE-2018-19014','2019-01-28'),(3963,'2018-01-01',4032,4017,'CVE-2018-19012','http://web.nvd.nist.gov/view/vuln/detail?vulnId=CVE-2018-19012','2019-01-28'),(3964,'2017-01-01',4033,4018,'CVE-2017-16744','https://nvd.nist.gov/vuln/detail/CVE-2017-16744','2018-08-20'),(3965,'2017-01-01',4034,4019,'CVE-2017-16748','https://nvd.nist.gov/vuln/detail/CVE-2017-16748','2018-08-20'),(3966,'2018-01-01',3868,4020,'CVE-2018-19011','http://web.nvd.nist.gov/view/vuln/detail?vulnId=CVE-2018-19011','2019-01-22'),(3967,'2018-01-01',4036,4021,'CVE-2018-19013','http://web.nvd.nist.gov/view/vuln/detail?vulnId=CVE-2018-19013','2019-01-22'),(3968,'2018-01-01',3868,4022,'CVE-2018-19015','http://web.nvd.nist.gov/view/vuln/detail?vulnId=CVE-2018-19015','2019-01-28'),(3969,'2018-01-01',3868,4023,'CVE-2018-19017','http://web.nvd.nist.gov/view/vuln/detail?vulnId=CVE-2018-19017','2019-01-22'),(3970,'2018-01-01',3868,4024,'CVE-2018-19019','http://web.nvd.nist.gov/view/vuln/detail?vulnId=CVE-2018-19019','2019-01-22'),(3971,'2018-01-01',3969,4025,'CVE-2018-19018','http://web.nvd.nist.gov/view/vuln/detail?vulnId=CVE-2018-19018','2019-02-12'),(3972,'2018-01-01',4041,4026,'CVE-2018-19020','http://web.nvd.nist.gov/view/vuln/detail?vulnId=CVE-2018-19020','2019-02-12'),(3973,'2018-01-01',4042,4027,'CVE-2018-19008','http://web.nvd.nist.gov/view/vuln/detail?vulnId=CVE-2018-19008','2019-02-13'),(3974,'2018-01-01',3865,4028,'CVE-2018-18881','http://web.nvd.nist.gov/view/vuln/detail?vulnId=CVE-2018-18881','2019-03-18'),(3975,'2018-01-01',4044,4029,'CVE-2018-18882','http://web.nvd.nist.gov/view/vuln/detail?vulnId=CVE-2018-18882','2019-03-18'),(3976,'2018-01-01',3945,4030,'CVE-2018-18988','http://web.nvd.nist.gov/view/vuln/detail?vulnId=CVE-2018-18988','2019-02-01'),(3977,'2018-01-01',3913,4031,'CVE-2018-19004','http://web.nvd.nist.gov/view/vuln/detail?vulnId=CVE-2018-19004','2019-02-01'),(3978,'2018-01-01',3870,4032,'CVE-2018-19002','http://web.nvd.nist.gov/view/vuln/detail?vulnId=CVE-2018-19002','2019-02-05'),(3979,'2018-01-01',3945,4033,'CVE-2018-19029','http://web.nvd.nist.gov/view/vuln/detail?vulnId=CVE-2018-19029','2019-02-05'),(3980,'2018-01-01',3945,4034,'CVE-2018-18986','http://web.nvd.nist.gov/view/vuln/detail?vulnId=CVE-2018-18986','2019-02-05'),(3981,'2018-01-01',3857,4035,'CVE-2018-18990','http://web.nvd.nist.gov/view/vuln/detail?vulnId=CVE-2018-18990','2019-02-05'),(3982,'2018-01-01',3945,4036,'CVE-2018-18994','http://web.nvd.nist.gov/view/vuln/detail?vulnId=CVE-2018-18994','2019-03-27'),(3983,'2018-01-01',4052,4037,'CVE-2018-18992','http://web.nvd.nist.gov/view/vuln/detail?vulnId=CVE-2018-18992','2019-02-05'),(3984,'2018-01-01',3945,4038,'CVE-2018-18996','http://web.nvd.nist.gov/view/vuln/detail?vulnId=CVE-2018-18996','2019-02-05'),(3985,'2018-01-01',3945,4039,'CVE-2018-18998','http://web.nvd.nist.gov/view/vuln/detail?vulnId=CVE-2018-18998','2019-02-05'),(3986,'2018-01-01',3857,4040,'CVE-2018-19000','http://web.nvd.nist.gov/view/vuln/detail?vulnId=CVE-2018-19000','2019-02-05'),(3987,'2018-01-01',4056,4041,'CVE-2018-19021','http://web.nvd.nist.gov/view/vuln/detail?vulnId=CVE-2018-19021','2019-01-25'),(3988,'2018-01-01',3927,4042,'CVE-2018-19027','http://web.nvd.nist.gov/view/vuln/detail?vulnId=CVE-2018-19027','2019-01-30'),(3989,'2018-01-01',3972,4043,'CVE-2018-19009','http://web.nvd.nist.gov/view/vuln/detail?vulnId=CVE-2018-19009','2019-01-25'),(3990,'2018-01-01',4059,4044,'CVE-2018-18985','http://web.nvd.nist.gov/view/vuln/detail?vulnId=CVE-2018-18985','2019-01-31'),(3991,'2018-01-01',3870,4045,'CVE-2018-7817','http://web.nvd.nist.gov/view/vuln/detail?vulnId=CVE-2018-7817','2019-02-06'),(3992,'2018-01-01',3860,4046,'CVE-2018-7835','http://web.nvd.nist.gov/view/vuln/detail?vulnId=CVE-2018-7835','2018-12-24'),(3993,'2018-01-01',4062,4047,'CVE-2018-7836','http://web.nvd.nist.gov/view/vuln/detail?vulnId=CVE-2018-7836','2018-12-24'),(3994,'2018-01-01',3860,4048,'CVE-2018-7837','http://web.nvd.nist.gov/view/vuln/detail?vulnId=CVE-2018-7837','2018-12-24'),(3995,'2018-01-01',4064,4049,'CVE-2018-7839','http://web.nvd.nist.gov/view/vuln/detail?vulnId=CVE-2018-7839','2019-02-06'),(3996,'2018-01-01',4065,4050,'CVE-2018-7832','http://web.nvd.nist.gov/view/vuln/detail?vulnId=CVE-2018-7832','2018-12-24'),(3997,'2018-01-01',3865,4051,'CVE-2018-16196','http://web.nvd.nist.gov/view/vuln/detail?vulnId=CVE-2018-16196','2019-01-09'),(3998,'2018-01-01',4067,4052,'CVE-2018-19023','http://web.nvd.nist.gov/view/vuln/detail?vulnId=CVE-2018-19023','2019-01-31'),(3999,'2018-01-01',3927,4053,'CVE-2018-19005','http://web.nvd.nist.gov/view/vuln/detail?vulnId=CVE-2018-19005','2018-12-20'),(4000,'2018-01-01',4069,4054,'CVE-2018-7797','http://web.nvd.nist.gov/view/vuln/detail?vulnId=CVE-2018-7797','2018-12-17'),(4001,'2018-01-01',3865,4055,'CVE-2018-18981','http://web.nvd.nist.gov/view/vuln/detail?vulnId=CVE-2018-18981','2019-01-24'),(4002,'2018-01-01',3869,4056,'CVE-2018-18995','http://web.nvd.nist.gov/view/vuln/detail?vulnId=CVE-2018-18995','2019-01-03'),(4003,'2018-01-01',3910,4057,'CVE-2018-18997','http://web.nvd.nist.gov/view/vuln/detail?vulnId=CVE-2018-18997','2019-01-03'),(4004,'2018-01-01',3945,4058,'CVE-2018-18999','http://web.nvd.nist.gov/view/vuln/detail?vulnId=CVE-2018-18999','2018-12-19'),(4005,'2018-01-01',3869,4059,'CVE-2018-10612','http://web.nvd.nist.gov/view/vuln/detail?vulnId=CVE-2018-10612','2019-01-29'),(4006,'2018-01-01',3871,4060,'CVE-2018-20025','http://web.nvd.nist.gov/view/vuln/detail?vulnId=CVE-2018-20025','2019-02-19'),(4007,'2018-01-01',4076,4061,'CVE-2018-20026','http://web.nvd.nist.gov/view/vuln/detail?vulnId=CVE-2018-20026','2019-02-19'),(4008,'2018-01-01',3917,4062,'CVE-2018-13816','http://web.nvd.nist.gov/view/vuln/detail?vulnId=CVE-2018-13816','2018-12-12'),(4009,'2018-01-01',3966,4063,'CVE-2018-17928','http://web.nvd.nist.gov/view/vuln/detail?vulnId=CVE-2018-17928','2019-01-31'),(4010,'2018-01-01',4079,4064,'CVE-2018-17926','http://web.nvd.nist.gov/view/vuln/detail?vulnId=CVE-2018-17926','2019-01-31'),(4011,'2018-01-01',4080,4065,'CVE-2018-18984','http://web.nvd.nist.gov/view/vuln/detail?vulnId=CVE-2018-18984','2018-12-14'),(4012,'2018-01-01',3870,4066,'CVE-2018-7813','http://web.nvd.nist.gov/view/vuln/detail?vulnId=CVE-2018-7813','2019-02-06'),(4013,'2018-01-01',3870,4067,'CVE-2018-7815','http://web.nvd.nist.gov/view/vuln/detail?vulnId=CVE-2018-7815','2019-02-06'),(4014,'2018-01-01',3870,4068,'CVE-2018-7814','http://web.nvd.nist.gov/view/vuln/detail?vulnId=CVE-2018-7814','2019-02-06'),(4015,'2018-01-01',3865,4069,'CVE-2018-11451','http://web.nvd.nist.gov/view/vuln/detail?vulnId=CVE-2018-11451','2019-03-22'),(4016,'2018-01-01',3997,4070,'CVE-2018-11452','http://web.nvd.nist.gov/view/vuln/detail?vulnId=CVE-2018-11452','2019-03-22'),(4017,'2018-01-01',3879,4071,'CVE-2018-19007','http://web.nvd.nist.gov/view/vuln/detail?vulnId=CVE-2018-19007','2018-12-14'),(4018,'2018-01-01',4087,4072,'CVE-2018-19003','http://web.nvd.nist.gov/view/vuln/detail?vulnId=CVE-2018-19003','2018-12-14'),(4019,'2018-01-01',3974,4073,'CVE-2018-6690','http://web.nvd.nist.gov/view/vuln/detail?vulnId=CVE-2018-6690','2018-09-18'),(4020,'2018-01-01',4089,4074,'CVE-2018-19001','http://web.nvd.nist.gov/view/vuln/detail?vulnId=CVE-2018-19001','2018-12-07'),(4021,'2018-01-01',4090,4075,'CVE-2018-15362','http://web.nvd.nist.gov/view/vuln/detail?vulnId=CVE-2018-15362','2018-12-07'),(4022,'2018-01-01',3907,4076,'CVE-2018-17924','http://web.nvd.nist.gov/view/vuln/detail?vulnId=CVE-2018-17924','2018-12-07'),(4023,'2018-01-01',3927,4077,'CVE-2018-18993','http://web.nvd.nist.gov/view/vuln/detail?vulnId=CVE-2018-18993','2018-12-04'),(4024,'2018-01-01',4093,4078,'CVE-2018-18989','http://web.nvd.nist.gov/view/vuln/detail?vulnId=CVE-2018-18989','2018-12-04'),(4025,'2018-01-01',3888,4079,'CVE-2018-18991','http://web.nvd.nist.gov/view/vuln/detail?vulnId=CVE-2018-18991','2018-12-04'),(4026,'2018-01-01',4052,4080,'CVE-2018-18987','http://web.nvd.nist.gov/view/vuln/detail?vulnId=CVE-2018-18987','2018-11-30'),(4027,'2018-01-01',4052,4081,'CVE-2018-18983','http://web.nvd.nist.gov/view/vuln/detail?vulnId=CVE-2018-18983','2018-11-30'),(4028,'2018-01-01',4097,4082,'CVE-2018-7799','http://web.nvd.nist.gov/view/vuln/detail?vulnId=CVE-2018-7799','2018-11-02'),(4029,'2018-01-01',3868,4083,'CVE-2018-17930','http://web.nvd.nist.gov/view/vuln/detail?vulnId=CVE-2018-17930','2018-11-28'),(4030,'2018-01-01',4099,4084,'CVE-2018-7798','http://web.nvd.nist.gov/view/vuln/detail?vulnId=CVE-2018-7798','2018-11-02'),(4031,'2018-01-01',4100,4085,'CVE-2018-4858','http://web.nvd.nist.gov/view/vuln/detail?vulnId=CVE-2018-4858','2018-12-13'),(4032,'2018-01-01',3865,4086,'CVE-2018-16556','http://web.nvd.nist.gov/view/vuln/detail?vulnId=CVE-2018-16556','2019-05-14'),(4033,'2018-01-01',4102,4087,'CVE-2018-16557','http://web.nvd.nist.gov/view/vuln/detail?vulnId=CVE-2018-16557','2019-05-14'),(4034,'2018-01-01',3994,4088,'CVE-2018-13814','http://web.nvd.nist.gov/view/vuln/detail?vulnId=CVE-2018-13814','2018-12-13'),(4035,'2018-01-01',4104,4089,'CVE-2018-16555','http://web.nvd.nist.gov/view/vuln/detail?vulnId=CVE-2018-16555','2018-12-13'),(4036,'2018-01-01',3906,4090,'CVE-2018-13815','http://web.nvd.nist.gov/view/vuln/detail?vulnId=CVE-2018-13815','2018-12-13'),(4037,'2018-01-01',4106,4091,'CVE-2018-13811','http://web.nvd.nist.gov/view/vuln/detail?vulnId=CVE-2018-13811','2018-12-13'),(4038,'2018-01-01',4107,4092,'CVE-2018-13804','https://nvd.nist.gov/vuln/detail/CVE-2018-13804','2018-12-13'),(4039,'2018-01-01',3860,4093,'CVE-2018-13812','https://web.nvd.nist.gov/view/vuln/detail?vulnId=CVE-2018-13812','2018-12-13'),(4040,'2018-01-01',4109,4094,'CVE-2018-13813','https://web.nvd.nist.gov/view/vuln/detail?vulnId=CVE-2018-13813','2018-12-13'),(4041,'2018-01-01',4079,4095,'CVE-2018-17906','http://web.nvd.nist.gov/view/vuln/detail?vulnId=CVE-2018-17906','2018-11-19'),(4042,'2018-01-01',3943,4096,'CVE-2018-18561','http://web.nvd.nist.gov/view/vuln/detail?vulnId=CVE-2018-18561','2018-11-20'),(4043,'2018-01-01',4112,4097,'CVE-2018-18562','http://web.nvd.nist.gov/view/vuln/detail?vulnId=CVE-2018-18562','2018-11-20'),(4044,'2018-01-01',4112,4098,'CVE-2018-18563','http://web.nvd.nist.gov/view/vuln/detail?vulnId=CVE-2018-18563','2018-11-20'),(4045,'2018-01-01',3982,4099,'CVE-2018-18564','http://web.nvd.nist.gov/view/vuln/detail?vulnId=CVE-2018-18564','2018-11-20'),(4046,'2018-01-01',4115,4100,'CVE-2018-18565','http://web.nvd.nist.gov/view/vuln/detail?vulnId=CVE-2018-18565','2018-11-20'),(4047,'2018-01-01',3869,4101,'CVE-2018-17916','http://web.nvd.nist.gov/view/vuln/detail?vulnId=CVE-2018-17916','2018-11-02'),(4048,'2018-01-01',3869,4102,'CVE-2018-17914','http://web.nvd.nist.gov/view/vuln/detail?vulnId=CVE-2018-17914','2018-11-02'),(4049,'2018-01-01',4097,4103,'CVE-2018-7799','http://web.nvd.nist.gov/view/vuln/detail?vulnId=CVE-2018-7799','2018-11-02'),(4050,'2018-01-01',3917,4104,'CVE-2018-17918','http://web.nvd.nist.gov/view/vuln/detail?vulnId=CVE-2018-17918','2018-11-02'),(4051,'2018-01-01',3917,4105,'CVE-2018-17922','http://web.nvd.nist.gov/view/vuln/detail?vulnId=CVE-2018-17922','2018-11-02'),(4052,'2018-01-01',3860,4106,'CVE-2018-17912','http://web.nvd.nist.gov/view/vuln/detail?vulnId=CVE-2018-17912','2018-11-02'),(4053,'2018-01-01',4122,4107,'CVE-2018-14825','http://web.nvd.nist.gov/view/vuln/detail?vulnId=CVE-2018-14825','2018-09-24'),(4054,'2018-01-01',3888,4108,'CVE-2018-17904','http://web.nvd.nist.gov/view/vuln/detail?vulnId=CVE-2018-17904','2018-10-25'),(4055,'2018-01-01',4032,4109,'CVE-2018-17908','http://web.nvd.nist.gov/view/vuln/detail?vulnId=CVE-2018-17908','2018-10-29'),(4056,'2018-01-01',3870,4110,'CVE-2018-17910','http://web.nvd.nist.gov/view/vuln/detail?vulnId=CVE-2018-17910','2018-10-29'),(4057,'2018-01-01',3869,4111,'CVE-2018-14816','http://web.nvd.nist.gov/view/vuln/detail?vulnId=CVE-2018-14816','2018-10-23'),(4058,'2018-01-01',3865,4112,'CVE-2018-14820','http://web.nvd.nist.gov/view/vuln/detail?vulnId=CVE-2018-14820','2018-10-23'),(4059,'2018-01-01',4097,4113,'CVE-2018-14828','http://web.nvd.nist.gov/view/vuln/detail?vulnId=CVE-2018-14828','2018-10-23'),(4060,'2018-01-01',3869,4114,'CVE-2018-14806','http://web.nvd.nist.gov/view/vuln/detail?vulnId=CVE-2018-14806','2018-10-23'),(4061,'2018-01-01',4130,4115,'CVE-2018-17903','http://web.nvd.nist.gov/view/vuln/detail?vulnId=CVE-2018-17903','2018-10-24'),(4062,'2018-01-01',4131,4116,'CVE-2018-17921','http://web.nvd.nist.gov/view/vuln/detail?vulnId=CVE-2018-17921','2018-10-24'),(4063,'2018-01-01',4132,4117,'CVE-2018-17923','http://web.nvd.nist.gov/view/vuln/detail?vulnId=CVE-2018-17923','2018-10-24'),(4064,'2018-01-01',4067,4118,'CVE-2018-17935','http://web.nvd.nist.gov/view/vuln/detail?vulnId=CVE-2018-17935','2018-10-24'),(4065,'2018-01-01',4134,4119,'CVE-2018-17905','http://web.nvd.nist.gov/view/vuln/detail?vulnId=CVE-2018-17905','2018-11-05'),(4066,'2018-01-01',4135,4120,'CVE-2018-17907','http://web.nvd.nist.gov/view/vuln/detail?vulnId=CVE-2018-17907','2018-11-05'),(4067,'2018-01-01',4134,4121,'CVE-2018-17909','http://web.nvd.nist.gov/view/vuln/detail?vulnId=CVE-2018-17909','2018-11-05'),(4068,'2018-01-01',4042,4122,'CVE-2018-17913','http://web.nvd.nist.gov/view/vuln/detail?vulnId=CVE-2018-17913','2018-11-05'),(4069,'2018-01-01',3896,4123,'CVE-2018-17893','http://web.nvd.nist.gov/view/vuln/detail?vulnId=CVE-2018-17893','2018-10-16'),(4070,'2018-01-01',3945,4124,'CVE-2018-17895','http://web.nvd.nist.gov/view/vuln/detail?vulnId=CVE-2018-17895','2018-10-16'),(4071,'2018-01-01',3896,4125,'CVE-2018-17897','http://web.nvd.nist.gov/view/vuln/detail?vulnId=CVE-2018-17897','2018-10-16'),(4072,'2018-01-01',4052,4126,'CVE-2018-17899','http://web.nvd.nist.gov/view/vuln/detail?vulnId=CVE-2018-17899','2018-10-16'),(4073,'2018-01-01',4142,4127,'CVE-2018-17901','http://web.nvd.nist.gov/view/vuln/detail?vulnId=CVE-2018-17901','2018-10-16'),(4074,'2018-01-01',3870,4128,'CVE-2018-17911','http://web.nvd.nist.gov/view/vuln/detail?vulnId=CVE-2018-17911','2018-10-16'),(4075,'2018-01-01',3917,4129,'CVE-2018-1149','http://web.nvd.nist.gov/view/vuln/detail?vulnId=CVE-2018-1149','2018-09-19'),(4076,'2018-01-01',3917,4130,'CVE-2018-1150','http://web.nvd.nist.gov/view/vuln/detail?vulnId=CVE-2018-1150','2018-09-19'),(4077,'2018-01-01',3869,4131,'CVE-2018-17888','http://web.nvd.nist.gov/view/vuln/detail?vulnId=CVE-2018-17888','2018-10-12'),(4078,'2018-01-01',3869,4132,'CVE-2018-17890','http://web.nvd.nist.gov/view/vuln/detail?vulnId=CVE-2018-17890','2018-10-12'),(4079,'2018-01-01',3859,4133,'CVE-2018-17892','http://web.nvd.nist.gov/view/vuln/detail?vulnId=CVE-2018-17892','2018-10-12'),(4080,'2018-01-01',3869,4134,'CVE-2018-17894','http://web.nvd.nist.gov/view/vuln/detail?vulnId=CVE-2018-17894','2018-10-12'),(4081,'2018-01-01',3861,4135,'CVE-2018-17934','http://web.nvd.nist.gov/view/vuln/detail?vulnId=CVE-2018-17934','2018-11-27'),(4082,'2018-01-01',4151,4136,'CVE-2018-17936','http://web.nvd.nist.gov/view/vuln/detail?vulnId=CVE-2018-17936','2018-11-27'),(4083,'2018-01-01',4151,4137,'CVE-2018-18982','http://web.nvd.nist.gov/view/vuln/detail?vulnId=CVE-2018-18982','2018-11-27'),(4084,'2018-01-01',3927,4138,'CVE-2018-17929','http://web.nvd.nist.gov/view/vuln/detail?vulnId=CVE-2018-17929','2018-10-11'),(4085,'2018-01-01',3927,4139,'CVE-2018-17927','http://web.nvd.nist.gov/view/vuln/detail?vulnId=CVE-2018-17927','2018-10-11'),(4086,'2018-01-01',4142,4140,'CVE-2018-17925','http://web.nvd.nist.gov/view/vuln/detail?vulnId=CVE-2018-17925','2018-10-10'),(4087,'2017-01-01',3885,4141,'CVE-2017-13099','http://web.nvd.nist.gov/view/vuln/detail?vulnId=CVE-2017-13099','2017-12-12'),(4088,'2018-01-01',3859,4142,'CVE-2018-13801','http://web.nvd.nist.gov/view/vuln/detail?vulnId=CVE-2018-13801','2018-10-10'),(4089,'2018-01-01',3879,4143,'CVE-2018-13802','http://web.nvd.nist.gov/view/vuln/detail?vulnId=CVE-2018-13802','2018-10-10'),(4090,'2018-01-01',3919,4144,'CVE-2018-13800','http://web.nvd.nist.gov/view/vuln/detail?vulnId=CVE-2018-13800','2018-10-10'),(4091,'2018-01-01',3906,4145,'CVE-2018-13805','http://web.nvd.nist.gov/view/vuln/detail?vulnId=CVE-2018-13805','2019-03-21'),(4092,'2018-01-01',3857,4146,'CVE-2018-17917','http://web.nvd.nist.gov/view/vuln/detail?vulnId=CVE-2018-17917','2018-10-10'),(4093,'2018-01-01',3884,4147,'CVE-2018-17919','http://web.nvd.nist.gov/view/vuln/detail?vulnId=CVE-2018-17919','2018-10-10'),(4094,'2018-01-01',3863,4148,'CVE-2018-17915','http://web.nvd.nist.gov/view/vuln/detail?vulnId=CVE-2018-17915','2018-10-10'),(4095,'2018-01-01',3868,4149,'CVE-2018-14812','http://web.nvd.nist.gov/view/vuln/detail?vulnId=CVE-2018-14812','2018-10-24'),(4096,'2018-01-01',4165,4150,'CVE-2018-17891','http://web.nvd.nist.gov/view/vuln/detail?vulnId=CVE-2018-17891','2018-10-04'),(4097,'2018-01-01',4031,4151,'CVE-2018-10624','http://web.nvd.nist.gov/view/vuln/detail?vulnId=CVE-2018-10624','2018-08-01'),(4098,'2018-01-01',3869,4152,'CVE-2018-14818','http://web.nvd.nist.gov/view/vuln/detail?vulnId=CVE-2018-14818','2018-10-08'),(4099,'2018-01-01',3957,4153,'CVE-2018-14810','http://web.nvd.nist.gov/view/vuln/detail?vulnId=CVE-2018-14810','2018-10-08'),(4100,'2018-01-01',4169,4154,'CVE-2018-17889','http://web.nvd.nist.gov/view/vuln/detail?vulnId=CVE-2018-17889','2018-10-08'),(4101,'2018-01-01',4170,4155,'CVE-2018-14814','http://web.nvd.nist.gov/view/vuln/detail?vulnId=CVE-2018-14814','2019-03-27'),(4102,'2018-01-01',4142,4156,'CVE-2018-14800','http://web.nvd.nist.gov/view/vuln/detail?vulnId=CVE-2018-14800','2018-10-03'),(4103,'2017-01-01',4122,4157,'CVE-2017-7908','http://web.nvd.nist.gov/view/vuln/detail?vulnId=CVE-2017-7908','2018-10-02'),(4104,'2018-01-01',3869,4158,'CVE-2018-14826','http://web.nvd.nist.gov/view/vuln/detail?vulnId=CVE-2018-14826','2018-10-02'),(4105,'2018-01-01',4174,4159,'CVE-2018-14822','http://web.nvd.nist.gov/view/vuln/detail?vulnId=CVE-2018-14822','2018-10-02'),(4106,'2018-01-01',3857,4160,'CVE-2018-14788','http://web.nvd.nist.gov/view/vuln/detail?vulnId=CVE-2018-14788','2018-10-01'),(4107,'2018-01-01',3869,4161,'CVE-2018-14794','http://web.nvd.nist.gov/view/vuln/detail?vulnId=CVE-2018-14794','2018-10-01'),(4108,'2018-01-01',3869,4162,'CVE-2018-14790','http://web.nvd.nist.gov/view/vuln/detail?vulnId=CVE-2018-14790','2018-10-01'),(4109,'2018-01-01',3857,4163,'CVE-2018-14798','http://web.nvd.nist.gov/view/vuln/detail?vulnId=CVE-2018-14798','2018-10-01'),(4110,'2018-01-01',3869,4164,'CVE-2018-14802','http://web.nvd.nist.gov/view/vuln/detail?vulnId=CVE-2018-14802','2018-10-01'),(4111,'2018-01-01',4170,4165,'CVE-2018-14824','http://web.nvd.nist.gov/view/vuln/detail?vulnId=CVE-2018-14824','2018-09-27'),(4112,'2018-01-01',3865,4166,'CVE-2018-14796','http://web.nvd.nist.gov/view/vuln/detail?vulnId=CVE-2018-14796','2018-09-20'),(4113,'2018-01-01',3917,4167,'CVE-2018-14829','http://web.nvd.nist.gov/view/vuln/detail?vulnId=CVE-2018-14829','2018-09-20'),(4114,'2018-01-01',3865,4168,'CVE-2018-14821','http://web.nvd.nist.gov/view/vuln/detail?vulnId=CVE-2018-14821','2018-09-20'),(4115,'2018-01-01',3907,4169,'CVE-2018-14827','http://web.nvd.nist.gov/view/vuln/detail?vulnId=CVE-2018-14827','2018-09-20'),(4116,'2018-01-01',4052,4170,'CVE-2018-14792','http://web.nvd.nist.gov/view/vuln/detail?vulnId=CVE-2018-14792','2018-09-19'),(4117,'2018-01-01',4122,4171,'CVE-2018-14825','http://web.nvd.nist.gov/view/vuln/detail?vulnId=CVE-2018-14825','2018-09-24'),(4118,'2018-01-01',3945,4172,'CVE-2018-14809','http://web.nvd.nist.gov/view/vuln/detail?vulnId=CVE-2018-14809','2018-09-26'),(4119,'2018-01-01',3945,4173,'CVE-2018-14811','http://web.nvd.nist.gov/view/vuln/detail?vulnId=CVE-2018-14811','2018-09-26'),(4120,'2018-01-01',3945,4174,'CVE-2018-14813','http://web.nvd.nist.gov/view/vuln/detail?vulnId=CVE-2018-14813','2018-09-26'),(4121,'2018-01-01',3945,4175,'CVE-2018-14815','http://web.nvd.nist.gov/view/vuln/detail?vulnId=CVE-2018-14815','2018-09-26'),(4122,'2018-01-01',3945,4176,'CVE-2018-14817','http://web.nvd.nist.gov/view/vuln/detail?vulnId=CVE-2018-14817','2018-09-26'),(4123,'2018-01-01',3945,4177,'CVE-2018-14819','http://web.nvd.nist.gov/view/vuln/detail?vulnId=CVE-2018-14819','2018-09-26'),(4124,'2018-01-01',3945,4178,'CVE-2018-14823','http://web.nvd.nist.gov/view/vuln/detail?vulnId=CVE-2018-14823','2018-09-26'),(4125,'2018-01-01',3870,4179,'CVE-2018-10637','http://web.nvd.nist.gov/view/vuln/detail?vulnId=CVE-2018-10637','2018-09-13'),(4126,'2018-01-01',3868,4180,'CVE-2018-13806','http://web.nvd.nist.gov/view/vuln/detail?vulnId=CVE-2018-13806','2018-09-12'),(4127,'2018-01-01',3892,4181,'CVE-2018-13799','http://web.nvd.nist.gov/view/vuln/detail?vulnId=CVE-2018-13799','2018-09-12'),(4128,'2018-01-01',3907,4182,'CVE-2018-13807','http://web.nvd.nist.gov/view/vuln/detail?vulnId=CVE-2018-13807','2018-09-12'),(4129,'2017-01-01',4198,4183,'CVE-2017-14026','http://web.nvd.nist.gov/view/vuln/detail?vulnId=CVE-2017-14026','2018-09-06'),(4130,'2017-01-01',3890,4184,'CVE-2017-16714','http://web.nvd.nist.gov/view/vuln/detail?vulnId=CVE-2017-16714','2018-09-06'),(4131,'2018-01-01',4032,4185,'CVE-2018-14807','http://web.nvd.nist.gov/view/vuln/detail?vulnId=CVE-2018-14807','2018-10-18'),(4132,'2018-01-01',4201,4186,'CVE-2018-8850','http://web.nvd.nist.gov/view/vuln/detail?vulnId=CVE-2018-8850','2018-09-26'),(4133,'2018-01-01',4201,4187,'CVE-2018-8846','http://web.nvd.nist.gov/view/vuln/detail?vulnId=CVE-2018-8846','2018-09-26'),(4134,'2018-01-01',3857,4188,'CVE-2018-14803','http://web.nvd.nist.gov/view/vuln/detail?vulnId=CVE-2018-14803','2018-09-26'),(4135,'2018-01-01',4201,4189,'CVE-2018-8848','http://web.nvd.nist.gov/view/vuln/detail?vulnId=CVE-2018-8848','2018-09-26'),(4136,'2018-01-01',3860,4190,'CVE-2018-8842','http://web.nvd.nist.gov/view/vuln/detail?vulnId=CVE-2018-8842','2018-09-26'),(4137,'2018-01-01',3902,4191,'CVE-2018-8844','http://web.nvd.nist.gov/view/vuln/detail?vulnId=CVE-2018-8844','2018-09-26'),(4138,'2018-01-01',4207,4192,'CVE-2018-8852','http://web.nvd.nist.gov/view/vuln/detail?vulnId=CVE-2018-8852','2018-09-26'),(4139,'2018-01-01',3865,4193,'CVE-2018-8854','http://web.nvd.nist.gov/view/vuln/detail?vulnId=CVE-2018-8854','2018-09-26'),(4140,'2018-01-01',3869,4194,'CVE-2018-8856','http://web.nvd.nist.gov/view/vuln/detail?vulnId=CVE-2018-8856','2018-09-26'),(4141,'2014-01-01',3869,4195,'CVE-2014-9222','http://web.nvd.nist.gov/view/vuln/detail?vulnId=CVE-2014-9222','2014-12-24'),(4142,'2018-01-01',4211,4196,'CVE-2018-7789','http://web.nvd.nist.gov/view/vuln/detail?vulnId=CVE-2018-7789','2018-08-29'),(4143,'2018-01-01',4212,4197,'CVE-2018-7795','http://web.nvd.nist.gov/view/vuln/detail?vulnId=CVE-2018-7795','2018-08-30'),(4144,'2018-01-01',3869,4198,'CVE-2018-14805','https://nvd.nist.gov/vuln/detail/CVE-2018-14805','2018-08-29'),(4145,'2018-01-01',4214,4199,'CVE-2018-14786','http://web.nvd.nist.gov/view/vuln/detail?vulnId=CVE-2018-14786','2018-08-23'),(4146,'1999-01-01',4215,4200,'CVE-1999-0103','http://web.nvd.nist.gov/view/vuln/detail?vulnId=CVE-1999-0103','1996-02-08'),(4147,'2018-01-01',4216,4201,'CVE-2018-0651','http://web.nvd.nist.gov/view/vuln/detail?vulnId=CVE-2018-0651','2019-01-09'),(4148,'2018-01-01',4217,4202,'CVE-2018-14799','http://web.nvd.nist.gov/view/vuln/detail?vulnId=CVE-2018-14799','2018-08-22'),(4149,'2018-01-01',4218,4203,'CVE-2018-14801','http://web.nvd.nist.gov/view/vuln/detail?vulnId=CVE-2018-14801','2018-08-22'),(4150,'2017-01-01',4033,4204,'CVE-2017-16744','https://nvd.nist.gov/vuln/detail/CVE-2017-16744','2018-08-20'),(4151,'2017-01-01',4034,4205,'CVE-2017-16748','https://nvd.nist.gov/vuln/detail/CVE-2017-16748','2018-08-20'),(4152,'2018-01-01',4221,4206,'CVE-2018-14787','http://web.nvd.nist.gov/view/vuln/detail?vulnId=CVE-2018-14787','2018-08-22'),(4153,'2018-01-01',4222,4207,'CVE-2018-14789','http://web.nvd.nist.gov/view/vuln/detail?vulnId=CVE-2018-14789','2018-08-22'),(4154,'2018-01-01',3870,4208,'CVE-2018-11453','http://web.nvd.nist.gov/view/vuln/detail?vulnId=CVE-2018-11453','2018-10-10'),(4155,'2018-01-01',4224,4209,'CVE-2018-11454','http://web.nvd.nist.gov/view/vuln/detail?vulnId=CVE-2018-11454','2018-10-10'),(4156,'2017-01-01',3885,4210,'CVE-2017-3737','http://web.nvd.nist.gov/view/vuln/detail?vulnId=CVE-2017-3737','2017-12-07'),(4157,'2018-01-01',3957,4211,'CVE-2018-11455','http://web.nvd.nist.gov/view/vuln/detail?vulnId=CVE-2018-11455','2018-08-07'),(4158,'2018-01-01',3857,4212,'CVE-2018-11456','http://web.nvd.nist.gov/view/vuln/detail?vulnId=CVE-2018-11456','2018-08-07'),(4159,'2018-01-01',3869,4213,'CVE-2018-11228','http://web.nvd.nist.gov/view/vuln/detail?vulnId=CVE-2018-11228','2018-06-07'),(4160,'2018-01-01',3869,4214,'CVE-2018-11229','http://web.nvd.nist.gov/view/vuln/detail?vulnId=CVE-2018-11229','2018-06-07'),(4161,'2018-01-01',3869,4215,'CVE-2018-10630','https://nvd.nist.gov/vuln/detail/CVE-2018-10630','2018-08-10'),(4162,'2018-01-01',3859,4216,'CVE-2018-13341','http://web.nvd.nist.gov/view/vuln/detail?vulnId=CVE-2018-13341','2018-08-10'),(4163,'2018-01-01',3860,4217,'CVE-2018-14782','http://web.nvd.nist.gov/view/vuln/detail?vulnId=CVE-2018-14782','2018-08-10'),(4164,'2018-01-01',3869,4218,'CVE-2018-14783','http://web.nvd.nist.gov/view/vuln/detail?vulnId=CVE-2018-14783','2018-08-10'),(4165,'2018-01-01',3869,4219,'CVE-2018-14784','http://web.nvd.nist.gov/view/vuln/detail?vulnId=CVE-2018-14784','2018-08-10'),(4166,'2018-01-01',3860,4220,'CVE-2018-14785','http://web.nvd.nist.gov/view/vuln/detail?vulnId=CVE-2018-14785','2018-08-10'),(4167,'2018-01-01',4236,4221,'CVE-2018-10626','http://web.nvd.nist.gov/view/vuln/detail?vulnId=CVE-2018-10626','2018-08-10'),(4168,'2018-01-01',4237,4222,'CVE-2018-10622','http://web.nvd.nist.gov/view/vuln/detail?vulnId=CVE-2018-10622','2018-08-10'),(4169,'2018-01-01',4238,4223,'CVE-2018-10634','http://web.nvd.nist.gov/view/vuln/detail?vulnId=CVE-2018-10634','2018-08-13'),(4170,'2018-01-01',4239,4224,'CVE-2018-14781','http://web.nvd.nist.gov/view/vuln/detail?vulnId=CVE-2018-14781','2018-08-13'),(4171,'2018-01-01',3957,4225,'CVE-2018-10636','https://cve.mitre.org/cgi-bin/cvename.cgi?name=2018-10636',NULL),(4172,'2018-01-01',4241,4226,'CVE-2018-10598','https://cve.mitre.org/cgi-bin/cvename.cgi?name=2018-10598',NULL),(4173,'2018-01-01',3869,4227,'CVE-2018-10618','http://web.nvd.nist.gov/view/vuln/detail?vulnId=CVE-2018-10618','2018-08-01'),(4174,'2018-01-01',4031,4228,'CVE-2018-10624','http://web.nvd.nist.gov/view/vuln/detail?vulnId=CVE-2018-10624','2018-08-01'),(4175,'2018-01-01',3957,4229,'CVE-2018-10602','https://cve.mitre.org/cgi-bin/cvename.cgi?name=2018-10602',NULL),(4176,'2018-01-01',3957,4230,'CVE-2018-10606','https://cve.mitre.org/cgi-bin/cvename.cgi?name=2018-10606',NULL),(4177,'2018-01-01',3957,4231,'CVE-2018-10610','https://cve.mitre.org/cgi-bin/cvename.cgi?name=2018-10610',NULL),(4178,'2018-01-01',4247,4232,'CVE-2018-10614','https://cve.mitre.org/cgi-bin/cvename.cgi?name=2018-10614',NULL),(4179,'2015-01-01',3888,4233,'CVE-2015-9251','http://web.nvd.nist.gov/view/vuln/detail?vulnId=CVE-2015-9251','2018-01-18'),(4180,'2015-01-01',3869,4234,'CVE-2015-8277','http://web.nvd.nist.gov/view/vuln/detail?vulnId=CVE-2015-8277','2016-02-23'),(4181,'2018-01-01',3869,4235,'CVE-2018-10620','http://web.nvd.nist.gov/view/vuln/detail?vulnId=CVE-2018-10620','2018-07-19'),(4182,'2018-01-01',3869,4236,'CVE-2018-10628','http://web.nvd.nist.gov/view/vuln/detail?vulnId=CVE-2018-10628','2018-07-24'),(4183,'2018-01-01',3869,4237,'CVE-2018-10627','http://web.nvd.nist.gov/view/vuln/detail?vulnId=CVE-2018-10627','2018-07-24'),(4184,'2018-01-01',3869,4238,'CVE-2018-8859','http://web.nvd.nist.gov/view/vuln/detail?vulnId=CVE-2018-8859','2018-07-24'),(4185,'2018-01-01',3869,4239,'CVE-2018-8851','http://web.nvd.nist.gov/view/vuln/detail?vulnId=CVE-2018-8851','2018-07-24'),(4186,'2018-01-01',3869,4240,'CVE-2018-8855','http://web.nvd.nist.gov/view/vuln/detail?vulnId=CVE-2018-8855','2018-07-24'),(4187,'2018-01-01',3865,4241,'CVE-2018-10632','http://web.nvd.nist.gov/view/vuln/detail?vulnId=CVE-2018-10632','2018-07-24'),(4188,'2018-01-01',4042,4242,'CVE-2018-10616','http://web.nvd.nist.gov/view/vuln/detail?vulnId=CVE-2018-10616','2018-07-18'),(4189,'2018-01-01',4258,4243,'CVE-2018-12981','http://web.nvd.nist.gov/view/vuln/detail?vulnId=CVE-2018-12981','2018-07-12'),(4190,'2018-01-01',4258,4244,'CVE-2018-12980','http://web.nvd.nist.gov/view/vuln/detail?vulnId=CVE-2018-12980','2018-07-12'),(4191,'2018-01-01',3919,4245,'CVE-2018-12979','http://web.nvd.nist.gov/view/vuln/detail?vulnId=CVE-2018-12979','2018-07-12'),(4192,'2018-01-01',3896,4246,'CVE-2018-8847','http://web.nvd.nist.gov/view/vuln/detail?vulnId=CVE-2018-8847','2018-07-13'),(4193,'2018-01-01',3945,4247,'CVE-2018-10633','http://web.nvd.nist.gov/view/vuln/detail?vulnId=CVE-2018-10633','2018-07-11'),(4194,'2018-01-01',3869,4248,'CVE-2018-10635','http://web.nvd.nist.gov/view/vuln/detail?vulnId=CVE-2018-10635','2018-07-11'),(4195,'2018-01-01',4264,4249,'CVE-2018-10604','http://web.nvd.nist.gov/view/vuln/detail?vulnId=CVE-2018-10604','2018-07-24'),(4196,'2018-01-01',4265,4250,'CVE-2018-10600','http://web.nvd.nist.gov/view/vuln/detail?vulnId=CVE-2018-10600','2018-07-24'),(4197,'2018-01-01',4266,4251,'CVE-2018-10608','http://web.nvd.nist.gov/view/vuln/detail?vulnId=CVE-2018-10608','2018-07-24'),(4198,'2018-01-01',3907,4252,'CVE-2018-0228','http://web.nvd.nist.gov/view/vuln/detail?vulnId=CVE-2018-0228','2018-04-19'),(4199,'2018-01-01',4268,4253,'CVE-2018-0227','http://web.nvd.nist.gov/view/vuln/detail?vulnId=CVE-2018-0227','2018-04-19'),(4200,'2018-01-01',3907,4254,'CVE-2018-0231','http://web.nvd.nist.gov/view/vuln/detail?vulnId=CVE-2018-0231','2018-04-19'),(4201,'2018-01-01',3907,4255,'CVE-2018-0240','http://web.nvd.nist.gov/view/vuln/detail?vulnId=CVE-2018-0240','2018-04-19'),(4202,'2018-01-01',3907,4256,'CVE-2018-0296','http://web.nvd.nist.gov/view/vuln/detail?vulnId=CVE-2018-0296','2018-06-07'),(4203,'2018-01-01',4272,4257,'CVE-2018-8870','http://web.nvd.nist.gov/view/vuln/detail?vulnId=CVE-2018-8870','2018-07-02'),(4204,'2018-01-01',4273,4258,'CVE-2018-8868','http://web.nvd.nist.gov/view/vuln/detail?vulnId=CVE-2018-8868','2018-07-02'),(4205,'2018-01-01',3945,4259,'CVE-2018-10594','http://web.nvd.nist.gov/view/vuln/detail?vulnId=CVE-2018-10594','2018-06-26'),(4206,'2017-01-01',3907,4260,'CVE-2017-9312','https://nvd.nist.gov/vuln/detail/CVE-2017-9312','2018-06-25'),(4207,'2017-01-01',3865,4261,'CVE-2017-2852','http://web.nvd.nist.gov/view/vuln/detail?vulnId=CVE-2017-2852','2018-06-01'),(4208,'2017-01-01',3917,4262,'CVE-2017-2853','http://web.nvd.nist.gov/view/vuln/detail?vulnId=CVE-2017-2853','2018-04-05'),(4209,'2017-01-01',3865,4263,'CVE-2017-2858','http://web.nvd.nist.gov/view/vuln/detail?vulnId=CVE-2017-2858','2018-06-01'),(4210,'2017-01-01',3865,4264,'CVE-2017-2860','http://web.nvd.nist.gov/view/vuln/detail?vulnId=CVE-2017-2860','2018-06-01'),(4211,'2017-01-01',3865,4265,'CVE-2017-2861','http://web.nvd.nist.gov/view/vuln/detail?vulnId=CVE-2017-2861','2018-04-05'),(4212,'2017-01-01',4281,4266,'CVE-2017-2867','http://web.nvd.nist.gov/view/vuln/detail?vulnId=CVE-2017-2867','2018-04-05'),(4213,'2017-01-01',3917,4267,'CVE-2017-2868','http://web.nvd.nist.gov/view/vuln/detail?vulnId=CVE-2017-2868','2018-04-05'),(4214,'2017-01-01',3917,4268,'CVE-2017-2869','http://web.nvd.nist.gov/view/vuln/detail?vulnId=CVE-2017-2869','2018-04-05'),(4215,'2018-01-01',4131,4269,'CVE-2018-4833','http://web.nvd.nist.gov/view/vuln/detail?vulnId=CVE-2018-4833','2018-06-14'),(4216,'2018-01-01',3917,4270,'CVE-2018-7784','http://web.nvd.nist.gov/view/vuln/detail?vulnId=CVE-2018-7784','2018-07-03'),(4217,'2018-01-01',3917,4271,'CVE-2018-7785','http://web.nvd.nist.gov/view/vuln/detail?vulnId=CVE-2018-7785','2018-07-03'),(4218,'2018-01-01',3888,4272,'CVE-2018-7786','http://web.nvd.nist.gov/view/vuln/detail?vulnId=CVE-2018-7786','2018-07-03'),(4219,'2018-01-01',3857,4273,'CVE-2018-7787','http://web.nvd.nist.gov/view/vuln/detail?vulnId=CVE-2018-7787','2018-07-03'),(4220,'2018-01-01',4289,4274,'CVE-2018-4842','http://web.nvd.nist.gov/view/vuln/detail?vulnId=CVE-2018-4842','2018-06-14'),(4221,'2018-01-01',4290,4275,'CVE-2018-4848','http://web.nvd.nist.gov/view/vuln/detail?vulnId=CVE-2018-4848','2018-11-27'),(4222,'2018-01-01',4020,4276,'CVE-2018-10619','http://web.nvd.nist.gov/view/vuln/detail?vulnId=CVE-2018-10619','2018-06-07'),(4223,'2018-01-01',3982,4277,'CVE-2018-10597','http://web.nvd.nist.gov/view/vuln/detail?vulnId=CVE-2018-10597','2018-06-05'),(4224,'2018-01-01',4293,4278,'CVE-2018-10599','http://web.nvd.nist.gov/view/vuln/detail?vulnId=CVE-2018-10599','2018-06-05'),(4225,'2018-01-01',4115,4279,'CVE-2018-10601','http://web.nvd.nist.gov/view/vuln/detail?vulnId=CVE-2018-10601','2018-06-05'),(4226,'2017-01-01',3869,4280,'CVE-2017-7931','http://web.nvd.nist.gov/view/vuln/detail?vulnId=CVE-2017-7931','2018-06-06'),(4227,'2017-01-01',3957,4281,'CVE-2017-7906','http://web.nvd.nist.gov/view/vuln/detail?vulnId=CVE-2017-7906','2018-06-06'),(4228,'2017-01-01',3869,4282,'CVE-2017-7933','http://web.nvd.nist.gov/view/vuln/detail?vulnId=CVE-2017-7933','2018-06-06'),(4229,'2018-01-01',3945,4283,'CVE-2018-10623','http://web.nvd.nist.gov/view/vuln/detail?vulnId=CVE-2018-10623','2018-06-18'),(4230,'2018-01-01',3945,4284,'CVE-2018-10617','http://web.nvd.nist.gov/view/vuln/detail?vulnId=CVE-2018-10617','2018-06-18'),(4231,'2018-01-01',3945,4285,'CVE-2018-10621','http://web.nvd.nist.gov/view/vuln/detail?vulnId=CVE-2018-10621','2018-06-18'),(4232,'2018-01-01',3945,4286,'CVE-2018-10611','http://web.nvd.nist.gov/view/vuln/detail?vulnId=CVE-2018-10611','2018-06-04'),(4233,'2018-01-01',3857,4287,'CVE-2018-10613','http://web.nvd.nist.gov/view/vuln/detail?vulnId=CVE-2018-10613','2018-06-04'),(4234,'2018-01-01',4303,4288,'CVE-2018-10615','http://web.nvd.nist.gov/view/vuln/detail?vulnId=CVE-2018-10615','2018-06-04'),(4235,'2018-01-01',3869,4289,'CVE-2018-10592','http://web.nvd.nist.gov/view/vuln/detail?vulnId=CVE-2018-10592','2018-07-31'),(4236,'2018-01-01',3871,4290,'CVE-2018-17900','http://web.nvd.nist.gov/view/vuln/detail?vulnId=CVE-2018-17900','2018-10-12'),(4237,'2018-01-01',3906,4291,'CVE-2018-17902','http://web.nvd.nist.gov/view/vuln/detail?vulnId=CVE-2018-17902','2018-10-12'),(4238,'2018-01-01',4307,4292,'CVE-2018-17896','http://web.nvd.nist.gov/view/vuln/detail?vulnId=CVE-2018-17896','2018-10-12'),(4239,'2018-01-01',3906,4293,'CVE-2018-17898','http://web.nvd.nist.gov/view/vuln/detail?vulnId=CVE-2018-17898','2018-10-12'),(4240,'2018-01-01',3857,4294,'CVE-2018-7526','http://web.nvd.nist.gov/view/vuln/detail?vulnId=CVE-2018-7526','2018-05-24'),(4241,'2018-01-01',3860,4295,'CVE-2018-7518','http://web.nvd.nist.gov/view/vuln/detail?vulnId=CVE-2018-7518','2018-05-24'),(4242,'2018-01-01',3860,4296,'CVE-2018-7510','http://web.nvd.nist.gov/view/vuln/detail?vulnId=CVE-2018-7510','2018-06-06'),(4243,'2016-01-01',3869,4297,'CVE-2016-2177','http://web.nvd.nist.gov/view/vuln/detail?vulnId=CVE-2016-2177','2016-06-19'),(4244,'2016-01-01',4097,4298,'CVE-2016-10395','http://web.nvd.nist.gov/view/vuln/detail?vulnId=CVE-2016-10395','2017-06-15'),(4245,'2017-01-01',3888,4299,'CVE-2017-5571','http://web.nvd.nist.gov/view/vuln/detail?vulnId=CVE-2017-5571','2017-03-03'),(4246,'2018-01-01',4315,4300,'CVE-2018-10593','http://web.nvd.nist.gov/view/vuln/detail?vulnId=CVE-2018-10593','2018-05-24'),(4247,'2018-01-01',4316,4301,'CVE-2018-10595','http://web.nvd.nist.gov/view/vuln/detail?vulnId=CVE-2018-10595','2018-05-24'),(4248,'2018-01-01',4317,4302,'CVE-2018-10603','http://web.nvd.nist.gov/view/vuln/detail?vulnId=CVE-2018-10603','2018-07-31'),(4249,'2018-01-01',3859,4303,'CVE-2018-10605','http://web.nvd.nist.gov/view/vuln/detail?vulnId=CVE-2018-10605','2018-10-01'),(4250,'2018-01-01',4102,4304,'CVE-2018-10607','http://web.nvd.nist.gov/view/vuln/detail?vulnId=CVE-2018-10607','2018-07-31'),(4251,'2018-01-01',4069,4305,'CVE-2018-10609','http://web.nvd.nist.gov/view/vuln/detail?vulnId=CVE-2018-10609','2018-07-31'),(4252,'2018-01-01',4080,4306,'CVE-2018-8849','http://web.nvd.nist.gov/view/vuln/detail?vulnId=CVE-2018-8849','2018-05-18'),(4253,'2018-01-01',4322,4307,'CVE-2018-10631','http://web.nvd.nist.gov/view/vuln/detail?vulnId=CVE-2018-10631','2018-07-13'),(4254,'2018-01-01',3865,4308,'CVE-2018-8867','http://web.nvd.nist.gov/view/vuln/detail?vulnId=CVE-2018-8867','2018-05-18'),(4255,'2018-01-01',3881,4309,'CVE-2018-10730','http://web.nvd.nist.gov/view/vuln/detail?vulnId=CVE-2018-10730','2018-05-17'),(4256,'2018-01-01',3857,4310,'CVE-2018-10729','http://web.nvd.nist.gov/view/vuln/detail?vulnId=CVE-2017-10729','2017-07-05'),(4257,'2018-01-01',3863,4311,'CVE-2018-10728','http://web.nvd.nist.gov/view/vuln/detail?vulnId=CVE-2017-10728','2017-07-05'),(4258,'2018-01-01',4281,4312,'CVE-2018-10731','http://web.nvd.nist.gov/view/vuln/detail?vulnId=CVE-2017-10731','2017-07-05'),(4259,'2018-01-01',3865,4313,'CVE-2018-4850','http://web.nvd.nist.gov/view/vuln/detail?vulnId=CVE-2018-4850','2018-05-16'),(4260,'2018-01-01',3945,4314,'CVE-2018-8871','http://web.nvd.nist.gov/view/vuln/detail?vulnId=CVE-2018-8871','2018-05-25'),(4261,'2018-01-01',3857,4315,'CVE-2018-7501','http://web.nvd.nist.gov/view/vuln/detail?vulnId=CVE-2018-7501','2018-05-15'),(4262,'2018-01-01',3860,4316,'CVE-2018-10590','http://web.nvd.nist.gov/view/vuln/detail?vulnId=CVE-2018-10590','2018-05-15'),(4263,'2018-01-01',3869,4317,'CVE-2018-7505','http://web.nvd.nist.gov/view/vuln/detail?vulnId=CVE-2018-7505','2018-05-15'),(4264,'2018-01-01',3860,4318,'CVE-2018-7503','http://web.nvd.nist.gov/view/vuln/detail?vulnId=CVE-2018-7503','2018-05-15'),(4265,'2018-01-01',3869,4319,'CVE-2018-10589','http://web.nvd.nist.gov/view/vuln/detail?vulnId=CVE-2018-10589','2018-05-15'),(4266,'2018-01-01',3869,4320,'CVE-2018-7499','http://web.nvd.nist.gov/view/vuln/detail?vulnId=CVE-2018-7499','2018-05-15'),(4267,'2018-01-01',3869,4321,'CVE-2018-8845','http://web.nvd.nist.gov/view/vuln/detail?vulnId=CVE-2018-8845','2018-05-15'),(4268,'2018-01-01',3869,4322,'CVE-2018-7497','http://web.nvd.nist.gov/view/vuln/detail?vulnId=CVE-2018-7497','2018-05-15'),(4269,'2018-01-01',3865,4323,'CVE-2018-7495','http://web.nvd.nist.gov/view/vuln/detail?vulnId=CVE-2018-7495','2018-05-15'),(4270,'2018-01-01',4339,4324,'CVE-2018-10591','http://web.nvd.nist.gov/view/vuln/detail?vulnId=CVE-2018-10591','2018-05-15'),(4271,'2018-01-01',4032,4325,'CVE-2018-8841','http://web.nvd.nist.gov/view/vuln/detail?vulnId=CVE-2018-8841','2018-05-15'),(4272,'2018-01-01',4341,4326,'CVE-2018-8714','https://nvd.nist.gov/vuln/detail/CVE-2018-8714','2018-05-17'),(4273,'2018-01-01',4342,4327,'CVE-2018-8843','http://web.nvd.nist.gov/view/vuln/detail?vulnId=CVE-2018-8843','2019-02-13'),(4274,'2017-01-01',4343,4328,'CVE-2017-13754','http://web.nvd.nist.gov/view/vuln/detail?vulnId=CVE-2017-13754','2017-09-07'),(4275,'2015-01-01',3869,4329,'CVE-2015-8277','http://web.nvd.nist.gov/view/vuln/detail?vulnId=CVE-2015-8277','2016-02-23'),(4276,'2018-01-01',4345,4330,'CVE-2018-6020','http://web.nvd.nist.gov/view/vuln/detail?vulnId=CVE-2018-6020','2018-05-09'),(4277,'2018-01-01',4346,4331,'CVE-2018-6021','http://web.nvd.nist.gov/view/vuln/detail?vulnId=CVE-2018-6021','2018-05-09'),(4278,'2017-01-01',3865,4332,'CVE-2017-12741','https://nvd.nist.gov/vuln/detail/CVE-2017-12741','2019-04-17'),(4279,'2017-01-01',4030,4333,'CVE-2017-2680','https://nvd.nist.gov/vuln/detail/CVE-2017-2680','2018-03-06'),(4280,'2018-01-01',3863,4334,'CVE-2018-7891','http://web.nvd.nist.gov/view/vuln/detail?vulnId=CVE-2018-7891','2018-04-30'),(4281,'2018-01-01',4350,4335,'CVE-2018-4849','http://web.nvd.nist.gov/view/vuln/detail?vulnId=CVE-2018-4849','2018-05-03'),(4282,'2018-01-01',4351,4336,'CVE-2018-8853','http://web.nvd.nist.gov/view/vuln/detail?vulnId=CVE-2018-8853','2018-05-04'),(4283,'2018-01-01',4351,4337,'CVE-2018-8861','http://web.nvd.nist.gov/view/vuln/detail?vulnId=CVE-2018-8861','2018-05-04'),(4284,'2018-01-01',4032,4338,'CVE-2018-8857','http://web.nvd.nist.gov/view/vuln/detail?vulnId=CVE-2018-8857','2018-05-04'),(4285,'2018-01-01',3869,4339,'CVE-2018-8869','http://web.nvd.nist.gov/view/vuln/detail?vulnId=CVE-2018-8869','2018-05-04'),(4286,'2018-01-01',3869,4340,'CVE-2018-8865','http://web.nvd.nist.gov/view/vuln/detail?vulnId=CVE-2018-8865','2018-05-04'),(4287,'2018-01-01',4356,4341,'CVE-2018-8839','http://web.nvd.nist.gov/view/vuln/detail?vulnId=CVE-2018-8839','2018-04-30'),(4288,'2018-01-01',4217,4342,'CVE-2018-7527','https://nvd.nist.gov/vuln/detail/CVE-2018-7527','2018-04-26'),(4289,'2018-01-01',3966,4343,'CVE-2018-8866','https://nvd.nist.gov/vuln/detail/CVE-2018-8866','2018-05-09'),(4290,'2018-01-01',3943,4344,'CVE-2018-8860','https://nvd.nist.gov/vuln/detail/CVE-2018-8860','2018-05-09'),(4291,'2018-01-01',3859,4345,'CVE-2018-17933','http://web.nvd.nist.gov/view/vuln/detail?vulnId=CVE-2018-17933','2018-10-30'),(4292,'2018-01-01',4017,4346,'CVE-2018-17931','http://web.nvd.nist.gov/view/vuln/detail?vulnId=CVE-2018-17931','2018-10-30'),(4293,'2018-01-01',4362,4347,'CVE-2018-8858','http://web.nvd.nist.gov/view/vuln/detail?vulnId=CVE-2018-8858','2018-10-30'),(4294,'2018-01-01',4363,4348,'CVE-2018-3624','http://web.nvd.nist.gov/view/vuln/detail?vulnId=CVE-2018-3624','2018-04-05'),(4295,'2018-01-01',4052,4349,'CVE-2018-8833','http://web.nvd.nist.gov/view/vuln/detail?vulnId=CVE-2018-8833','2018-04-25'),(4296,'2018-01-01',4052,4350,'CVE-2018-8835','http://web.nvd.nist.gov/view/vuln/detail?vulnId=CVE-2018-8835','2018-04-25'),(4297,'2018-01-01',4052,4351,'CVE-2018-8837','http://web.nvd.nist.gov/view/vuln/detail?vulnId=CVE-2018-8837','2018-04-25'),(4298,'2018-01-01',4367,4352,'CVE-2018-4847','https://cve.mitre.org/cgi-bin/cvename.cgi?name=CVE-2018-4847',NULL),(4299,'2017-01-01',4131,4353,'CVE-2017-12712','https://nvd.nist.gov/vuln/detail/CVE-2017-12712','2018-04-25'),(4300,'2017-01-01',4369,4354,'CVE-2017-12714','https://nvd.nist.gov/vuln/detail/CVE-2017-12714','2018-04-25'),(4301,'2018-01-01',3869,4355,'CVE-2018-8840','http://web.nvd.nist.gov/view/vuln/detail?vulnId=CVE-2018-8840','2018-04-18'),(4302,'2018-01-01',4281,4356,'CVE-2018-8872','http://web.nvd.nist.gov/view/vuln/detail?vulnId=CVE-2018-8872','2018-05-04'),(4303,'2018-01-01',4372,4357,'CVE-2018-7522','http://web.nvd.nist.gov/view/vuln/detail?vulnId=CVE-2018-7522','2018-05-04'),(4304,'2018-01-01',3907,4358,'CVE-2018-0158','http://web.nvd.nist.gov/view/vuln/detail?vulnId=CVE-2018-0158','2018-03-28'),(4305,'2018-01-01',3869,4359,'CVE-2018-0151','http://web.nvd.nist.gov/view/vuln/detail?vulnId=CVE-2018-0151','2018-03-28'),(4306,'2018-01-01',3966,4360,'CVE-2018-0167','http://web.nvd.nist.gov/view/vuln/detail?vulnId=CVE-2018-0167','2018-04-19'),(4307,'2018-01-01',3966,4361,'CVE-2018-0175','http://web.nvd.nist.gov/view/vuln/detail?vulnId=CVE-2018-0175','2018-04-19'),(4308,'2019-01-01',4377,4362,'CVE-2019-10967','http://web.nvd.nist.gov/view/vuln/detail?vulnId=CVE-2019-10967','2019-05-28'),(4309,'2019-01-01',4378,4363,'CVE-2019-10965','http://web.nvd.nist.gov/view/vuln/detail?vulnId=CVE-2019-10965','2019-05-28');
/*!40000 ALTER TABLE `cve` ENABLE KEYS */;
UNLOCK TABLES;

--
-- Temporary table structure for view `cve_by_icscert`
--

DROP TABLE IF EXISTS `cve_by_icscert`;
/*!50001 DROP VIEW IF EXISTS `cve_by_icscert`*/;
SET @saved_cs_client     = @@character_set_client;
SET character_set_client = utf8;
/*!50001 CREATE TABLE `cve_by_icscert` (
  `cve` tinyint NOT NULL,
  `icscert` tinyint NOT NULL
) ENGINE=MyISAM */;
SET character_set_client = @saved_cs_client;

--
-- Temporary table structure for view `cve_by_sfp1`
--

DROP TABLE IF EXISTS `cve_by_sfp1`;
/*!50001 DROP VIEW IF EXISTS `cve_by_sfp1`*/;
SET @saved_cs_client     = @@character_set_client;
SET character_set_client = utf8;
/*!50001 CREATE TABLE `cve_by_sfp1` (
  `sfp1` tinyint NOT NULL,
  `cve` tinyint NOT NULL
) ENGINE=MyISAM */;
SET character_set_client = @saved_cs_client;

--
-- Temporary table structure for view `cve_by_sfp2`
--

DROP TABLE IF EXISTS `cve_by_sfp2`;
/*!50001 DROP VIEW IF EXISTS `cve_by_sfp2`*/;
SET @saved_cs_client     = @@character_set_client;
SET character_set_client = utf8;
/*!50001 CREATE TABLE `cve_by_sfp2` (
  `sfp2` tinyint NOT NULL,
  `cve` tinyint NOT NULL
) ENGINE=MyISAM */;
SET character_set_client = @saved_cs_client;

--
-- Table structure for table `cvss`
--

DROP TABLE IF EXISTS `cvss`;
/*!40101 SET @saved_cs_client     = @@character_set_client */;
/*!40101 SET character_set_client = utf8 */;
CREATE TABLE `cvss` (
  `id` smallint(5) unsigned NOT NULL AUTO_INCREMENT,
  `AV` varchar(1) DEFAULT NULL,
  `AC` varchar(1) DEFAULT NULL,
  `PR` varchar(1) DEFAULT NULL,
  `UI` varchar(1) DEFAULT NULL,
  `S` varchar(1) DEFAULT NULL,
  `C` varchar(1) DEFAULT NULL,
  `I` varchar(1) DEFAULT NULL,
  `A` varchar(1) DEFAULT NULL,
  `score` decimal(3,1) DEFAULT NULL,
  PRIMARY KEY (`id`),
  UNIQUE KEY `UC_cvss` (`AV`,`AC`,`PR`,`UI`,`S`,`C`,`I`,`A`)
) ENGINE=InnoDB AUTO_INCREMENT=4379 DEFAULT CHARSET=utf8;
/*!40101 SET character_set_client = @saved_cs_client */;

--
-- Dumping data for table `cvss`
--

LOCK TABLES `cvss` WRITE;
/*!40000 ALTER TABLE `cvss` DISABLE KEYS */;
INSERT INTO `cvss` VALUES (3856,'N','H','N','R','U','L','L','L',5.0),(3857,'N','L','N','N','U','L','N','N',5.3),(3858,'N','L','N','R','U','L','L','N',5.4),(3859,'N','L','L','N','U','H','H','H',8.8),(3860,'N','L','N','N','U','H','N','N',7.5),(3861,'N','L','L','N','U','H','N','N',6.5),(3862,'N','L','L','N','U','L','L','L',6.3),(3863,'N','H','N','N','U','H','H','H',8.1),(3865,'N','L','N','N','U','N','N','H',7.5),(3866,'A','L','N','N','U','L','L','N',5.4),(3867,'L','L','N','R','U','N','N','L',3.3),(3868,'L','L','L','R','U','H','H','H',7.3),(3869,'N','L','N','N','U','H','H','H',9.8),(3870,'L','L','N','R','U','H','H','H',7.8),(3871,'N','L','N','N','U','H','H','L',9.4),(3879,'N','L','H','N','U','H','H','H',7.2),(3880,'N','H','N','R','U','H','L','L',6.4),(3881,'N','L','H','N','C','H','H','H',9.1),(3884,'N','L','N','N','U','L','L','N',6.5),(3885,'N','H','N','N','U','H','N','N',5.9),(3886,'N','L','L','R','C','L','L','N',5.4),(3888,'N','L','N','R','C','L','L','N',6.1),(3890,'N','L','N','N','U','H','L','L',8.6),(3891,'N','L','N','N','U','L','H','L',8.6),(3892,'N','L','N','N','U','N','H','H',9.1),(3896,'N','H','N','N','U','L','L','L',5.6),(3899,'N','H','H','N','U','H','L','H',6.2),(3902,'N','H','N','R','U','N','H','H',6.8),(3903,'N','L','H','N','C','L','N','N',4.1),(3905,'A','L','L','R','U','L','L','N',4.1),(3906,'N','L','N','N','U','N','N','L',5.3),(3907,'N','L','N','N','C','N','N','H',8.6),(3910,'N','L','N','R','C','L','L','L',7.1),(3913,'L','L','N','R','U','L','N','N',3.3),(3917,'N','L','N','N','C','H','H','H',10.0),(3919,'N','H','N','R','U','H','H','H',7.5),(3922,'N','L','L','N','U','L','H','H',8.3),(3924,'N','L','L','N','U','N','N','L',4.3),(3927,'L','L','N','R','U','L','L','H',6.6),(3928,'N','H','N','N','C','N','N','H',6.8),(3929,'A','L','N','N','C','N','N','H',7.4),(3939,'N','H','N','N','C','L','N','L',5.4),(3940,'N','L','L','N','C','H','H','H',9.9),(3942,'A','L','N','N','C','N','H','H',9.3),(3943,'A','L','N','N','U','H','N','N',6.5),(3944,'L','L','H','R','U','H','H','H',6.5),(3945,'N','L','N','N','U','L','L','L',7.3),(3955,'N','L','L','N','C','H','L','N',8.5),(3957,'N','L','N','R','U','H','H','H',9.6),(3966,'A','L','N','N','U','H','H','H',8.8),(3967,'L','L','L','N','U','H','N','N',5.5),(3969,'L','H','L','R','U','H','H','H',6.7),(3970,'L','L','H','N','U','N','H','H',6.0),(3971,'L','H','H','R','C','H','H','H',7.2),(3972,'L','L','L','N','U','L','N','N',3.3),(3973,'L','L','L','N','U','L','L','L',5.3),(3974,'L','L','L','N','U','H','H','N',7.1),(3975,'L','L','L','N','C','L','N','N',3.8),(3976,'L','H','H','R','U','N','N','H',4.0),(3977,'L','L','N','R','U','L','N','L',4.4),(3982,'A','H','N','N','C','H','H','H',8.3),(3983,'N','L','H','R','C','L','L','N',4.8),(3985,'L','L','N','N','C','L','N','N',4.3),(3986,'L','L','N','N','C','H','H','H',9.3),(3990,'L','L','H','N','U','H','H','H',6.7),(3992,'N','L','N','N','U','H','N','H',3.2),(3994,'N','L','N','R','U','N','L','N',3.2),(3997,'N','H','N','N','U','N','N','H',0.0),(4006,'N','L','N','R','C','H','H','H',9.6),(4008,'N','L','H','N','U','N','N','H',4.9),(4009,'A','L','N','R','C','H','H','H',8.8),(4016,'N','L','L','N','C','L','L','N',6.4),(4017,'P','L','N','N','U','H','H','H',6.8),(4020,'L','L','L','N','C','H','H','H',8.8),(4026,'N','L','N','N','U','H','L','N',8.2),(4030,'A','L','N','N','U','N','N','H',6.5),(4031,'A','L','N','N','U','L','N','N',4.3),(4032,'L','L','N','N','U','H','H','H',8.4),(4033,'N','H','H','N','U','H','H','H',0.0),(4034,'L','H','N','N','U','H','H','H',7.4),(4036,'L','H','L','R','U','N','L','H',5.0),(4041,'L','L','L','R','U','L','N','N',2.8),(4042,'L','H','N','R','U','H','H','H',7.0),(4044,'N','L','L','N','U','L','L','H',7.6),(4052,'N','L','N','R','U','L','L','L',6.3),(4056,'A','L','N','N','C','L','L','H',8.8),(4059,'N','L','L','R','U','H','N','N',5.7),(4062,'N','L','N','R','C','H','H','N',9.3),(4064,'L','L','N','N','U','H','N','N',6.2),(4065,'N','L','L','R','C','H','H','H',9.0),(4067,'A','L','N','R','U','L','H','H',7.6),(4069,'N','L','N','R','C','N','H','N',7.4),(4076,'N','L','N','N','C','L','N','N',9.4),(4079,'A','L','N','N','U','L','L','L',6.3),(4080,'P','L','N','N','U','H','N','N',4.6),(4087,'A','L','N','N','C','H','N','N',7.4),(4089,'P','L','N','N','U','L','L','N',3.5),(4090,'N','L','N','N','U','L','N','H',8.2),(4093,'L','H','N','R','U','L','L','H',5.8),(4097,'L','L','L','N','U','H','H','H',7.8),(4099,'N','L','N','N','U','N','H','L',8.2),(4100,'N','H','N','R','U','L','L','N',4.2),(4102,'N','L','N','N','U','N','L','H',8.2),(4104,'N','H','N','R','C','L','L','N',4.7),(4106,'L','L','N','N','U','L','N','N',4.0),(4107,'N','H','N','N','U','H','H','L',7.7),(4109,'N','L','N','R','U','N','H','N',6.5),(4112,'A','H','N','N','C','N','H','H',8.0),(4115,'A','H','N','N','C','H','L','H',8.2),(4122,'N','L','N','R','U','L','L','H',7.6),(4130,'A','L','N','N','U','L','H','H',8.3),(4131,'A','H','N','N','U','H','H','H',7.5),(4132,'P','H','H','N','U','H','H','H',6.1),(4134,'L','H','N','R','U','L','L','L',4.5),(4135,'L','H','N','R','U','L','N','N',2.5),(4142,'L','L','N','R','U','L','L','L',5.3),(4151,'N','L','L','N','U','H','H','N',8.1),(4165,'N','H','N','N','U','L','N','N',3.7),(4169,'N','H','N','R','U','H','N','N',5.3),(4170,'N','L','N','R','U','L','N','N',4.3),(4174,'N','L','N','N','U','H','H','N',9.1),(4198,'N','L','N','N','U','H','L','.',8.6),(4201,'N','L','N','R','U','L','H','N',7.1),(4207,'N','H','H','R','U','H','H','H',6.4),(4211,'N','H','N','N','U','N','L','L',4.8),(4212,'N','L','N','R','C','H','L','N',8.2),(4214,'N','L','N','N','U','L','H','H',9.4),(4215,'A','L','L','N','U','N','N','H',5.7),(4216,'N','L','N','N','U','L','L','H',8.6),(4217,'L','L','N','N','U','L','L','L',5.9),(4218,'P','L','H','R','U','H','H','H',6.1),(4221,'L','L','L','N','U','L','H','H',7.3),(4222,'L','L','H','N','U','L','L','L',4.2),(4224,'L','L','N','R','C','H','H','H',8.6),(4236,'A','H','L','N','C','L','L','N',4.4),(4237,'P','H','N','N','C','H','N','N',4.9),(4238,'A','H','N','R','U','H','N','N',4.8),(4239,'A','H','N','N','U','N','H','N',5.3),(4241,'N','L','N','R','U','L','N','H',4.3),(4247,'N','L','N','R','U','H','N','N',6.5),(4258,'N','L','L','R','U','H','H','H',8.0),(4264,'L','L','L','R','C','H','H','H',8.2),(4265,'N','L','N','R','C','H','N','L',8.2),(4266,'N','L','N','R','U','N','N','H',6.5),(4268,'N','L','N','N','U','N','H','N',7.5),(4272,'P','H','N','N','U','H','H','H',6.4),(4273,'P','H','L','N','C','H','L','L',6.2),(4281,'N','H','N','N','C','H','H','H',9.0),(4289,'N','H','L','R','C','L','L','L',5.5),(4290,'N','H','N','R','C','L','L','L',5.8),(4293,'A','H','N','N','U','H','L','L',6.4),(4303,'N','L','L','N','U','L','N','N',4.3),(4307,'N','L','N','R','U','H','H','L',8.3),(4315,'A','H','H','R','U','N','H','H',5.6),(4316,'A','H','H','R','U','H','H','H',6.3),(4317,'N','L','N','N','C','H','H','L',10.0),(4322,'P','H','N','R','U','H','H','H',0.0),(4339,'N','H','N','R','C','H','N','N',6.1),(4341,'L','L','L','R','C','H','N','L',6.7),(4342,'L','L','N','R','U','N','N','H',5.5),(4343,'L','H','N','R','C','N','L','N',2.7),(4345,'N','L','N','N','U','N','L','L',6.5),(4346,'N','L','L','N','C','L','L','L',7.4),(4350,'N','H','N','N','U','L','L','N',4.8),(4351,'L','L','L','R','U','H','L','L',6.1),(4356,'L','L','N','R','U','N','H','H',7.1),(4362,'A','L','N','N','C','L','N','N',4.7),(4363,'A','H','N','N','C','H','H','L',8.2),(4367,'P','H','L','N','U','H','N','N',4.0),(4369,'A','H','N','N','U','N','N','H',5.3),(4372,'L','L','H','N','C','N','H','H',7.9),(4377,'N','L','L','R','U','L','H','N',6.3),(4378,'N','L','L','R','U','L','H','L',6.8);
/*!40000 ALTER TABLE `cvss` ENABLE KEYS */;
UNLOCK TABLES;

--
-- Table structure for table `cwe`
--

DROP TABLE IF EXISTS `cwe`;
/*!40101 SET @saved_cs_client     = @@character_set_client */;
/*!40101 SET character_set_client = utf8 */;
CREATE TABLE `cwe` (
  `id` smallint(5) unsigned NOT NULL AUTO_INCREMENT,
  `cweLink` char(255) DEFAULT NULL,
  `cweAbstraction` text DEFAULT NULL,
  `cweStructure` text DEFAULT NULL,
  `cweSFP2Cluster` smallint(5) unsigned NOT NULL,
  `name` char(255) NOT NULL,
  PRIMARY KEY (`id`),
  KEY `fk_cwe_cwesfp2cluster` (`cweSFP2Cluster`),
  CONSTRAINT `fk_cwe_cwesfp2cluster` FOREIGN KEY (`cweSFP2Cluster`) REFERENCES `sfp2` (`id`)
) ENGINE=InnoDB AUTO_INCREMENT=4364 DEFAULT CHARSET=utf8;
/*!40101 SET character_set_client = @saved_cs_client */;

--
-- Dumping data for table `cwe`
--

LOCK TABLES `cwe` WRITE;
/*!40000 ALTER TABLE `cwe` DISABLE KEYS */;
INSERT INTO `cwe` VALUES (3841,'https://cwe.mitre.org/data/definitions/352.html','Compound','Composite',3894,'CWE-352'),(3842,'https://cwe.mitre.org/data/definitions/203.html','Class','Simple',3895,'CWE-203'),(3843,'https://cwe.mitre.org/data/definitions/79.html','Base','Simple',3896,'CWE-79'),(3844,'https://cwe.mitre.org/data/definitions/77.html','Class','Simple',3896,'CWE-77'),(3845,'https://cwe.mitre.org/data/definitions/540.html','Variant','Simple',3898,'CWE-540'),(3846,'https://cwe.mitre.org/data/definitions/321.html','Base','Simple',3899,'CWE-321'),(3847,'https://cwe.mitre.org/data/definitions/89.html','Base','Simple',3896,'CWE-89'),(3848,'https://cwe.mitre.org/data/definitions/288.html','Base','Simple',3901,'CWE-288'),(3849,'https://cwe.mitre.org/data/definitions/326.html','Class','Simple',3902,'CWE-326'),(3850,'https://cwe.mitre.org/data/definitions/400.html','Class','Simple',3903,'CWE-400'),(3851,'https://cwe.mitre.org/data/definitions/330.html','Class','Simple',3894,'CWE-330'),(3852,'https://cwe.mitre.org/data/definitions/125.html','Base','Simple',3905,'CWE-125'),(3853,'https://cwe.mitre.org/data/definitions/426.html','Base','Simple',3894,'CWE-426'),(3854,'https://cwe.mitre.org/data/definitions/306.html','Variant','Simple',3907,'CWE-306'),(3855,'https://cwe.mitre.org/data/definitions/502.html','Variant','Simple',3908,'CWE-502'),(3856,'https://cwe.mitre.org/data/definitions/306.html','Variant','Simple',3907,'CWE-306'),(3857,'https://cwe.mitre.org/data/definitions/231.html','Variant','Simple',3910,'CWE-231'),(3858,'https://cwe.mitre.org/data/definitions/256.html','Variant','Simple',3898,'CWE-256'),(3859,'https://cwe.mitre.org/data/definitions/400.html','Class','Simple',3903,'CWE-400'),(3860,'https://cwe.mitre.org/data/definitions/20.html','Class','Simple',3908,'CWE-20'),(3861,'https://cwe.mitre.org/data/definitions/77.html','Class','Simple',3896,'CWE-77'),(3862,'https://cwe.mitre.org/data/definitions/200.html','Class','Simple',3898,'CWE-200'),(3863,'https://cwe.mitre.org/data/definitions/200.html','Class','Simple',3898,'CWE-200'),(3864,'https://cwe.mitre.org/data/definitions/77.html','Class','Simple',3896,'CWE-77'),(3865,'https://cwe.mitre.org/data/definitions/79.html','Base','Simple',3896,'CWE-79'),(3866,'https://cwe.mitre.org/data/definitions/89.html','Base','Simple',3896,'CWE-89'),(3867,'https://cwe.mitre.org/data/definitions/248.html','Base','Simple',3920,'CWE-248'),(3868,'https://cwe.mitre.org/data/definitions/749.html','Base','Simple',3921,'CWE-749'),(3869,'https://cwe.mitre.org/data/definitions/798.html','Base','Simple',3894,'CWE-798'),(3870,'https://cwe.mitre.org/data/definitions/522.html','Base','Simple',3898,'CWE-522'),(3871,'https://cwe.mitre.org/data/definitions/79.html','Base','Simple',3896,'CWE-79'),(3872,'https://cwe.mitre.org/data/definitions/798','Base','Simple',3894,'CWE-798'),(3873,'https://cwe.mitre.org/data/definitions/79.html','Base','Simple',3896,'CWE-79'),(3874,'https://cwe.mitre.org/data/definitions/89.html','Base','Simple',3896,'CWE-89'),(3875,'https://cwe.mitre.org/data/definitions/311.html','Base','Simple',3898,'CWE-311'),(3876,'https://cwe.mitre.org/data/definitions/94.html','Class','Simple',3929,'CWE-94'),(3877,'https://cwe.mitre.org/data/definitions/121.html','Variant','Simple',3905,'CWE-121'),(3878,'https://cwe.mitre.org/data/definitions/427.html','Base','Simple',3929,'CWE-427'),(3879,'https://cwe.mitre.org/data/definitions/427.html','Base','Simple',3929,'CWE-427'),(3880,'https://cwe.mitre.org/data/definitions/798.html','Base','Simple',3894,'CWE-798'),(3881,'https://cwe.mitre.org/data/definitions/284.html','Class','Simple',3934,'CWE-284'),(3882,'https://cwe.mitre.org/data/definitions/284.html','Class','Simple',3934,'CWE-284'),(3883,'https://cwe.mitre.org/data/definitions/78.html','Base','Simple',3896,'CWE-78'),(3884,'https://cwe.mitre.org/data/definitions/798.html','Base','Simple',3894,'CWE-798'),(3885,'https://cwe.mitre.org/data/definitions/434.html','Base','Simple',3894,'CWE-434'),(3886,'https://cwe.mitre.org/data/definitions/79.html','Base','Simple',3896,'CWE-79'),(3887,'https://cwe.mitre.org/data/definitions/352.html','Compound','Composite',3894,'CWE-352'),(3888,'https://cwe.mitre.org/data/definitions/200.html','Class','Simple',3898,'CWE-200'),(3889,'https://cwe.mitre.org/data/definitions/311.html','Base','Simple',3898,'CWE-311'),(3890,'https://cwe.mitre.org/data/definitions/79.html','Base','Simple',3896,'CWE-79'),(3891,'https://cwe.mitre.org/data/definitions/400.html','Class','Simple',3903,'CWE-400'),(3892,'https://cwe.mitre.org/data/definitions/121.html','Variant','Simple',3905,'CWE-121'),(3893,'https://cwe.mitre.org/data/definitions/400.html','Class','Simple',3903,'CWE-400'),(3894,'https://cwe.mitre.org/data/definitions/284.html','Class','Simple',3934,'CWE-284'),(3895,'https://cwe.mitre.org/data/definitions/601.html','Variant','Simple',3896,'CWE-601'),(3896,'https://cwe.mitre.org/data/definitions/121.html','Variant','Simple',3905,'CWE-121'),(3897,'https://cwe.mitre.org/data/definitions/122.html','Variant','Simple',3905,'CWE-122'),(3898,'https://cwe.mitre.org/data/definitions/125.html','Base','Simple',3905,'CWE-125'),(3899,'https://cwe.mitre.org/data/definitions/798.html','Base','Simple',3894,'CWE-798'),(3900,'https://cwe.mitre.org/data/definitions/400.html','Class','Simple',3903,'CWE-400'),(3901,'http://cwe.mitre.org/data/definitions/400.html','Class','Simple',3903,'CWE-400'),(3902,'https://cwe.mitre.org/data/definitions/77.html','Class','Simple',3896,'CWE-77'),(3903,'https://cwe.mitre.org/data/definitions/248.html','Base','Simple',3920,'CWE-248'),(3904,'https://cwe.mitre.org/data/definitions/131.html','Base','Simple',3957,'CWE-131'),(3905,'https://cwe.mitre.org/data/definitions/125.html','Base','Simple',3905,'CWE-125'),(3906,'https://cwe.mitre.org/data/definitions/121.html','Variant','Simple',3905,'CWE-121'),(3907,'https://cwe.mitre.org/data/definitions/280.html','Base','Simple',3920,'CWE-280'),(3908,'https://cwe.mitre.org/data/definitions/415.html','Variant','Simple',3961,'CWE-415'),(3909,'https://cwe.mitre.org/data/definitions/125.html','Base','Simple',3905,'CWE-125'),(3910,'https://cwe.mitre.org/data/definitions/400.html','Class','Simple',3903,'CWE-400'),(3911,'https://cwe.mitre.org/data/definitions/125.html','Base','Simple',3905,'CWE-125'),(3912,'https://cwe.mitre.org/data/definitions/416.html','Base','Simple',3965,'CWE-416'),(3913,'https://cwe.mitre.org/data/definitions/400.html','Class','Simple',3903,'CWE-400'),(3914,'https://cwe.mitre.org/data/definitions/399.html','None','class',3894,'CWE-399'),(3915,'https://cwe.mitre.org/data/definitions/399.html','None','class',3894,'CWE-399'),(3916,'https://cwe.mitre.org/data/definitions/399.html','None','class',3894,'CWE-399'),(3917,'https://cwe.mitre.org/data/definitions/20.html','Class','Simple',3908,'CWE-20'),(3918,'https://cwe.mitre.org/data/definitions/399.html','None','class',3894,'CWE-399'),(3919,'https://cwe.mitre.org/data/definitions/20.html','Class','Simple',3908,'CWE-20'),(3920,'https://cwe.mitre.org/data/definitions/77.html','Class','Simple',3896,'CWE-77'),(3921,'https://cwe.mitre.org/data/definitions/121.html','Variant','Simple',3905,'CWE-121'),(3922,'https://cwe.mitre.org/data/definitions/284.html','Class','Simple',3934,'CWE-284'),(3923,'https://cwe.mitre.org/data/definitions/400.html','Class','Simple',3903,'CWE-400'),(3924,'https://cwe.mitre.org/data/definitions/440.html','Base','Simple',3977,'CWE-440'),(3925,'https://cwe.mitre.org/data/definitions/77.html','Class','Simple',3896,'CWE-77'),(3926,'https://cwe.mitre.org/data/definitions/306.html','Variant','Simple',3907,'CWE-306'),(3927,'https://cwe.mitre.org/data/definitions/284.html','Class','Simple',3934,'CWE-284'),(3928,'https://cwe.mitre.org/data/definitions/319.html','Variant','Simple',3898,'CWE-319'),(3929,'https://cwe.mitre.org/data/definitions/427.html','Base','Simple',3929,'CWE-427'),(3930,'https://cwe.mitre.org/data/definitions/79.html','Base','Simple',3896,'CWE-79'),(3931,'https://cwe.mitre.org/data/definitions/22.html','Class','Simple',3984,'CWE-22'),(3932,'https://cwe.mitre.org/data/definitions/287.html','Class','Simple',3901,'CWE-287'),(3933,'https://cwe.mitre.org/data/definitions/20.html','Class','Simple',3908,'CWE-20'),(3934,'https://cwe.mitre.org/data/definitions/94.html','Class','Simple',3929,'CWE-94'),(3935,'https://cwe.mitre.org/data/definitions/79.html','Base','Simple',3896,'CWE-79'),(3936,'https://cwe.mitre.org/data/definitions/787.html','Base','Simple',3894,'CWE-787'),(3937,'https://cwe.mitre.org/data/definitions/427.html','Base','Simple',3929,'CWE-427'),(3938,'https://cwe.mitre.org/data/definitions/22.html','Class','Simple',3984,'CWE-22'),(3939,'https://cwe.mitre.org/data/definitions/121.html','Variant','Simple',3905,'CWE-121'),(3940,'https://cwe.mitre.org/data/definitions/79.html','Base','Simple',3896,'CWE-79'),(3941,'https://cwe.mitre.org/data/definitions/120.html','Base','Simple',3905,'CWE-120'),(3942,'https://cwe.mitre.org/data/definitions/352.html','Compound','Composite',3894,'CWE-352'),(3943,'https://cwe.mitre.org/data/definitions/79.html','Base','Simple',3896,'CWE-79'),(3944,'https://cwe.mitre.org/data/definitions/284.html','Class','Simple',3934,'CWE-284'),(3945,'https://cwe.mitre.org/data/definitions/307.html','Base','Simple',3998,'CWE-307'),(3946,'https://cwe.mitre.org/data/definitions/311.html','Base','Simple',3898,'CWE-311'),(3947,'https://cwe.mitre.org/data/definitions/125.html','Base','Simple',3905,'CWE-125'),(3948,'https://cwe.mitre.org/data/definitions/256.html','Variant','Simple',3898,'CWE-256'),(3949,'https://cwe.mitre.org/data/definitions/341.html','Base','Simple',3894,'CWE-341'),(3950,'https://cwe.mitre.org/data/definitions/400.html','Class','Simple',3903,'CWE-400'),(3951,'https://cwe.mitre.org/data/definitions/287.html','Class','Simple',3901,'CWE-287'),(3952,'https://cwe.mitre.org/data/definitions/693.html','Class','Simple',3921,'CWE-693'),(3953,'https://cwe.mitre.org/data/definitions/693.html','Class','Simple',3921,'CWE-693'),(3954,'http://cwe.mitre.org/data/definitions/275.html','None','class',3894,'CWE-275'),(3955,'http://cwe.mitre.org/data/definitions/693.html','Class','Simple',3921,'CWE-693'),(3956,'http://cwe.mitre.org/data/definitions/693.html','Class','Simple',3921,'CWE-693'),(3957,'http://cwe.mitre.org/data/definitions/275.html','None','class',3894,'CWE-275'),(3958,'http://cwe.mitre.org/data/definitions/275.html','None','class',3894,'CWE-275'),(3959,'http://cwe.mitre.org/data/definitions/320.html','None','class',3894,'CWE-320'),(3960,'http://cwe.mitre.org/data/definitions/275.html','None','class',3894,'CWE-275'),(3961,'http://cwe.mitre.org/data/definitions/691.html','Class','Simple',4014,'CWE-691'),(3962,'https://cwe.mitre.org/data/definitions/125.html','Base','Simple',3905,'CWE-125'),(3963,'https://cwe.mitre.org/data/definitions/20.html','Class','Simple',3908,'CWE-20'),(3964,'https://cwe.mitre.org/data/definitions/79.html','Base','Simple',3896,'CWE-79'),(3965,'https://cwe.mitre.org/data/definitions/288.html','Base','Simple',3901,'CWE-288'),(3966,'https://cwe.mitre.org/data/definitions/288.html','Base','Simple',3901,'CWE-288'),(3967,'https://cwe.mitre.org/data/definitions/121.html','Variant','Simple',3905,'CWE-121'),(3968,'https://cwe.mitre.org/data/definitions/79.html','Base','Simple',3896,'CWE-79'),(3969,'https://cwe.mitre.org/data/definitions/20.html','Class','Simple',3908,'CWE-20'),(3970,'https://cwe.mitre.org/data/definitions/200.html','Class','Simple',3898,'CWE-200'),(3971,'https://cwe.mitre.org/data/definitions/787.html','Base','Simple',3894,'CWE-787'),(3972,'https://cwe.mitre.org/data/definitions/122.html','Variant','Simple',3905,'CWE-122'),(3973,'https://cwe.mitre.org/data/definitions/20.html','Class','Simple',3908,'CWE-20'),(3974,'https://cwe.mitre.org/data/definitions/310.html','None','class',3894,'CWE-310'),(3975,'https://cwe.mitre.org/data/definitions/119.html','Class','Simple',3905,'CWE-119'),(3976,'https://cwe.mitre.org/data/definitions/399.html','None','class',3894,'CWE-399'),(3977,'https://cwe.mitre.org/data/definitions/319.html','Variant','Simple',3898,'CWE-319'),(3978,'https://cwe.mitre.org/data/definitions/79.html','Base','Simple',3896,'CWE-79'),(3979,'https://cwe.mitre.org/data/definitions/352.html','Compound','Composite',3894,'CWE-352'),(3980,'https://cwe.mitre.org/data/definitions/248.html','Base','Simple',3920,'CWE-248'),(3981,'https://cwe.mitre.org/data/definitions/20.html','Class','Simple',3908,'CWE-20'),(3982,'https://cwe.mitre.org/data/definitions/20.html','Class','Simple',3908,'CWE-'),(3983,'https://cwe.mitre.org/data/definitions/306.html','Variant','Simple',3907,'CWE-306'),(3984,'https://cwe.mitre.org/data/definitions/99.html','Base','Simple',3896,'CWE-99'),(3985,'https://cwe.mitre.org/data/definitions/20.html','Class','Simple',3908,'CWE-20'),(3986,'https://cwe.mitre.org/data/definitions/122.html','Variant','Simple',3905,'CWE-122'),(3987,'https://cwe.mitre.org/data/definitions/121.html','Variant','Simple',3905,'CWE-121'),(3988,'https://cwe.mitre.org/data/definitions/119.html','Class','Simple',3905,'CWE-119'),(3989,'http://cwe.mitre.org/data/definitions/20.html','Class','Simple',3908,'CWE-20'),(3990,'http://cwe.mitre.org/data/definitions/20.html','Class','Simple',3908,'CWE-20'),(3991,'https://cwe.mitre.org/data/definitions/287.html','Class','Simple',3901,'CWE-287'),(3992,'https://cwe.mitre.org/data/definitions/306.html','Variant','Simple',3907,'CWE-306'),(3993,'https://cwe.mitre.org/data/definitions/20.html','Class','Simple',3908,'CWE-20'),(3994,'https://cwe.mitre.org/data/definitions/598.html','Variant','Simple',3898,'CWE-598'),(3995,'https://cwe.mitre.org/data/definitions/312.html','Variant','Simple',3898,'CWE-312'),(3996,'https://cwe.mitre.org/data/definitions/798','Base','Simple',3894,'CWE-798'),(3997,'https://cwe.mitre.org/data/definitions/326.html','Class','Simple',3902,'CWE-326'),(3998,'https://cwe.mitre.org/data/definitions/259.html','Base','Simple',3899,'CWE-259'),(3999,'https://cwe.mitre.org/data/definitions/798.html','Base','Simple',3894,'CWE-798'),(4000,'https://cwe.mitre.org/data/definitions/94.html','Class','Simple',3929,'CWE-94'),(4001,'https://cwe.mitre.org/data/definitions/89.html','Base','Simple',3896,'CWE-89'),(4002,'https://cwe.mitre.org/data/definitions/284.html','Class','Simple',3934,'CWE-284'),(4003,'https://cwe.mitre.org/data/definitions/434.html','Base','Simple',3894,'CWE-434'),(4004,'https://cwe.mitre.org/data/definitions/400.html','Class','Simple',3903,'CWE-400'),(4005,'https://cwe.mitre.org/data/definitions/522.html','Base','Simple',3898,'CWE-522'),(4006,'https://cwe.mitre.org/data/definitions/287.html','Class','Simple',3901,'CWE-287'),(4007,'https://cwe.mitre.org/data/definitions/288.html','Base','Simple',3901,'CWE-288'),(4008,'https://cwe.mitre.org/data/definitions/89.html','Base','Simple',3896,'CWE-89'),(4009,'https://cwe.mitre.org/data/definitions/352.html','Compound','Composite',3894,'CWE-352'),(4010,'https://cwe.mitre.org/data/definitions/307.html','Base','Simple',3998,'CWE-307'),(4011,'https://cwe.mitre.org/data/definitions/319.html','Variant','Simple',3898,'CWE-319'),(4012,'https://cwe.mitre.org/data/definitions/400.html','Class','Simple',3903,'CWE-400'),(4013,'https://cwe.mitre.org/data/definitions/922.html','Class','Simple',3894,'CWE-922'),(4014,'https://cwe.mitre.org/data/definitions/119.html','Class','Simple',3905,'CWE-119'),(4015,'https://cwe.mitre.org/data/definitions/20.html','Class','Simple',3908,'CWE-20'),(4016,'https://cwe.mitre.org/data/definitions/532.html','Variant','Simple',3898,'CWE-532'),(4017,'https://cwe.mitre.org/data/definitions/269.html','Class','Simple',3894,'CWE-269'),(4018,'https://cwe.mitre.org/data/definitions/22.html','Class','Simple',3984,'IMPROPER LIMITATION OF A PATHNAME TO A RESTRICTED DIRECTORY (‘PATH TRAVERSAL’CWE-22'),(4019,'https://cwe.mitre.org/data/definitions/287.html','Class','Simple',3901,'3.2.CWE-287'),(4020,'https://cwe.mitre.org/data/definitions/94.html','Class','Simple',3929,'CWE-94'),(4021,'https://cwe.mitre.org/data/definitions/77.html','Class','Simple',3896,'CWE-77'),(4022,'https://cwe.mitre.org/data/definitions/77.html','Class','Simple',3896,'CWE-77'),(4023,'https://cwe.mitre.org/data/definitions/416.html','Base','Simple',3965,'CWE-416'),(4024,'https://cwe.mitre.org/data/definitions/843.html','Base','Simple',3894,'CWE-843'),(4025,'https://cwe.mitre.org/data/definitions/824.html','Base','Simple',3894,'CWE-824'),(4026,'https://cwe.mitre.org/data/definitions/125.html','Base','Simple',3905,'CWE-125'),(4027,'https://cwe.mitre.org/data/definitions/20.html','Class','Simple',3908,'CWE-20'),(4028,'https://cwe.mitre.org/data/definitions/287.html','Class','Simple',3901,'CWE-287'),(4029,'https://cwe.mitre.org/data/definitions/79.html','Base','Simple',3896,'CWE-79'),(4030,'https://cwe.mitre.org/data/definitions/20.html','Class','Simple',3908,'CWE-20'),(4031,'https://cwe.mitre.org/data/definitions/125.html','Base','Simple',3905,'CWE-125'),(4032,'https://cwe.mitre.org/data/definitions/94.html','Class','Simple',3929,'CWE-94'),(4033,'https://cwe.mitre.org/data/definitions/822.html','Base','Simple',3894,'CWE-822'),(4034,'https://cwe.mitre.org/data/definitions/787.html','Base','Simple',3894,'CWE-787'),(4035,'https://cwe.mitre.org/data/definitions/23.html','Base','Simple',3984,'CWE-23'),(4036,'https://cwe.mitre.org/data/definitions/125.html','Base','Simple',3905,'CWE-125'),(4037,'https://cwe.mitre.org/data/definitions/74.html','Class','Simple',3896,'CWE-74'),(4038,'https://cwe.mitre.org/data/definitions/74.html','Class','Simple',3896,'CWE-74'),(4039,'https://cwe.mitre.org/data/definitions/798.html','Base','Simple',3894,'CWE-798'),(4040,'https://cwe.mitre.org/data/definitions/288.html','Base','Simple',3901,'CWE-288'),(4041,'https://cwe.mitre.org/data/definitions/307.html','Base','Simple',3998,'CWE-307'),(4042,'https://cwe.mitre.org/data/definitions/843.html','Base','Simple',3894,'CWE-843'),(4043,'https://cwe.mitre.org/data/definitions/312.html','Variant','Simple',3898,'CWE-312'),(4044,'https://cwe.mitre.org/data/definitions/79.html','Base','Simple',3896,'CWE-79'),(4045,'https://cwe.mitre.org/data/definitions/416.html','Base','Simple',3965,'CWE-416'),(4046,'https://cwe.mitre.org/data/definitions/22.html','Class','Simple',3984,'CWE-22'),(4047,'https://cwe.mitre.org/data/definitions/434.html','Base','Simple',3894,'CWE-434'),(4048,'https://cwe.mitre.org/data/definitions/611.html','Variant','Simple',3896,'CWE-611'),(4049,'https://cwe.mitre.org/data/definitions/310.html','None','class',3894,'CWE-310'),(4050,'https://cwe.mitre.org/data/definitions/20.html','Class','Simple',3908,'CWE-20'),(4051,'https://cwe.mitre.org/data/definitions/399.html','None','class',3894,'CWE-399'),(4052,'https://cwe.mitre.org/data/definitions/294.html','Base','Simple',4105,'CWE-294'),(4053,'https://cwe.mitre.org/data/definitions/20.html','Class','Simple',3908,'CWE-20'),(4054,'https://cwe.mitre.org/data/definitions/601.html','Variant','Simple',3896,'CWE-601'),(4055,'https://cwe.mitre.org/data/definitions/122.html','Variant','Simple',3905,'CWE-122'),(4056,'https://cwe.mitre.org/data/definitions/306.html','Variant','Simple',3907,'CWE-306'),(4057,'https://cwe.mitre.org/data/definitions/79.html','Base','Simple',3896,'CWE-79'),(4058,'https://cwe.mitre.org/data/definitions/20.html','Class','Simple',3908,'CWE-20'),(4059,'https://cwe.mitre.org/data/definitions/284.html','Class','Simple',3934,'CWE-284'),(4060,'https://cwe.mitre.org/data/definitions/330.html','Class','Simple',3894,'CWE-330'),(4061,'https://cwe.mitre.org/data/definitions/923.html','Class','Simple',3894,'CWE-923'),(4062,'https://cwe.mitre.org/data/definitions/306.html','Variant','Simple',3907,'CWE-306'),(4063,'https://cwe.mitre.org/data/definitions/287.html','Class','Simple',3901,'CWE-287'),(4064,'https://cwe.mitre.org/data/definitions/287.html','Class','Simple',3901,'CWE-287'),(4065,'https://cwe.mitre.org/data/definitions/311.html','Base','Simple',3898,'CWE-311'),(4066,'https://cwe.mitre.org/data/definitions/843.html','Base','Simple',3894,'CWE-843'),(4067,'https://cwe.mitre.org/data/definitions/843.html','Base','Simple',3894,'CWE-843'),(4068,'https://cwe.mitre.org/data/definitions/121.html','Variant','Simple',3905,'CWE-121'),(4069,'https://cwe.mitre.org/data/definitions/20.html','Class','Simple',3908,'CWE-20'),(4070,'https://cwe.mitre.org/data/definitions/20.html','Class','Simple',3908,'CWE-20'),(4071,'https://cwe.mitre.org/data/definitions/78.html','Base','Simple',3896,'CWE-78'),(4072,'https://cwe.mitre.org/data/definitions/22.html','Class','Simple',3984,'CWE-22'),(4073,'https://cwe.mitre.org/data/definitions/284.html','Class','Simple',3934,'CWE-284'),(4074,'https://cwe.mitre.org/data/definitions/326.html','Class','Simple',3902,'CWE-326'),(4075,'https://cwe.mitre.org/data/definitions/611.html','Variant','Simple',3896,'CWE-611'),(4076,'https://cwe.mitre.org/data/definitions/306.html','Variant','Simple',3907,'CWE-306'),(4077,'https://cwe.mitre.org/data/definitions/121.html','Variant','Simple',3905,'CWE-121'),(4078,'https://cwe.mitre.org/data/definitions/416.html','Base','Simple',3965,'CWE-416'),(4079,'https://cwe.mitre.org/data/definitions/79.html','Base','Simple',3896,'CWE-79'),(4080,'https://cwe.mitre.org/data/definitions/502.html','Variant','Simple',3908,'CWE-502'),(4081,'https://cwe.mitre.org/data/definitions/122.html','Variant','Simple',3905,'CWE-122'),(4082,'https://cwe.mitre.org/data/definitions/427.html','Base','Simple',3929,'CWE-427'),(4083,'https://cwe.mitre.org/data/definitions/121.html','Variant','Simple',3905,'CWE-121'),(4084,'https://cwe.mitre.org/data/definitions/345.html','Class','Simple',4137,'CWE-345'),(4085,'https://cwe.mitre.org/data/definitions/284.html','Class','Simple',3934,'CWE-284'),(4086,'https://cwe.mitre.org/data/definitions/20.html','Class','Simple',3908,'CWE-20'),(4087,'https://cwe.mitre.org/data/definitions/20.html','Class','Simple',3908,'CWE-20'),(4088,'https://cwe.mitre.org/data/definitions/94.html','Class','Simple',3929,'CWE-94'),(4089,'https://cwe.mitre.org/data/definitions/79.html','Base','Simple',3896,'CWE-79'),(4090,'https://cwe.mitre.org/data/definitions/400.html','Class','Simple',3903,'CWE-400'),(4091,'https://cwe.mitre.org/data/definitions/256.html','Variant','Simple',3898,'CWE-256'),(4092,'https://cwe.mitre.org/data/definitions/287.html','Class','Simple',3901,'CWE-287'),(4093,'https://cwe.mitre.org/data/definitions/22.html','Class','Simple',3984,'CWE-22'),(4094,'https://cwe.mitre.org/data/definitions/601.html','Variant','Simple',3896,'CWE-601'),(4095,'https://cwe.mitre.org/data/definitions/521.html','Base','Simple',4148,'CWE-521'),(4096,'https://cwe.mitre.org/data/definitions/287.html','Class','Simple',3901,'CWE-287'),(4097,'https://cwe.mitre.org/data/definitions/78.html','Base','Simple',3896,'CWE-78'),(4098,'https://cwe.mitre.org/data/definitions/434.html','Base','Simple',3894,'CWE-434'),(4099,'https://cwe.mitre.org/data/definitions/284.html','Class','Simple',3934,'CWE-284'),(4100,'https://cwe.mitre.org/data/definitions/284.html','Class','Simple',3934,'CWE-284'),(4101,'https://cwe.mitre.org/data/definitions/121.html','Variant','Simple',3905,'CWE-121'),(4102,'https://cwe.mitre.org/data/definitions/258.html','Variant','Simple',3899,'CWE-258'),(4103,'https://cwe.mitre.org/data/definitions/427.html','Base','Simple',3929,'CWE-427'),(4104,'https://cwe.mitre.org/data/definitions/288.html','Base','Simple',3901,'CWE-288'),(4105,'https://cwe.mitre.org/data/definitions/522.html','Base','Simple',3898,'CWE-522'),(4106,'https://cwe.mitre.org/data/definitions/611.html','Variant','Simple',3896,'CWE-611'),(4107,'https://cwe.mitre.org/data/definitions/269.html','Class','Simple',3894,'CWE-269'),(4108,'https://cwe.mitre.org/data/definitions/79.html','Base','Simple',3896,'CWE-79'),(4109,'https://cwe.mitre.org/data/definitions/284.html','Class','Simple',3934,'CWE-284'),(4110,'https://cwe.mitre.org/data/definitions/121.html','Variant','Simple',3905,'CWE-121'),(4111,'https://cwe.mitre.org/data/definitions/121.html','Variant','Simple',3905,'CWE-121'),(4112,'https://cwe.mitre.org/data/definitions/73.html','Class','Simple',3984,'CWE-73'),(4113,'https://cwe.mitre.org/data/definitions/269.html','Class','Simple',3894,'CWE-269'),(4114,'https://cwe.mitre.org/data/definitions/22.html','Class','Simple',3984,'CWE-22'),(4115,'https://cwe.mitre.org/data/definitions/294.html','Base','Simple',4105,'CWE-294'),(4116,'https://cwe.mitre.org/data/definitions/284.html','Class','Simple',3934,'CWE-284'),(4117,'https://cwe.mitre.org/data/definitions/287.html','Class','Simple',3901,'CWE-287'),(4118,'https://cwe.mitre.org/data/definitions/294.html','Base','Simple',4105,'CWE-294'),(4119,'https://cwe.mitre.org/data/definitions/119.html','Class','Simple',3905,'CWE-119'),(4120,'https://cwe.mitre.org/data/definitions/125.html','Base','Simple',3905,'CWE-125'),(4121,'https://cwe.mitre.org/data/definitions/416.html','Base','Simple',3965,'CWE-416'),(4122,'https://cwe.mitre.org/data/definitions/704.html','Class','Simple',4175,'CWE-704'),(4123,'https://cwe.mitre.org/data/definitions/822.html','Base','Simple',3894,'CWE-822'),(4124,'https://cwe.mitre.org/data/definitions/125.html','Base','Simple',3905,'CWE-125'),(4125,'https://cwe.mitre.org/data/definitions/680.html','Compound','Chain',3894,'CWE-680'),(4126,'https://cwe.mitre.org/data/definitions/22.html','Class','Simple',3984,'CWE-22'),(4127,'https://cwe.mitre.org/data/definitions/787.html','Base','Simple',3894,'CWE-787'),(4128,'https://cwe.mitre.org/data/definitions/121.html','Variant','Simple',3905,'CWE-121'),(4129,'https://cwe.mitre.org/data/definitions/121.html','Variant','Simple',3905,'CWE-121'),(4130,'https://cwe.mitre.org/data/definitions/489.html','Base','Simple',4183,'CWE-489'),(4131,'https://cwe.mitre.org/data/definitions/330.html','Class','Simple',3894,'CWE-330'),(4132,'https://cwe.mitre.org/data/definitions/477.html','Base','Simple',3977,'CWE-477'),(4133,'https://cwe.mitre.org/data/definitions/732.html','Class','Simple',4186,'CWE-732'),(4134,'https://cwe.mitre.org/data/definitions/798.html','Base','Simple',3894,'CWE-798'),(4135,'https://cwe.mitre.org/data/definitions/22.html','Class','Simple',3984,'CWE-22'),(4136,'https://cwe.mitre.org/data/definitions/434.html','Base','Simple',3894,'CWE-434'),(4137,'https://cwe.mitre.org/data/definitions/89.html','Base','Simple',3896,'CWE-89'),(4138,'https://cwe.mitre.org/data/definitions/121.html','Variant','Simple',3905,'CWE-121'),(4139,'https://cwe.mitre.org/data/definitions/787.html','Base','Simple',3894,'CWE-787'),(4140,'https://cwe.mitre.org/data/definitions/623.html','Variant','Simple',4193,'CWE-623'),(4141,'https://cwe.mitre.org/data/definitions/310.html','None','class',3894,'CWE-310'),(4142,'https://cwe.mitre.org/data/definitions/269.html','Class','Simple',3894,'CWE-269'),(4143,'https://cwe.mitre.org/data/definitions/269.html','Class','Simple',3894,'CWE-269'),(4144,'https://cwe.mitre.org/data/definitions/352.html','Compound','Composite',3894,'CWE-352'),(4145,'https://cwe.mitre.org/data/definitions/20.html','Class','Simple',3908,'CWE-20'),(4146,'https://cwe.mitre.org/data/definitions/341.html','Base','Simple',3894,'CWE-341'),(4147,'https://cwe.mitre.org/data/definitions/912.html','Class','Simple',3894,'CWE-912'),(4148,'https://cwe.mitre.org/data/definitions/311.html','Base','Simple',3898,'CWE-311'),(4149,'https://cwe.mitre.org/data/definitions/427.html','Base','Simple',3929,'CWE-427'),(4150,'https://cwe.mitre.org/data/definitions/209.html','Base','Simple',3898,'CWE-209'),(4151,'https://cwe.mitre.org/data/definitions/209.html','Base','Simple',3898,'CWE-209'),(4152,'https://cwe.mitre.org/data/definitions/121.html','Variant','Simple',3905,'CWE-121'),(4153,'https://cwe.mitre.org/data/definitions/787.html','Base','Simple',3894,'CWE-787'),(4154,'https://cwe.mitre.org/data/definitions/611.html','Variant','Simple',3896,'CWE-611'),(4155,'https://cwe.mitre.org/data/definitions/125.html','Base','Simple',3905,'CWE-125'),(4156,'https://cwe.mitre.org/data/definitions/121.html','Variant','Simple',3905,'CWE-121'),(4157,'https://cwe.mitre.org/data/definitions/122.html','Variant','Simple',3905,'CWE-122'),(4158,'https://cwe.mitre.org/data/definitions/287.html','Class','Simple',3901,'CWE-287'),(4159,'https://cwe.mitre.org/data/definitions/598.html','Variant','Simple',3898,'CWE-598'),(4160,'https://cwe.mitre.org/data/definitions/120.html','Base','Simple',3905,'CWE-120'),(4161,'https://cwe.mitre.org/data/definitions/122.html','Variant','Simple',3905,'CWE-122'),(4162,'https://cwe.mitre.org/data/definitions/126.html','Variant','Simple',3905,'CWE-126'),(4163,'https://cwe.mitre.org/data/definitions/125.html','Base','Simple',3905,'CWE-125'),(4164,'https://cwe.mitre.org/data/definitions/121.html','Variant','Simple',3905,'CWE-121'),(4165,'https://cwe.mitre.org/data/definitions/125.html','Base','Simple',3905,'CWE-125'),(4166,'https://cwe.mitre.org/data/definitions/306.html','Variant','Simple',3907,'CWE-306'),(4167,'https://cwe.mitre.org/data/definitions/121.html','Variant','Simple',3905,'CWE-121'),(4168,'https://cwe.mitre.org/data/definitions/122.html','Variant','Simple',3905,'CWE-122'),(4169,'https://cwe.mitre.org/data/definitions/400.html','Class','Simple',3903,'CWE-400'),(4170,'https://cwe.mitre.org/data/definitions/121.html','Variant','Simple',3905,'CWE-121'),(4171,'https://cwe.mitre.org/data/definitions/269.html','Class','Simple',3894,'CWE-269'),(4172,'https://cwe.mitre.org/data/definitions/416.html','Base','Simple',3965,'CWE-416'),(4173,'https://cwe.mitre.org/data/definitions/822.html','Base','Simple',3894,'CWE-822'),(4174,'https://cwe.mitre.org/data/definitions/122.html','Variant','Simple',3905,'CWE-122'),(4175,'https://cwe.mitre.org/data/definitions/787.html','Base','Simple',3894,'CWE-787'),(4176,'https://cwe.mitre.org/data/definitions/191.html','Base','Simple',4175,'CWE-191'),(4177,'https://cwe.mitre.org/data/definitions/125.html','Base','Simple',3905,'CWE-125'),(4178,'https://cwe.mitre.org/data/definitions/121.html','Variant','Simple',3905,'CWE-121'),(4179,'https://cwe.mitre.org/data/definitions/120.html','Base','Simple',3905,'CWE-120'),(4180,'https://cwe.mitre.org/data/definitions/427.html','Base','Simple',3929,'CWE-427'),(4181,'https://cwe.mitre.org/data/definitions/284.html','Class','Simple',3934,'CWE-284'),(4182,'https://cwe.mitre.org/data/definitions/20.html','Class','Simple',3908,'CWE- 20'),(4183,'https://cwe.mitre.org/data/definitions/287.html','Class','Simple',3901,'CWE-287'),(4184,'https://cwe.mitre.org/data/definitions/256.html','Variant','Simple',3898,'CWE-256'),(4185,'https://cwe.mitre.org/data/definitions/121.html','Variant','Simple',3905,'CWE-121'),(4186,'https://cwe.mitre.org/data/definitions/20.html','Class','Simple',3908,'CWE-20'),(4187,'https://cwe.mitre.org/data/definitions/79.html','Base','Simple',3896,'CWE-79'),(4188,'https://cwe.mitre.org/data/definitions/200.html','Class','Simple',3898,'CWE-200'),(4189,'https://cwe.mitre.org/data/definitions/276.html','Variant','Simple',4186,'CWE-276'),(4190,'https://cwe.mitre.org/data/definitions/319.html','Variant','Simple',3898,'CWE-319'),(4191,'https://cwe.mitre.org/data/definitions/352.html','Compound','Composite',3894,'CWE-352'),(4192,'https://cwe.mitre.org/data/definitions/384.html','Compound','Composite',3894,'CWE-384'),(4193,'https://cwe.mitre.org/data/definitions/400.html','Class','Simple',3903,'CWE-400'),(4194,'https://cwe.mitre.org/data/definitions/798.html','Base','Simple',3894,'CWE- 798'),(4195,'https://cwe.mitre.org/data/definitions/17.html','None','class',3894,'CWE-17'),(4196,'https://cwe.mitre.org/data/definitions/754.html','Class','Simple',3920,'CWE-754'),(4197,'https://cwe.mitre.org/data/definitions/79.html','Base','Simple',3896,'CWE-79'),(4198,'https://cwe.mitre.org/data/definitions/287.html','Class','Simple',3901,'CWE-287'),(4199,'https://cwe.mitre.org/data/definitions/287.html','Class','Simple',3901,'CWE-287'),(4200,'https://cwe.mitre.org/data/definitions/400.html','Class','Simple',3903,'CWE-400'),(4201,'https://cwe.mitre.org/data/definitions/121.html','Variant','Simple',3905,'CWE-121'),(4202,'https://cwe.mitre.org/data/definitions/20.html','Class','Simple',3908,'CWE-20'),(4203,'https://cwe.mitre.org/data/definitions/798.html','Base','Simple',3894,'CWE-798'),(4204,'https://cwe.mitre.org/data/definitions/22.html','Class','Simple',3984,'IMPROPER LIMITATION OF A PATHNAME TO A RESTRICTED DIRECTORY (‘PATH TRAVERSAL’CWE-22'),(4205,'https://cwe.mitre.org/data/definitions/287.html','Class','Simple',3901,'CWE-287'),(4206,'https://cwe.mitre.org/data/definitions/269.html','Class','Simple',3894,'CWE-269'),(4207,'https://cwe.mitre.org/data/definitions/428.html','Base','Simple',3984,'CWE-428'),(4208,'https://cwe.mitre.org/data/definitions/276.html','Variant','Simple',4186,'CWE-276'),(4209,'https://cwe.mitre.org/data/definitions/276.html','Variant','Simple',4186,'CWE-276'),(4210,'https://cwe.mitre.org/data/definitions/319.html','Variant','Simple',3898,'CWE-319'),(4211,'https://cwe.mitre.org/data/definitions/23.html','Base','Simple',3984,'CWE-23'),(4212,'https://cwe.mitre.org/data/definitions/20.html','Class','Simple',3908,'CWE-20'),(4213,'https://cwe.mitre.org/data/definitions/78.html','Base','Simple',3896,'CWE-78'),(4214,'https://cwe.mitre.org/data/definitions/78.html','Base','Simple',3896,'CWE-78'),(4215,'https://cwe.mitre.org/data/definitions/284.html','Class','Simple',3934,'CWE-284'),(4216,'https://cwe.mitre.org/data/definitions/522.html','Base','Simple',3898,'CWE-522'),(4217,'https://cwe.mitre.org/data/definitions/200','Class','Simple',3898,'CWE-200'),(4218,'https://cwe.mitre.org/data/definitions/352','Compound','Composite',3894,'CWE-352'),(4219,'https://cwe.mitre.org/data/definitions/79','Base','Simple',3896,'CWE-79'),(4220,'https://cwe.mitre.org/data/definitions/548','Variant','Simple',3898,'CWE-548'),(4221,'https://cwe.mitre.org/data/definitions/345.html','Class','Simple',4137,'CWE-345'),(4222,'https://cwe.mitre.org/data/definitions/257.html','Base','Simple',3898,'CWE-257'),(4223,'https://cwe.mitre.org/data/definitions/319.html','Variant','Simple',3898,'CWE-319'),(4224,'https://cwe.mitre.org/data/definitions/294.html','Base','Simple',4105,'CWE-294'),(4225,'https://cwe.mitre.org/data/definitions/121.html','Variant','Simple',3905,'CWE-121'),(4226,'https://cwe.mitre.org/data/definitions/125.html','Base','Simple',3905,'CWE-125'),(4227,'https://cwe.mitre.org/data/definitions/916.html','Base','Simple',3894,'CWE-916'),(4228,'https://cwe.mitre.org/data/definitions/209.html','Base','Simple',3898,'CWE-209'),(4229,'https://cwe.mitre.org/data/definitions/121.html','Variant','Simple',3905,'CWE-121'),(4230,'https://cwe.mitre.org/data/definitions/122.html','Variant','Simple',3905,'CWE-122'),(4231,'https://cwe.mitre.org/data/definitions/787.html','Base','Simple',3894,'CWE-787'),(4232,'https://cwe.mitre.org/data/definitions/611.html','Variant','Simple',3896,'CWE-611'),(4233,'https://cwe.mitre.org/data/definitions/79.html','Base','Simple',3896,'CWE-79'),(4234,'https://cwe.mitre.org/data/definitions/119.html','Class','Simple',3905,'CWE-119'),(4235,'https://cwe.mitre.org/data/definitions/121.html','Variant','Simple',3905,'CWE-121'),(4236,'https://cwe.mitre.org/data/definitions/121.html','Variant','Simple',3905,'CWE-121'),(4237,'https://cwe.mitre.org/data/definitions/200.html','Class','Simple',3898,'CWE-200'),(4238,'https://cwe.mitre.org/data/definitions/288.html','Base','Simple',3901,'CWE-288'),(4239,'https://cwe.mitre.org/data/definitions/256.html','Variant','Simple',3898,'CWE-256'),(4240,'https://cwe.mitre.org/data/definitions/319.html','Variant','Simple',3898,'CWE-319'),(4241,'https://cwe.mitre.org/data/definitions/400.html','Class','Simple',3903,'CWE-400'),(4242,'https://cwe.mitre.org/data/definitions/20.html','Class','Simple',3908,'CWE-20'),(4243,'https://cwe.mitre.org/data/definitions/79.html','Base','Simple',3896,'CWE-79'),(4244,'https://cwe.mitre.org/data/definitions/434.html','Base','Simple',3894,'CWE-434'),(4245,'https://cwe.mitre.org/data/definitions/732.html','Class','Simple',4186,'CWE-732'),(4246,'https://cwe.mitre.org/data/definitions/121.html','Variant','Simple',3905,'CWE-121'),(4247,'https://cwe.mitre.org/data/definitions/798','Base','Simple',3894,'CWE-798'),(4248,'https://cwe.mitre.org/data/definitions/306.html','Variant','Simple',3907,'CWE-306'),(4249,'https://cwe.mitre.org/data/definitions/276.html','Variant','Simple',4186,'CWE-276'),(4250,'https://cwe.mitre.org/data/definitions/611.html','Variant','Simple',3896,'CWE-611'),(4251,'https://cwe.mitre.org/data/definitions/400.html','Class','Simple',3903,'CWE-400'),(4252,'https://cwe.mitre.org/data/definitions/20.html','Class','Simple',3908,'CWE-20'),(4253,'https://cwe.mitre.org/data/definitions/295.html','Base','Simple',3894,'CWE-295'),(4254,'https://cwe.mitre.org/data/definitions/20.html','Class','Simple',3908,'CWE-20'),(4255,'https://cwe.mitre.org/data/definitions/399.html','None','class',3894,'CWE-399'),(4256,'https://cwe.mitre.org/data/definitions/20.html','Class','Simple',3908,'CWE-20'),(4257,'https://cwe.mitre.org/data/definitions/259.html','Base','Simple',3899,'CWE-259'),(4258,'https://cwe.mitre.org/data/definitions/749.html','Base','Simple',3921,'CWE-749'),(4259,'https://cwe.mitre.org/data/definitions/121.html','Variant','Simple',3905,'CWE-121'),(4260,'https://cwe.mitre.org/data/definitions/20.html','Class','Simple',3908,'CWE-20'),(4261,'https://cwe.mitre.org/data/definitions/125.html','Base','Simple',3905,'CWE-125'),(4262,'https://cwe.mitre.org/data/definitions/121.html','Variant','Simple',3905,'CWE-121'),(4263,'https://cwe.mitre.org/data/definitions/125.html','Base','Simple',3905,'CWE-125'),(4264,'https://cwe.mitre.org/data/definitions/125.html','Base','Simple',3905,'CWE-125'),(4265,'https://cwe.mitre.org/data/definitions/125.html','Base','Simple',3905,'CWE-125'),(4266,'https://cwe.mitre.org/data/definitions/121.html','Variant','Simple',3905,'CWE-121'),(4267,'https://cwe.mitre.org/data/definitions/121.html','Variant','Simple',3905,'CWE-121'),(4268,'https://cwe.mitre.org/data/definitions/121.html','Variant','Simple',3905,'CWE-121'),(4269,'https://cwe.mitre.org/data/definitions/264.html','None','class',3894,'CWE-264'),(4270,'https://cwe.mitre.org/data/definitions/121.html','Variant','Simple',3905,'CWE-121'),(4271,'http://cwe.mitre.org/data/definitions/78.html','Base','Simple',3896,'CWE-78'),(4272,'http://cwe.mitre.org/data/definitions/79.html','Base','Simple',3896,'CWE-79'),(4273,'http://cwe.mitre.org/data/definitions/20.html','Class','Simple',3908,'CWE-20'),(4274,'https://cwe.mitre.org/data/definitions/79.html','Base','Simple',3896,'CWE-79'),(4275,'https://cwe.mitre.org/data/definitions/79.html','Base','Simple',3896,'CWE-79'),(4276,'https://cwe.mitre.org/data/definitions/428.html','Base','Simple',3984,'CWE-428'),(4277,'https://cwe.mitre.org/data/definitions/287.html','Class','Simple',3901,'CWE-287'),(4278,'https://cwe.mitre.org/data/definitions/200.html','Class','Simple',3898,'CWE-200'),(4279,'https://cwe.mitre.org/data/definitions/121.html','Variant','Simple',3905,'CWE-121'),(4280,'https://cwe.mitre.org/data/definitions/287.html','Class','Simple',3901,'CWE-287'),(4281,'https://cwe.mitre.org/data/definitions/352.html','Compound','Composite',3894,'CWE-352'),(4282,'https://cwe.mitre.org/data/definitions/256.html','Variant','Simple',3898,'CWE-256'),(4283,'https://cwe.mitre.org/data/definitions/125.html','Base','Simple',3905,'OUT-OF-BOUNDS READ CWE-125'),(4284,'https://cwe.mitre.org/data/definitions/122.html','Variant','Simple',3905,'HEAP-BASED BUFFER OVERFLOW CWE-122'),(4285,'https://cwe.mitre.org/data/definitions/121.html','Variant','Simple',3905,'CWE-121'),(4286,'https://cwe.mitre.org/data/definitions/287.html','Class','Simple',3901,'CWE-287'),(4287,'https://cwe.mitre.org/data/definitions/611.html','Variant','Simple',3896,'CWE-611'),(4288,'https://cwe.mitre.org/data/definitions/23.html','Base','Simple',3984,'CWE-23'),(4289,'https://cwe.mitre.org/data/definitions/798.html','Base','Simple',3894,'CWE-798'),(4290,'https://cwe.mitre.org/data/definitions/522.html','Base','Simple',3898,'CWE-522'),(4291,'https://cwe.mitre.org/data/definitions/384.html','Compound','Composite',3894,'CWE-384'),(4292,'https://cwe.mitre.org/data/definitions/798.html','Base','Simple',3894,'CWE-798'),(4293,'https://cwe.mitre.org/data/definitions/400.html','Class','Simple',3903,'CWE-400'),(4294,'https://cwe.mitre.org/data/definitions/284.html','Class','Simple',3934,'CWE-284'),(4295,'https://cwe.mitre.org/data/definitions/522.html','Base','Simple',3898,'CWE-522'),(4296,'https://cwe.mitre.org/data/definitions/256.html','Variant','Simple',3898,'CWE-256'),(4297,'https://cwe.mitre.org/data/definitions/122.html','Variant','Simple',3905,'CWE-122'),(4298,'https://cwe.mitre.org/data/definitions/119.html','Class','Simple',3905,'CWE-119'),(4299,'https://cwe.mitre.org/data/definitions/601.html','Variant','Simple',3896,'CWE-601'),(4300,'https://cwe.mitre.org/data/definitions/356.html','Base','Simple',4353,'CWE-356'),(4301,'https://cwe.mitre.org/data/definitions/356.html','Base','Simple',4353,'CWE-356'),(4302,'https://cwe.mitre.org/data/definitions/306.html','Variant','Simple',3907,'CWE-306'),(4303,'https://cwe.mitre.org/data/definitions/276.html','Variant','Simple',4186,'CWE-276'),(4304,'https://cwe.mitre.org/data/definitions/400.html','Class','Simple',3903,'CWE-400'),(4305,'https://cwe.mitre.org/data/definitions/79.html','Base','Simple',3896,'CWE-79'),(4306,'https://cwe.mitre.org/data/definitions/311.html','Base','Simple',3898,'CWE-311'),(4307,'https://cwe.mitre.org/data/definitions/693.html','Class','Simple',3921,'CWE-693'),(4308,'https://cwe.mitre.org/data/definitions/20.html','Class','Simple',3908,'CWE-20'),(4309,'https://cwe.mitre.org/data/definitions/77.html','Class','Simple',3896,'CWE-77'),(4310,'https://cwe.mitre.org/data/definitions/200.html','Class','Simple',3898,'CWE-200'),(4311,'https://cwe.mitre.org/data/definitions/121.html','Variant','Simple',3905,'CWE-121'),(4312,'https://cwe.mitre.org/data/definitions/121.html','Variant','Simple',3905,'CWE-121'),(4313,'https://cwe.mitre.org/data/definitions/20.html','Class','Simple',3908,'CWE-20'),(4314,'https://cwe.mitre.org/data/definitions/122.html','Variant','Simple',3905,'CWE-122'),(4315,'https://cwe.mitre.org/data/definitions/89.html','Base','Simple',3896,'CWE-89'),(4316,'https://cwe.mitre.org/data/definitions/548.html','Variant','Simple',3898,'CWE-548'),(4317,'https://cwe.mitre.org/data/definitions/264.html','None','class',3894,'CWE-264'),(4318,'https://cwe.mitre.org/data/definitions/22.html','Class','Simple',3984,'CWE-22'),(4319,'https://cwe.mitre.org/data/definitions/22.html','Class','Simple',3984,'CWE-22'),(4320,'https://cwe.mitre.org/data/definitions/121.html','Variant','Simple',3905,'CWE-1'),(4321,'https://cwe.mitre.org/data/definitions/122.html','Variant','Simple',3905,'CWE-122'),(4322,'https://cwe.mitre.org/data/definitions/822.html','Base','Simple',3894,'CWE-822'),(4323,'https://cwe.mitre.org/data/definitions/73.html','Class','Simple',3984,'CWE-73'),(4324,'https://cwe.mitre.org/data/definitions/346.html','Base','Simple',4137,'CWE-346'),(4325,'https://cwe.mitre.org/data/definitions/269.html','Class','Simple',3894,'CWE-269'),(4326,'https://cwe.mitre.org/data/definitions/552.html','Base','Simple',3898,'CWE-552'),(4327,'https://cwe.mitre.org/data/definitions/416.html','Base','Simple',3965,'CWE-416'),(4328,'https://cwe.mitre.org/data/definitions/79.html','Base','Simple',3896,'CWE-79'),(4329,'https://cwe.mitre.org/data/definitions/119.html','Class','Simple',3905,'CWE-119'),(4330,'https://cwe.mitre.org/data/definitions/287.html','Class','Simple',3901,'CWE-287'),(4331,'https://cwe.mitre.org/data/definitions/78.html','Base','Simple',3896,'CWE-78'),(4332,'http://cwe.mitre.org/data/definitions/19.html','None','class',3894,'CWE-20'),(4333,'https://cwe.mitre.org/data/definitions/20.html','Class','Simple',3908,'CWE-20'),(4334,'https://cwe.mitre.org/data/definitions/502.html','Variant','Simple',3908,'CWE-502'),(4335,'https://cwe.mitre.org/data/definitions/295.html','Base','Simple',3894,'CWE-295'),(4336,'https://cwe.mitre.org/data/definitions/250.html','Class','Simple',3894,'CWE-250'),(4337,'https://cwe.mitre.org/data/definitions/668.html','Class','Simple',3898,'CWE-668'),(4338,'https://cwe.mitre.org/data/definitions/798.html','Base','Simple',3894,'CWE-798'),(4339,'https://cwe.mitre.org/data/definitions/20.html','Class','Simple',3908,'CWE-20'),(4340,'https://cwe.mitre.org/data/definitions/121.html','Variant','Simple',3905,'CWE-121'),(4341,'https://cwe.mitre.org/data/definitions/121.html','Variant','Simple',3905,'CWE-121'),(4342,'https://cwe.mitre.org/data/definitions/121.html','Variant','Simple',3905,'CWE-121'),(4343,'https://cwe.mitre.org/data/definitions/78.html','Base','Simple',3896,'CWE-78'),(4344,'https://cwe.mitre.org/data/definitions/319.html','Variant','Simple',3898,'CWE-319'),(4345,'https://cwe.mitre.org/data/definitions/285.html','Class','Simple',4398,'CWE-285'),(4346,'https://cwe.mitre.org/data/definitions/284.html','Class','Simple',3934,'CWE-284'),(4347,'https://cwe.mitre.org/data/definitions/522.html','Base','Simple',3898,'CWE-522'),(4348,'https://cwe.mitre.org/data/definitions/120.html','Base','Simple',3905,'CWE-120'),(4349,'https://cwe.mitre.org/data/definitions/122.html','Variant','Simple',3905,'CWE-122'),(4350,'https://cwe.mitre.org/data/definitions/415.html','Variant','Simple',3961,'CWE-415'),(4351,'https://cwe.mitre.org/data/definitions/787.html','Base','Simple',3894,'CWE-787'),(4352,'https://cwe.mitre.org/data/definitions/538.html','Base','Simple',3898,'CWE-538'),(4353,'https://cwe.mitre.org/data/definitions/287.html','Class','Simple',3901,'CWE-287'),(4354,'http://cwe.mitre.org/data/definitions/920.html','Base','Simple',3894,'CWE-920'),(4355,'https://cwe.mitre.org/data/definitions/121.html','Variant','Simple',3905,'CWE-121'),(4356,'https://cwe.mitre.org/data/definitions/119.html','Class','Simple',3905,'CWE-119'),(4357,'https://cwe.mitre.org/data/definitions/119.html','Class','Simple',3905,'CWE-119'),(4358,'https://cwe.mitre.org/data/definitions/20.html','Class','Simple',3908,'IMPROPER INPUT VALIDATION CWE-20'),(4359,'https://cwe.mitre.org/data/definitions/119.html','Class','Simple',3905,'CWE-119'),(4360,'https://cwe.mitre.org/data/definitions/119.html','Class','Simple',3905,'IMPROPER RESTRICTION OF OPERATIONS WITHIN THE BOUNDS OF A MEMORY BUFFER CWE-119'),(4361,'https://cwe.mitre.org/data/definitions/134.html','Base','Simple',3896,'USE OF EXTERNALLY-CONTROLLED FORMAT STRING CWE-134'),(4362,'https://cwe.mitre.org/data/definitions/121.html','Variant','Simple',3905,'CWE-121'),(4363,'https://cwe.mitre.org/data/definitions/122.html','Variant','Simple',3905,'CWE-122');
/*!40000 ALTER TABLE `cwe` ENABLE KEYS */;
UNLOCK TABLES;

--
-- Table structure for table `devicetype`
--

DROP TABLE IF EXISTS `devicetype`;
/*!40101 SET @saved_cs_client     = @@character_set_client */;
/*!40101 SET character_set_client = utf8 */;
CREATE TABLE `devicetype` (
  `id` smallint(5) unsigned NOT NULL AUTO_INCREMENT,
  `type` char(255) DEFAULT NULL,
  PRIMARY KEY (`id`),
  UNIQUE KEY `UC_devicetype` (`type`)
) ENGINE=InnoDB AUTO_INCREMENT=1925 DEFAULT CHARSET=utf8;
/*!40101 SET character_set_client = @saved_cs_client */;

--
-- Dumping data for table `devicetype`
--

LOCK TABLES `devicetype` WRITE;
/*!40000 ALTER TABLE `devicetype` DISABLE KEYS */;
INSERT INTO `devicetype` VALUES (1,'type');
/*!40000 ALTER TABLE `devicetype` ENABLE KEYS */;
UNLOCK TABLES;

--
-- Table structure for table `icscert`
--

DROP TABLE IF EXISTS `icscert`;
/*!40101 SET @saved_cs_client     = @@character_set_client */;
/*!40101 SET character_set_client = utf8 */;
CREATE TABLE `icscert` (
  `id` smallint(5) unsigned NOT NULL AUTO_INCREMENT,
  `date` date DEFAULT NULL,
  `patch` smallint(5) unsigned NOT NULL,
  `name` char(255) DEFAULT NULL,
  PRIMARY KEY (`id`),
  UNIQUE KEY `UC_icscert_name` (`name`),
  KEY `fk_icscert_patch` (`patch`),
  CONSTRAINT `fk_icscert_patch` FOREIGN KEY (`patch`) REFERENCES `patch` (`id`)
) ENGINE=InnoDB AUTO_INCREMENT=1959 DEFAULT CHARSET=utf8;
/*!40101 SET character_set_client = @saved_cs_client */;

--
-- Dumping data for table `icscert`
--

LOCK TABLES `icscert` WRITE;
/*!40000 ALTER TABLE `icscert` DISABLE KEYS */;
INSERT INTO `icscert` VALUES (1697,'2019-05-21',117,'ICSA-19-141-01'),(1698,'2019-05-21',117,'ICSA-19-141-02'),(1699,'2019-05-16',117,'ICSA-19-136-01'),(1700,'2019-05-16',117,'ICSA-19-136-02'),(1701,'2019-05-14',117,'ICSA-19-134-01'),(1702,'2019-05-14',117,'ICSA-19-134-02'),(1703,'2019-05-14',117,'ICSA-19-134-03'),(1704,'2019-05-14',117,'ICSA-19-134-04'),(1705,'2019-05-14',117,'ICSA-19-134-05'),(1706,'2019-05-14',117,'ICSA-19-134-06'),(1707,'2019-05-14',117,'ICSA-19-134-07'),(1708,'2019-05-14',117,'ICSA-19-134-08'),(1709,'2019-05-14',117,'ICSA-19-134-09'),(1710,'2019-05-02',117,'ICSA-19-122-01'),(1711,'2019-05-02',117,'ICSA-19-122-02'),(1712,'2019-05-02',117,'ICSA-19-122-03'),(1713,'2019-04-30',117,'ICSMA-19-120-01'),(1714,'2019-04-30',117,'ICSA-19-120-01'),(1715,'2019-04-23',117,'ICSMA-19-113-01'),(1716,'2019-04-23',117,'ICSA-19-113-01'),(1717,'2019-04-16',117,'ICSA-19-106-01'),(1718,'2019-04-16',117,'ICSA-19-106-02'),(1719,'2019-04-16',117,'ICSA-19-106-03'),(1720,'2019-04-09',117,'ICSA-19-099-01'),(1721,'2019-04-09',117,'ICSA-19-099-02'),(1722,'2019-04-09',117,'ICSA-19-099-03'),(1723,'2019-04-09',117,'ICSA-19-099-04'),(1724,'2019-04-09',117,'ICSA-19-099-05'),(1725,'2019-04-09',117,'ICSA-19-099-06'),(1726,'2019-04-04',117,'ICSA-19-094-01'),(1727,'2019-04-04',117,'ICSA-19-094-02'),(1728,'2019-04-04',117,'ICSA-19-094-03'),(1729,'2019-04-04',117,'ICSA-19-094-04'),(1730,'2019-04-02',117,'ICSA-19-092-01'),(1731,'2019-03-28',117,'ICSA-19-087-01'),(1732,'2019-03-26',117,'ICSA-19-085-01'),(1733,'2019-03-26',117,'ICSA-19-085-02'),(1734,'2019-03-26',117,'ICSA-19-085-03'),(1735,'2019-03-21',117,'ICSMA-19-080-01'),(1736,'2019-03-19',117,'ICSA-19-078-01'),(1737,'2019-03-19',117,'ICSA-19-078-02'),(1738,'2019-03-14',117,'ICSA-19-073-01'),(1739,'2019-03-14',117,'ICSA-19-073-02'),(1740,'2019-03-14',117,'ICSA-19-073-03'),(1741,'2019-03-05',117,'ICSA-19-064-01'),(1742,'2019-02-28',117,'ICSA-19-059-01'),(1743,'2019-02-26',117,'ICSA-19-057-01'),(1744,'2019-02-19',117,'ICSA-19-050-01'),(1745,'2019-02-19',117,'ICSA-19-050-02'),(1746,'2019-02-19',117,'ICSA-19-050-03'),(1747,'2019-02-19',117,'ICSA-19-050-04'),(1748,'2019-02-14',117,'ICSA-19-045-01'),(1749,'2019-02-14',117,'ICSA-18-310-01'),(1750,'2019-02-12',117,'ICSA-19-043-01'),(1751,'2019-02-12',117,'ICSA-19-043-02'),(1752,'2019-02-12',117,'ICSA-19-043-03'),(1753,'2019-02-12',117,'ICSA-19-043-04'),(1754,'2019-02-12',117,'ICSA-19-043-05'),(1755,'2019-02-12',117,'ICSA-19-043-06'),(1756,'2019-02-07',117,'ICSA-19-038-01'),(1757,'2019-02-07',117,'ICSA-19-038-02'),(1758,'2019-02-05',117,'ICSA-19-036-01'),(1759,'2019-02-05',117,'ICSA-19-036-02'),(1760,'2019-02-05',117,'ICSA-19-036-03'),(1761,'2019-02-05',117,'ICSA-19-036-04'),(1762,'2019-02-05',117,'ICSA-19-036-05'),(1763,'2019-01-31',117,'ICSA-19-031-02'),(1764,'2019-01-31',117,'ICSA-19-031-01'),(1765,'2019-01-29',117,'ICSMA-19-029-01'),(1766,'2019-01-29',117,'ICSMA-19-029-02'),(1767,'2019-01-29',117,'ICSA-19-029-01'),(1768,'2019-01-29',117,'ICSA-19-029-02'),(1769,'2019-01-29',117,'ICSA-19-029-03'),(1770,'2019-01-24',117,'ICSA-19-024-01'),(1771,'2019-01-24',117,'ICSA-19-024-02'),(1772,'2019-01-22',117,'ICSMA-19-022-01'),(1773,'2019-01-22',117,'ICSA-19-022-01'),(1774,'2019-01-17',117,'ICSA-19-017-01'),(1775,'2019-01-17',117,'ICSA-19-017-02'),(1776,'2019-01-17',117,'ICSA-19-017-03'),(1777,'2019-01-15',117,'ICSA-19-015-01'),(1778,'2019-01-10',117,'ICSA-19-010-01'),(1779,'2019-01-10',117,'ICSA-19-010-02'),(1780,'2019-01-10',117,'ICSA-19-010-03'),(1781,'2019-01-10',117,'ICSA-18-333-02'),(1782,'2019-01-08',117,'ICSA-19-008-01'),(1783,'2019-01-08',117,'ICSA-19-008-02'),(1784,'2019-01-03',117,'ICSA-19-003-01'),(1785,'2019-01-03',117,'ICSA-19-003-02'),(1786,'2019-01-03',117,'ICSA-19-003-03'),(1787,'2018-12-20',117,'ICSA-18-354-01'),(1788,'2018-12-20',117,'ICSA-18-354-02'),(1789,'2018-12-20',117,'ICSA-18-331-02'),(1790,'2018-12-18',117,'ICSA-18-352-01'),(1791,'2018-12-18',117,'ICSA-18-352-02'),(1792,'2018-12-18',117,'ICSA-18-352-03'),(1793,'2018-12-18',117,'ICSA-18-352-04'),(1794,'2018-12-18',117,'ICSA-18-352-05'),(1795,'2018-12-18',117,'ICSA-18-352-06'),(1796,'2018-12-18',117,'ICSA-18-352-07'),(1797,'2018-12-13',117,'ICSMA-18-347-01'),(1798,'2018-12-13',117,'ICSA-18-347-01'),(1799,'2018-12-13',117,'ICSA-18-347-02'),(1800,'2018-12-13',117,'ICSA-18-347-03'),(1801,'2018-12-13',117,'ICSA-18-347-04'),(1802,'2018-12-11',117,'ICSA-18-345-01'),(1803,'2018-12-11',117,'ICSA-18-345-02'),(1804,'2018-12-06',117,'ICSMA-18-340-01'),(1805,'2018-12-06',117,'ICSA-18-340-01'),(1806,'2018-12-06',117,'ICSA-18-310-02'),(1807,'2018-12-04',117,'ICSA-18-338-01'),(1808,'2018-12-04',117,'ICSA-18-338-02'),(1809,'2018-11-29',117,'ICSA-18-333-01'),(1810,'2018-11-27',117,'ICSA-18-331-01'),(1811,'2018-11-20',117,'ICSA-18-324-01'),(1812,'2018-11-20',117,'ICSA-18-324-02'),(1813,'2018-11-13',117,'ICSA-18-317-01'),(1814,'2018-11-13',117,'ICSA-18-317-02'),(1815,'2018-11-13',117,'ICSA-18-317-03'),(1816,'2018-11-13',117,'ICSA-18-317-04'),(1817,'2018-11-13',117,'ICSA-18-317-05'),(1818,'2018-11-13',117,'ICSA-18-317-06'),(1819,'2018-11-13',117,'ICSA-18-317-07'),(1820,'2018-11-13',117,'ICSA-18-317-08'),(1821,'2018-11-08',117,'ICSMA-18-312-01'),(1822,'2018-11-06',117,'ICSMA-18-310-01'),(1823,'2018-11-01',117,'ICSA-18-305-01'),(1824,'2018-11-01',117,'ICSA-18-305-02'),(1825,'2018-11-01',117,'ICSA-18-305-03'),(1826,'2018-11-01',117,'ICSA-18-305-04'),(1827,'2018-10-30',117,'ICSA-18-303-01'),(1828,'2018-10-25',117,'ICSA-18-298-01'),(1829,'2018-10-25',117,'ICSA-18-298-02'),(1830,'2018-10-23',117,'ICSA-18-296-01'),(1831,'2018-10-23',117,'ICSA-18-296-02'),(1832,'2018-10-23',117,'ICSA-18-296-03'),(1833,'2018-10-17',117,'ICSA-18-290-01'),(1834,'2018-10-16',117,'ICSA-18-289-01'),(1835,'2018-10-11',117,'ICSA-18-284-01'),(1836,'2018-10-11',117,'ICSA-18-284-02'),(1837,'2018-10-11',117,'ICSA-18-284-03'),(1838,'2018-10-09',117,'ICSA-18-282-01'),(1839,'2018-10-09',117,'ICSA-18-282-02'),(1840,'2018-10-09',117,'ICSA-18-282-03'),(1841,'2018-10-09',117,'ICSA-18-282-04'),(1842,'2018-10-09',117,'ICSA-18-282-05'),(1843,'2018-10-09',117,'ICSA-18-282-06'),(1844,'2018-10-09',117,'ICSA-18-282-07'),(1845,'2018-10-04',117,'ICSMA-18-277-01'),(1846,'2018-10-04',117,'ICSMA-18-277-02'),(1847,'2018-10-04',117,'ICSA-18-277-01'),(1848,'2018-10-02',117,'ICSA-18-275-01'),(1849,'2018-10-02',117,'ICSA-18-275-02'),(1850,'2018-10-02',117,'ICSA-18-275-03'),(1851,'2018-09-27',117,'ICSA-18-270-01'),(1852,'2018-09-27',117,'ICSA-18-270-02'),(1853,'2018-09-27',117,'ICSA-18-270-03'),(1854,'2018-09-27',117,'ICSA-18-270-04'),(1855,'2018-09-20',117,'ICSA-18-263-01'),(1856,'2018-09-20',117,'ICSA-18-263-02'),(1857,'2018-09-18',117,'ICSA-18-261-01'),(1858,'2018-09-13',117,'ICSA-18-256-01'),(1859,'2018-09-11',117,'ICSA-18-254-01'),(1860,'2018-09-11',117,'ICSA-18-254-02'),(1861,'2018-09-11',117,'ICSA-18-254-03'),(1862,'2018-09-11',117,'ICSA-18-254-04'),(1863,'2018-09-11',117,'ICSA-18-254-05'),(1864,'2018-09-06',117,'ICSA-18-249-01'),(1865,'2018-09-04',117,'ICSA-18-247-01'),(1866,'2018-08-30',117,'ICSA-18-242-01'),(1867,'2018-08-28',117,'ICSMA-18-240-01'),(1868,'2018-08-28',117,'ICSA-18-240-01'),(1869,'2018-08-28',117,'ICSA-18-240-02'),(1870,'2018-08-28',117,'ICSA-18-240-03'),(1871,'2018-08-28',117,'ICSA-18-240-04'),(1872,'2018-08-23',117,'ICSMA-18-235-01'),(1873,'2018-08-21',117,'ICSMA-18-233-01'),(1874,'2018-08-21',117,'ICSA-18-233-01'),(1875,'2018-08-16',117,'ICSMA-18-228-01'),(1876,'2018-08-16',117,'ICSA-18-228-01'),(1877,'2018-08-16',117,'ICSA-18-191-03'),(1878,'2018-08-14',117,'ICSMA-18-226-01'),(1879,'2018-08-14',117,'ICSA-18-226-01'),(1880,'2018-08-14',117,'ICSA-18-226-02'),(1881,'2018-08-14',117,'ICSA-18-226-03'),(1882,'2018-08-09',117,'ICSA-18-221-01'),(1883,'2018-08-09',117,'ICSA-18-221-02'),(1884,'2018-08-07',117,'ICSMA-18-219-01'),(1885,'2018-08-07',117,'ICSMA-18-219-02'),(1886,'2018-08-07',117,'ICSA-18-219-01'),(1887,'2018-07-31',117,'ICSA-18-212-01'),(1888,'2018-07-31',117,'ICSA-18-212-02'),(1889,'2018-07-31',117,'ICSA-18-212-03'),(1890,'2018-07-31',117,'ICSA-18-212-04'),(1891,'2018-07-31',117,'ICSA-18-212-05'),(1892,'2018-07-19',117,'ICSA-18-200-01'),(1893,'2018-07-19',117,'ICSA-18-200-02'),(1894,'2018-07-19',117,'ICSA-18-200-03'),(1895,'2018-07-19',117,'ICSA-18-200-04'),(1896,'2018-07-17',117,'ICSA-18-198-01'),(1897,'2018-07-17',117,'ICSA-18-198-02'),(1898,'2018-07-17',117,'ICSA-18-198-03'),(1899,'2018-07-12',117,'ICSA-18-193-01'),(1900,'2018-07-10',117,'ICSA-18-191-01'),(1901,'2018-07-10',117,'ICSA-18-191-02'),(1902,'2018-07-03',117,'ICSA-18-184-01'),(1903,'2018-06-28',117,'ICSMA-18-179-01'),(1904,'2018-06-21',117,'ICSA-18-172-01'),(1905,'2018-06-21',117,'ICSA-18-172-02'),(1906,'2018-06-14',117,'ICSMA-18-165-01'),(1907,'2018-06-14',117,'ICSA-18-165-01'),(1908,'2018-06-12',117,'ICSA-18-163-01'),(1909,'2018-06-12',117,'ICSA-18-163-02'),(1910,'2018-06-07',117,'ICSA-18-158-01'),(1911,'2018-06-05',117,'ICSMA-18-156-01'),(1912,'2018-06-05',117,'ICSA-18-156-01'),(1913,'2018-05-31',117,'ICSA-18-151-01'),(1914,'2018-05-31',117,'ICSA-18-151-02'),(1915,'2018-05-31',117,'ICSA-18-151-03'),(1916,'2018-05-24',117,'ICSMA-18-144-01'),(1917,'2018-05-24',117,'ICSA-18-144-01'),(1918,'2018-05-22',117,'ICSMA-18-142-01'),(1919,'2018-05-22',117,'ICSA-18-142-01'),(1920,'2018-05-17',117,'ICSMA-18-137-01'),(1921,'2018-05-17',117,'ICSA-18-137-01'),(1922,'2018-05-17',117,'ICSA-18-137-02'),(1923,'2018-05-17',117,'ICSA-18-137-03'),(1924,'2018-05-17',117,'ICSA-18-137-04'),(1925,'2018-05-15',117,'ICSA-18-135-01'),(1926,'2018-05-10',117,'ICSA-18-130-01'),(1927,'2018-05-10',117,'ICSA-18-130-02'),(1928,'2018-05-10',117,'ICSA-18-102-02'),(1929,'2018-05-08',117,'ICSMA-18-128-01'),(1930,'2018-05-08',117,'ICSA-18-128-01'),(1931,'2018-05-08',117,'ICSA-18-128-02'),(1932,'2018-05-08',117,'ICSA-18-128-03'),(1933,'2018-05-03',117,'ICSMA-18-123-01'),(1934,'2018-05-03',117,'ICSA-18-123-01'),(1935,'2018-04-26',117,'ICSA-18-116-01'),(1936,'2018-04-26',117,'ICSA-18-116-02'),(1937,'2018-04-24',117,'ICSMA-18-114-01'),(1938,'2018-04-24',117,'ICSA-18-114-01'),(1939,'2018-04-24',117,'ICSA-18-114-02'),(1940,'2018-04-24',117,'ICSA-18-114-03'),(1941,'2018-04-19',117,'ICSA-18-109-01'),(1942,'2018-04-17',117,'ICSMA-18-107-01'),(1943,'2018-04-17',117,'ICSMA-18-107-02'),(1944,'2018-04-17',117,'ICSA-18-107-01'),(1945,'2018-04-17',117,'ICSA-18-107-02'),(1946,'2018-04-17',117,'ICSA-18-107-03'),(1947,'2019-05-28',117,'ICSA-19-148-01');
/*!40000 ALTER TABLE `icscert` ENABLE KEYS */;
UNLOCK TABLES;

--
-- Table structure for table `icscert_cve`
--

DROP TABLE IF EXISTS `icscert_cve`;
/*!40101 SET @saved_cs_client     = @@character_set_client */;
/*!40101 SET character_set_client = utf8 */;
CREATE TABLE `icscert_cve` (
  `id_icscert_cve` int(11) NOT NULL AUTO_INCREMENT,
  `id_icscert` smallint(5) unsigned NOT NULL,
  `id_cve` smallint(5) unsigned NOT NULL,
  PRIMARY KEY (`id_icscert_cve`),
  UNIQUE KEY `UQ_icscert_cve__id_icscert__id_cve` (`id_icscert`,`id_cve`),
  KEY `FK_icscert_cve__id_cve` (`id_cve`),
  CONSTRAINT `FK_icscert_cve__id_cve` FOREIGN KEY (`id_cve`) REFERENCES `cve` (`id`),
  CONSTRAINT `FK_icscert_cve__id_icscert` FOREIGN KEY (`id_icscert`) REFERENCES `icscert` (`id`)
) ENGINE=InnoDB AUTO_INCREMENT=4187 DEFAULT CHARSET=utf8;
/*!40101 SET character_set_client = @saved_cs_client */;

--
-- Dumping data for table `icscert_cve`
--

LOCK TABLES `icscert_cve` WRITE;
/*!40000 ALTER TABLE `icscert_cve` DISABLE KEYS */;
INSERT INTO `icscert_cve` VALUES (3664,1697,3787),(3665,1697,3788),(3666,1697,3789),(3667,1697,3790),(3668,1697,3791),(3669,1697,3792),(3670,1697,3793),(3671,1697,3794),(3672,1697,3795),(3673,1698,3796),(3674,1699,3797),(3675,1700,3798),(3676,1701,3799),(3677,1702,3800),(3678,1703,3801),(3679,1704,3802),(3680,1704,3803),(3681,1704,3804),(3682,1705,3805),(3683,1706,3806),(3684,1707,3807),(3685,1707,3808),(3686,1707,3809),(3687,1707,3810),(3688,1707,3811),(3689,1708,3812),(3690,1708,3813),(3691,1708,3814),(3692,1709,3815),(3693,1709,3816),(3694,1709,3817),(3695,1710,3818),(3696,1710,3819),(3697,1710,3820),(3698,1710,3821),(3699,1710,3822),(3700,1710,3823),(3701,1711,3824),(3702,1711,3825),(3703,1711,3826),(3704,1711,3827),(3705,1711,3828),(3706,1712,3829),(3707,1712,3830),(3708,1712,3831),(3709,1712,3832),(3710,1712,3833),(3711,1712,3834),(3712,1712,3835),(3713,1713,3836),(3714,1714,3837),(3715,1714,3838),(3716,1715,3839),(3717,1715,3840),(3718,1716,3841),(3719,1717,3842),(3720,1717,3843),(3721,1717,3844),(3722,1718,3845),(3723,1719,3846),(3724,1720,3847),(3725,1721,3848),(3726,1722,3849),(3727,1723,3850),(3728,1723,3851),(3729,1723,3852),(3730,1723,3853),(3731,1724,3854),(3732,1724,3855),(3733,1724,3856),(3734,1725,3857),(3735,1726,3858),(3736,1727,3859),(3737,1728,3860),(3738,1728,3861),(3739,1728,3862),(3740,1728,3863),(3741,1728,3864),(3742,1729,3865),(3743,1730,3866),(3744,1730,3867),(3745,1730,3868),(3746,1731,3869),(3747,1732,3870),(3748,1733,3871),(3749,1734,3872),(3750,1735,3873),(3751,1735,3874),(3752,1736,3875),(3753,1737,3876),(3754,1737,3877),(3755,1737,3878),(3756,1737,3879),(3757,1737,3880),(3758,1737,3881),(3759,1738,3882),(3760,1739,3875),(3761,1740,3884),(3762,1741,3885),(3763,1742,3886),(3764,1743,3887),(3765,1743,3888),(3766,1743,3889),(3767,1743,3890),(3768,1743,3891),(3769,1743,3892),(3770,1743,3893),(3771,1743,3894),(3772,1743,3895),(3773,1743,3896),(3774,1744,3897),(3775,1744,3898),(3776,1744,3899),(3777,1744,3900),(3778,1744,3901),(3779,1744,3902),(3780,1744,3903),(3781,1744,3904),(3782,1744,3905),(3783,1744,3906),(3784,1744,3907),(3785,1745,3908),(3786,1746,3909),(3787,1747,3910),(3788,1747,3911),(3789,1748,3912),(3790,1749,3913),(3791,1750,3914),(3792,1751,3915),(3793,1752,3916),(3794,1752,3917),(3795,1752,3918),(3796,1753,3919),(3797,1754,3920),(3798,1754,3921),(3799,1754,3922),(3800,1755,3923),(3801,1755,3924),(3802,1755,3925),(3803,1756,3926),(3804,1757,3927),(3805,1757,3928),(3806,1758,3929),(3807,1758,3930),(3808,1759,3931),(3809,1760,3932),(3810,1760,3933),(3811,1760,3934),(3812,1761,3935),(3813,1761,3936),(3814,1762,3937),(3815,1762,3938),(3816,1762,3939),(3817,1762,3940),(3818,1762,3941),(3819,1763,3942),(3820,1763,3943),(3821,1763,3944),(3822,1764,3945),(3823,1764,3946),(3824,1764,3947),(3825,1766,3948),(3826,1767,3949),(3827,1768,3950),(3828,1769,3951),(3829,1770,3952),(3830,1770,3953),(3831,1770,3954),(3832,1771,3955),(3833,1771,3956),(3834,1771,3957),(3835,1771,3958),(3836,1771,3959),(3837,1771,3960),(3838,1772,3961),(3839,1772,3962),(3840,1772,3963),(3841,1773,3964),(3842,1773,3965),(3843,1774,3966),(3844,1774,3967),(3845,1774,3968),(3846,1774,3969),(3847,1774,3970),(3848,1774,3971),(3849,1774,3972),(3850,1775,3973),(3851,1776,3974),(3852,1776,3975),(3853,1777,3976),(3854,1777,3977),(3855,1777,3978),(3856,1777,3979),(3857,1777,3980),(3858,1777,3981),(3859,1777,3982),(3860,1777,3983),(3861,1777,3984),(3862,1777,3985),(3863,1777,3986),(3864,1778,3987),(3865,1779,3988),(3866,1780,3989),(3867,1781,3990),(3868,1782,3991),(3869,1783,3992),(3870,1783,3993),(3871,1783,3994),(3872,1783,3995),(3873,1784,3996),(3874,1785,3997),(3875,1786,3998),(3876,1787,3999),(3877,1788,4000),(3878,1789,4001),(3879,1790,4002),(3880,1790,4003),(3881,1791,4004),(3882,1792,4005),(3883,1793,4006),(3884,1793,4007),(3885,1794,4008),(3886,1795,4009),(3887,1796,4010),(3888,1797,4011),(3889,1798,4012),(3890,1798,4013),(3891,1798,4014),(3892,1799,3927),(3893,1799,3928),(3894,1800,4017),(3895,1801,4018),(3896,1802,4019),(3897,1804,4020),(3898,1805,4021),(3899,1806,4022),(3900,1807,4023),(3901,1807,4024),(3902,1808,4025),(3903,1809,4026),(3904,1809,4027),(3905,1810,4028),(3906,1811,4029),(3907,1812,4030),(3908,1813,4031),(3909,1814,4032),(3910,1814,4033),(3911,1815,4034),(3912,1816,4035),(3913,1817,4036),(3914,1818,4037),(3915,1819,4038),(3916,1820,4039),(3917,1820,4040),(3918,1821,4041),(3919,1822,4042),(3920,1822,4043),(3921,1822,4044),(3922,1822,4045),(3923,1822,4046),(3924,1823,4047),(3925,1823,4048),(3926,1824,4028),(3927,1825,4050),(3928,1825,4051),(3929,1826,4052),(3930,1827,4053),(3931,1828,4054),(3932,1829,4055),(3933,1829,4056),(3934,1830,4057),(3935,1830,4058),(3936,1830,4059),(3937,1830,4060),(3938,1831,4061),(3939,1831,4062),(3940,1831,4063),(3941,1832,4064),(3942,1833,4065),(3943,1833,4066),(3944,1833,4067),(3945,1833,4068),(3946,1834,4069),(3947,1834,4070),(3948,1834,4071),(3949,1834,4072),(3950,1834,4073),(3951,1834,4074),(3952,1835,4075),(3953,1835,4076),(3954,1836,4077),(3955,1836,4078),(3956,1836,4079),(3957,1836,4080),(3958,1836,4081),(3959,1836,4082),(3960,1836,4083),(3961,1837,4084),(3962,1837,4085),(3963,1838,4086),(3964,1839,4087),(3965,1840,4088),(3966,1840,4089),(3967,1841,4090),(3968,1842,4091),(3969,1843,4092),(3970,1843,4093),(3971,1843,4094),(3972,1844,4095),(3973,1845,4096),(3974,1846,4097),(3975,1847,4098),(3976,1847,4099),(3977,1847,4100),(3978,1847,4101),(3979,1848,4102),(3980,1849,4103),(3981,1850,4104),(3982,1850,4105),(3983,1852,4106),(3984,1852,4107),(3985,1853,4108),(3986,1853,4109),(3987,1853,4110),(3988,1854,4111),(3989,1855,4112),(3990,1856,4113),(3991,1856,4114),(3992,1856,4115),(3993,1857,4116),(3994,1858,4053),(3995,1859,4118),(3996,1859,4119),(3997,1859,4120),(3998,1859,4121),(3999,1859,4122),(4000,1859,4123),(4001,1859,4124),(4002,1860,4125),(4003,1861,4126),(4004,1862,4127),(4005,1863,4128),(4006,1864,4129),(4007,1864,4130),(4008,1865,4131),(4009,1866,4132),(4010,1866,4133),(4011,1866,4134),(4012,1866,4135),(4013,1866,4136),(4014,1866,4137),(4015,1866,4138),(4016,1866,4139),(4017,1866,4140),(4018,1867,4141),(4019,1869,4142),(4020,1870,4143),(4021,1871,4144),(4022,1872,4145),(4023,1873,4146),(4024,1874,4147),(4025,1875,4148),(4026,1875,4149),(4027,1877,3964),(4028,1877,3965),(4029,1878,4152),(4030,1878,4153),(4031,1879,4154),(4032,1879,4155),(4033,1880,4156),(4034,1881,4157),(4035,1881,4158),(4036,1882,4159),(4037,1882,4160),(4038,1882,4161),(4039,1882,4162),(4040,1883,4163),(4041,1883,4164),(4042,1883,4165),(4043,1883,4166),(4044,1884,4167),(4045,1884,4168),(4046,1885,4169),(4047,1885,4170),(4048,1886,4171),(4049,1886,4172),(4050,1887,4173),(4051,1888,4097),(4052,1889,4175),(4053,1889,4176),(4054,1889,4177),(4055,1889,4178),(4056,1890,4179),(4057,1891,4180),(4058,1892,4181),(4059,1893,4182),(4060,1894,4183),(4061,1894,4184),(4062,1894,4185),(4063,1894,4186),(4064,1895,4187),(4065,1896,4188),(4066,1897,4189),(4067,1897,4190),(4068,1897,4191),(4069,1899,4192),(4070,1900,4193),(4071,1900,4194),(4072,1901,4195),(4073,1901,4196),(4074,1901,4197),(4075,1902,4198),(4076,1902,4199),(4077,1902,4200),(4078,1902,4201),(4079,1902,4202),(4080,1903,4203),(4081,1903,4204),(4082,1904,4205),(4083,1905,4206),(4084,1906,4207),(4085,1906,4208),(4086,1906,4209),(4087,1906,4210),(4088,1906,4211),(4089,1906,4212),(4090,1906,4213),(4091,1906,4214),(4092,1907,4215),(4093,1908,4216),(4094,1908,4217),(4095,1908,4218),(4096,1908,4219),(4097,1909,4220),(4098,1909,4221),(4099,1910,4222),(4100,1911,4223),(4101,1911,4224),(4102,1911,4225),(4103,1912,4226),(4104,1912,4227),(4105,1912,4228),(4106,1913,4229),(4107,1913,4230),(4108,1913,4231),(4109,1914,4232),(4110,1914,4233),(4111,1914,4234),(4112,1915,4235),(4113,1915,4236),(4114,1915,4237),(4115,1915,4238),(4116,1915,4239),(4117,1916,4240),(4118,1916,4241),(4119,1916,4242),(4120,1917,4243),(4121,1917,4244),(4122,1917,4245),(4123,1918,4246),(4124,1918,4247),(4125,1919,4248),(4126,1919,4249),(4127,1919,4250),(4128,1919,4251),(4129,1920,4252),(4130,1920,4253),(4131,1921,4254),(4132,1922,4255),(4133,1922,4256),(4134,1922,4257),(4135,1922,4258),(4136,1923,4259),(4137,1924,4260),(4138,1925,4261),(4139,1925,4262),(4140,1925,4263),(4141,1925,4264),(4142,1925,4265),(4143,1925,4266),(4144,1925,4267),(4145,1925,4268),(4146,1925,4269),(4147,1925,4270),(4148,1925,4271),(4149,1926,4272),(4150,1927,4273),(4152,1928,4180),(4151,1928,4274),(4153,1929,4276),(4154,1929,4277),(4155,1930,3847),(4156,1930,4279),(4157,1931,4280),(4158,1932,4281),(4159,1933,4282),(4160,1933,4283),(4161,1933,4284),(4162,1934,4285),(4163,1934,4286),(4164,1935,4287),(4165,1936,4288),(4166,1938,4289),(4167,1938,4290),(4168,1938,4291),(4169,1938,4292),(4170,1938,4293),(4171,1939,4294),(4172,1940,4295),(4173,1940,4296),(4174,1940,4297),(4175,1941,4298),(4176,1942,4299),(4177,1942,4300),(4178,1944,4301),(4179,1945,4302),(4180,1945,4303),(4181,1946,4304),(4182,1946,4305),(4183,1946,4306),(4184,1946,4307),(4185,1947,4308),(4186,1947,4309);
/*!40000 ALTER TABLE `icscert_cve` ENABLE KEYS */;
UNLOCK TABLES;

--
-- Temporary table structure for view `icscert_instances`
--

DROP TABLE IF EXISTS `icscert_instances`;
/*!50001 DROP VIEW IF EXISTS `icscert_instances`*/;
SET @saved_cs_client     = @@character_set_client;
SET character_set_client = utf8;
/*!50001 CREATE TABLE `icscert_instances` (
  `icscert` tinyint NOT NULL,
  `quantity` tinyint NOT NULL
) ENGINE=MyISAM */;
SET character_set_client = @saved_cs_client;

--
-- Table structure for table `icscert_product`
--

DROP TABLE IF EXISTS `icscert_product`;
/*!40101 SET @saved_cs_client     = @@character_set_client */;
/*!40101 SET character_set_client = utf8 */;
CREATE TABLE `icscert_product` (
  `id_icscert_product` int(11) NOT NULL AUTO_INCREMENT,
  `id_icscert` smallint(5) unsigned NOT NULL,
  `id_product` smallint(5) unsigned NOT NULL,
  PRIMARY KEY (`id_icscert_product`),
  UNIQUE KEY `UQ_icscert_product__id_icscert__id_product` (`id_icscert`,`id_product`),
  KEY `FK_icscert_product__id_product` (`id_product`),
  CONSTRAINT `FK_icscert_product__id_icscert` FOREIGN KEY (`id_icscert`) REFERENCES `icscert` (`id`),
  CONSTRAINT `FK_icscert_product__id_product` FOREIGN KEY (`id_product`) REFERENCES `product` (`id`)
) ENGINE=InnoDB AUTO_INCREMENT=1870 DEFAULT CHARSET=utf8;
/*!40101 SET character_set_client = @saved_cs_client */;

--
-- Dumping data for table `icscert_product`
--

LOCK TABLES `icscert_product` WRITE;
/*!40000 ALTER TABLE `icscert_product` DISABLE KEYS */;
INSERT INTO `icscert_product` VALUES (1626,1697,1680),(1627,1698,1681),(1628,1699,1682),(1629,1700,1683),(1630,1701,1684),(1631,1702,1685),(1632,1703,1686),(1633,1704,1687),(1634,1705,1688),(1635,1706,1689),(1636,1707,1690),(1637,1708,1691),(1638,1709,1692),(1639,1710,1693),(1640,1711,1694),(1641,1712,1695),(1642,1713,1696),(1643,1714,1697),(1644,1715,1698),(1645,1716,1699),(1646,1717,1700),(1647,1718,1701),(1648,1719,1702),(1649,1720,1703),(1650,1721,1704),(1651,1722,1705),(1652,1723,1706),(1653,1724,1707),(1654,1725,1708),(1655,1726,1709),(1656,1727,1710),(1657,1728,1711),(1658,1729,1712),(1659,1730,1713),(1660,1731,1714),(1661,1732,1715),(1662,1733,1716),(1663,1734,1717),(1664,1735,1718),(1665,1736,1719),(1666,1737,1720),(1667,1738,1721),(1668,1739,1722),(1669,1740,1723),(1670,1741,1724),(1671,1742,1725),(1672,1743,1726),(1673,1744,1727),(1674,1745,1700),(1675,1746,1729),(1676,1747,1730),(1677,1748,1731),(1678,1749,1732),(1679,1750,1733),(1680,1751,1734),(1681,1752,1735),(1682,1753,1736),(1683,1754,1737),(1684,1755,1738),(1685,1756,1739),(1686,1757,1740),(1687,1758,1741),(1688,1759,1742),(1689,1760,1743),(1690,1761,1744),(1691,1762,1745),(1692,1763,1746),(1693,1764,1747),(1694,1766,1748),(1695,1767,1749),(1696,1768,1750),(1697,1769,1751),(1698,1770,1713),(1699,1771,1753),(1700,1772,1754),(1701,1773,1755),(1702,1774,1756),(1703,1775,1757),(1704,1776,1758),(1705,1777,1721),(1706,1778,1760),(1707,1779,1761),(1708,1780,1762),(1709,1781,1763),(1710,1782,1764),(1711,1783,1765),(1712,1784,1766),(1713,1785,1767),(1714,1786,1768),(1715,1787,1729),(1716,1788,1770),(1717,1789,1771),(1718,1790,1772),(1719,1791,1713),(1720,1792,1774),(1721,1793,1775),(1722,1794,1776),(1723,1795,1777),(1724,1796,1778),(1725,1797,1779),(1726,1798,1780),(1727,1799,1734),(1728,1800,1782),(1729,1801,1783),(1730,1802,1784),(1731,1804,1785),(1732,1805,1786),(1733,1806,1787),(1734,1807,1788),(1735,1808,1789),(1736,1809,1790),(1737,1810,1791),(1738,1811,1792),(1739,1812,1793),(1740,1813,1794),(1741,1814,1795),(1742,1815,1796),(1743,1816,1797),(1744,1817,1798),(1745,1818,1799),(1746,1819,1800),(1747,1820,1801),(1748,1821,1802),(1749,1822,1803),(1750,1823,1741),(1751,1824,1805),(1752,1825,1806),(1753,1826,1807),(1754,1827,1808),(1755,1828,1809),(1756,1829,1810),(1757,1830,1810),(1758,1831,1812),(1759,1832,1813),(1760,1833,1756),(1761,1834,1721),(1762,1835,1816),(1763,1836,1817),(1764,1837,1818),(1765,1838,1819),(1766,1839,1690),(1767,1840,1821),(1768,1841,1822),(1769,1842,1823),(1770,1843,1824),(1771,1844,1825),(1772,1845,1826),(1773,1846,1827),(1774,1847,1828),(1775,1848,1829),(1776,1849,1694),(1777,1850,1831),(1778,1852,1832),(1779,1853,1833),(1780,1854,1834),(1781,1855,1835),(1782,1856,1724),(1783,1857,1837),(1784,1858,1838),(1785,1859,1839),(1786,1860,1840),(1787,1861,1841),(1788,1862,1842),(1789,1863,1843),(1790,1864,1844),(1791,1865,1845),(1792,1866,1846),(1793,1867,1847),(1794,1869,1793),(1795,1870,1849),(1796,1871,1850),(1797,1872,1851),(1798,1873,1852),(1799,1874,1853),(1800,1875,1854),(1801,1877,1855),(1802,1878,1856),(1803,1879,1857),(1804,1880,1858),(1805,1881,1859),(1806,1882,1860),(1807,1883,1861),(1808,1884,1862),(1809,1885,1863),(1810,1886,1864),(1811,1887,1865),(1812,1888,1866),(1813,1889,1743),(1814,1890,1868),(1815,1891,1869),(1816,1892,1870),(1817,1893,1871),(1818,1894,1872),(1819,1895,1873),(1820,1896,1874),(1821,1897,1875),(1822,1899,1876),(1823,1900,1877),(1824,1901,1878),(1825,1902,1879),(1826,1903,1862),(1827,1904,1881),(1828,1905,1882),(1829,1906,1883),(1830,1907,1884),(1831,1908,1885),(1832,1909,1843),(1833,1910,1887),(1834,1911,1888),(1835,1912,1889),(1836,1913,1890),(1837,1914,1891),(1838,1915,1892),(1839,1916,1893),(1840,1917,1894),(1841,1918,1895),(1842,1919,1896),(1843,1920,1897),(1844,1921,1898),(1845,1922,1899),(1846,1923,1900),(1847,1924,1818),(1848,1925,1810),(1849,1926,1903),(1850,1927,1904),(1851,1928,1905),(1852,1929,1906),(1853,1930,1907),(1854,1931,1908),(1855,1932,1909),(1856,1933,1910),(1857,1934,1911),(1858,1935,1912),(1859,1936,1913),(1860,1938,1914),(1861,1939,1915),(1862,1940,1916),(1863,1941,1917),(1864,1942,1918),(1865,1943,1771),(1866,1944,1920),(1867,1945,1921),(1868,1946,1922),(1869,1947,1923);
/*!40000 ALTER TABLE `icscert_product` ENABLE KEYS */;
UNLOCK TABLES;

--
-- Table structure for table `patch`
--

DROP TABLE IF EXISTS `patch`;
/*!40101 SET @saved_cs_client     = @@character_set_client */;
/*!40101 SET character_set_client = utf8 */;
CREATE TABLE `patch` (
  `id` smallint(5) unsigned NOT NULL AUTO_INCREMENT,
  `patch` char(255) DEFAULT NULL,
  PRIMARY KEY (`id`),
  UNIQUE KEY `UC_patch` (`patch`)
) ENGINE=InnoDB AUTO_INCREMENT=1963 DEFAULT CHARSET=utf8;
/*!40101 SET character_set_client = @saved_cs_client */;

--
-- Dumping data for table `patch`
--

LOCK TABLES `patch` WRITE;
/*!40000 ALTER TABLE `patch` DISABLE KEYS */;
INSERT INTO `patch` VALUES (117,'Default Patch Name');
/*!40000 ALTER TABLE `patch` ENABLE KEYS */;
UNLOCK TABLES;

--
-- Table structure for table `product`
--

DROP TABLE IF EXISTS `product`;
/*!40101 SET @saved_cs_client     = @@character_set_client */;
/*!40101 SET character_set_client = utf8 */;
CREATE TABLE `product` (
  `id` smallint(5) unsigned NOT NULL AUTO_INCREMENT,
  `name` char(255) DEFAULT NULL,
  `deviceYN` tinyint(4) DEFAULT NULL,
  `deviceType` smallint(5) unsigned NOT NULL,
  `deviceComment` text DEFAULT NULL,
  `vendor` smallint(5) unsigned NOT NULL,
  PRIMARY KEY (`id`),
  KEY `fk_product_deviceType` (`deviceType`),
  KEY `fk_product_vendor` (`vendor`),
  CONSTRAINT `fk_product_deviceType` FOREIGN KEY (`deviceType`) REFERENCES `devicetype` (`id`),
  CONSTRAINT `fk_product_vendor` FOREIGN KEY (`vendor`) REFERENCES `vendor` (`id`)
) ENGINE=InnoDB AUTO_INCREMENT=1924 DEFAULT CHARSET=utf8;
/*!40101 SET character_set_client = @saved_cs_client */;

--
-- Dumping data for table `product`
--

LOCK TABLES `product` WRITE;
/*!40000 ALTER TABLE `product` DISABLE KEYS */;
INSERT INTO `product` VALUES (1680,'CBAS Web',0,1,'Device Comment',1839),(1681,'MELSEC-Q series Ethernet module',0,1,'Device Comment',1840),(1682,'Modicon M580, Modicon M340, Modicon Premium, and Modicon Quantum',0,1,'Device Comment',1841),(1683,'Alpha7 PC Loader',0,1,'Device Comment',1842),(1684,'Network Configurator for DeviceNet ',0,1,'Device Comment',1843),(1685,'SIMATIC WinCC and SIMATIC PCS 7',0,1,'Device Comment',1844),(1686,'LOGO! Soft Comfort',0,1,'Device Comment',1844),(1687,'LOGO!8 BM',0,1,'Device Comment',1844),(1688,'SINAMICS PERFECT HARMONY GH180 Drives NXG I and NXG II',0,1,'Device Comment',1844),(1689,'SINAMICS PERFECT HARMONY GH180 Fieldbus Network',0,1,'Device Comment',1844),(1690,'SCALANCE W1750D',0,1,'Device Comment',1844),(1691,'SIMATIC PCS 7, WinCC Runtime Professional, WinCC (TIA Portal)',0,1,'Device Comment',1844),(1692,'SIMATIC WinCC Runtime Advanced, WinCC Runtime Professional, WinCC (TIA Portal), HMI Panels',0,1,'Device Comment',1844),(1693,'SiteOmat',0,1,'Device Comment',1852),(1694,'Communicator',0,1,'Device Comment',1853),(1695,'AirLink ALEOS',0,1,'Device Comment',1854),(1696,'Tasy EMR',0,1,'Device Comment',1855),(1697,'CompactLogix 5370',0,1,'Device Comment',1856),(1698,'FCR Capsula X/Carbon X',0,1,'Device Comment',1857),(1699,'MicroLogix 1400 and CompactLogix 5370 Controllers',0,1,'Device Comment',1856),(1700,'Delta Industrial Automation CNCSoft',0,1,'Device Comment',1859),(1701,'Series 750-88x and 750-87x',0,1,'Device Comment',1860),(1702,'Programmable Logic Controllers',0,1,'Device Comment',1861),(1703,'SIMOCODE pro V EIP',0,1,'Device Comment',1844),(1704,'Spectrum Power 4.7',0,1,'Device Comment',1844),(1705,'SIMATIC, SINEC-NMS, SINEMA, SINEMURIK Industrial Control Products with OPC UA',0,1,'Device Comment',1844),(1706,'SINEMA Remote Connect (Client and Server)',0,1,'Device Comment',1844),(1707,'RUGGEDCOM ROX II',0,1,'Device Comment',1844),(1708,'CP, SIMATIC, SIMOCODE, SINAMICS, SITOP, and TIM',0,1,'Device Comment',1844),(1709,'CX-Programmer within CX-One',0,1,'Device Comment',1843),(1710,'Stratix 5400/5410/5700, ArmorStratix 5700',0,1,'Device Comment',1856),(1711,'Stratix 5400/5410/5700/8000/8300, ArmorStratix 5700',0,1,'Device Comment',1856),(1712,'Stratix 5950',0,1,'Device Comment',1856),(1713,'WebAccess/SCADA',0,1,'Device Comment',1872),(1714,'PowerFlex 525 AC Drives',0,1,'Device Comment',1856),(1715,'SCALANCE X',0,1,'Device Comment',1844),(1716,'RAD-80211-XD',0,1,'Device Comment',1875),(1717,'Datagate MK2, Storm 24, Pixelator',0,1,'Device Comment',1876),(1718,'MyCareLink Monitor, CareLink Monitor, CareLink 2090 Programmer, specific Medtronic implanted cardiac devices listed below',0,1,'Device Comment',1877),(1719,'InduSoft Web Studio, InTouch Edge HMI',0,1,'Device Comment',1878),(1720,'Weather MicroServer',0,1,'Device Comment',1879),(1721,'LAquis SCADA',0,1,'Device Comment',1880),(1722,'Sentinel UltraPro',0,1,'Device Comment',1881),(1723,'WirelessHART-Gateways',0,1,'Device Comment',1882),(1724,'RSLinx Classic',0,1,'Device Comment',1856),(1725,'Telecontrol Gateway and Smart Telecontrol Unit family, IEC104 Security Proxy',0,1,'Device Comment',1884),(1726,'IKS, EDS',0,1,'Device Comment',1885),(1727,'Data Center Manager SDK',0,1,'Device Comment',1886),(1728,'Delta Industrial Automation CNCSoft',0,1,'Device Comment',1859),(1729,'Cscape',0,1,'Device Comment',1888),(1730,'Allen-Bradley PowerMonitor 1000',0,1,'Device Comment',1856),(1731,'Internet FAX Analog Telephone Adapter (ATA)',0,1,'Device Comment',1890),(1732,'gpsd, microjson',0,1,'Device Comment',1891),(1733,'PI Vision',0,1,'Device Comment',1892),(1734,'EN100 Ethernet Communication Module and SIPROTEC 5 Relays',0,1,'Device Comment',1844),(1735,'WibuKey Digital Rights Management (DRM)',0,1,'Device Comment',1894),(1736,'SIMATIC S7-300 CPU',0,1,'Device Comment',1844),(1737,'Intel Active Management Technology (AMT) of SIMATIC IPCs',0,1,'Device Comment',1844),(1738,'CP1604 and CP1616',0,1,'Device Comment',1844),(1739,'SICAM A8000 RTU',0,1,'Device Comment',1844),(1740,'EN100 Ethernet module',0,1,'Device Comment',1844),(1741,'InduSoft Web Studio and InTouch Edge HMI (formerly InTouch Machine Edition)',0,1,'Device Comment',1900),(1742,'EtherNet/IP Web Server Modules',0,1,'Device Comment',1856),(1743,'LeviStudioU',0,1,'Device Comment',1902),(1744,'SIMATIC S7-1500 CPU',0,1,'Device Comment',1844),(1745,'PR100088 Modbus gateway',0,1,'Device Comment',1904),(1746,'PremiSys',0,1,'Device Comment',1905),(1747,'EVLink Parking',0,1,'Device Comment',1841),(1748,'FACSLyric',0,1,'Device Comment',1907),(1749,'License Manager Service',0,1,'Device Comment',1908),(1750,'MELSEC-Q series PLCs',0,1,'Device Comment',1840),(1751,'Wonderware System Platform',0,1,'Device Comment',1878),(1752,'WebAccess/SCADA',0,1,'Device Comment',1872),(1753,'FL SWITCH',0,1,'Device Comment',1875),(1754,'Infinity Delta ',0,1,'Device Comment',1913),(1755,'Facility Explorer',0,1,'Device Comment',1914),(1756,'CX-Supervisor',0,1,'Device Comment',1915),(1757,'CP400 Panel Builder TextEditor 2.0',0,1,'Device Comment',1916),(1758,'X-320M',0,1,'Device Comment',1917),(1759,'LAquis SCADA',0,1,'Device Comment',1918),(1760,'DeltaV Distributed Control System Workstations',0,1,'Device Comment',1919),(1761,'CX-Protocol within CX-One',0,1,'Device Comment',1843),(1762,'PNOZmulti Configurator',0,1,'Device Comment',1921),(1763,'Niagara Enterprise Security, Niagara AX, and Niagara 4',0,1,'Device Comment',1922),(1764,'Zelio Soft 2',0,1,'Device Comment',1841),(1765,'IIoT Monitor',0,1,'Device Comment',1841),(1766,'Pro-face GP-Pro EX',0,1,'Device Comment',1841),(1767,'Vnet/IP Open Communication Driver',0,1,'Device Comment',1908),(1768,'Nova-M',0,1,'Device Comment',1927),(1769,'Cscape',0,1,'Device Comment',1888),(1770,'EcoStruxure',0,1,'Device Comment',1841),(1771,'Inconnu',0,1,'Device Comment',1930),(1772,'GATE-E2',0,1,'Device Comment',1916),(1773,'WebAccess/SCADA',0,1,'Device Comment',1872),(1774,'CODESYS Control V3 products',0,1,'Device Comment',1933),(1775,'CODESYS V3 products',0,1,'Device Comment',1933),(1776,'TIM 1531 IRC',0,1,'Device Comment',1844),(1777,'CMS-770',0,1,'Device Comment',1916),(1778,'M2M ETHERNET',0,1,'Device Comment',1916),(1779,'9790 CareLink Programmer, 2090 CareLink Programmer, 29901 Encore Programmer',0,1,'Device Comment',1877),(1780,'Eurotherm by Schneider Electric GUIcon',0,1,'Device Comment',1841),(1781,'EN100 Ethernet Communication Module and SIPROTEC 5 relays',0,1,'Device Comment',1844),(1782,'E2 Camera Series',0,1,'Device Comment',1941),(1783,'Mark VIe, EX2100e, EX2100e_Reg, and LS2100e ',0,1,'Device Comment',1942),(1784,'SINAMICS PERFECT HARMONY GH180',0,1,'Device Comment',1943),(1785,'Philips HealthSuite Health Android App',0,1,'Device Comment',1855),(1786,'Proficy GDS',0,1,'Device Comment',1945),(1787,'MicroLogix 1400 Controllers and 1756 ControlLogix Communications Modules',0,1,'Device Comment',1856),(1788,'CX-One',0,1,'Device Comment',1843),(1789,'SCADA WebServer',0,1,'Device Comment',1948),(1790,'VT-Designer',0,1,'Device Comment',1949),(1791,'Vijeo Citect, Citect SCADA',0,1,'Device Comment',1900),(1792,'Sherlock',0,1,'Device Comment',1951),(1793,'Modicon M221',0,1,'Device Comment',1841),(1794,'IEC 61850 system configurator, DIGSI 5, DIGSI 4, SICAM PAS/PQS, SICAM PQ Analyzer, and SICAM SCC',0,1,'Device Comment',1844),(1795,'S7-400 CPUs',0,1,'Device Comment',1844),(1796,'SIMATIC Panels and SIMATIC WinCC (TIA Portal)',0,1,'Device Comment',1844),(1797,'SCALANCE S',0,1,'Device Comment',1844),(1798,'SIMATIC S7',0,1,'Device Comment',1844),(1799,'SIMATIC STEP 7 (TIA Portal)',0,1,'Device Comment',1844),(1800,'SIMATIC IT Production Suite',0,1,'Device Comment',1844),(1801,'SIMATIC Panels',0,1,'Device Comment',1844),(1802,'iSite and IntelliSpace PACS',0,1,'Device Comment',1855),(1803,'Accu-Chek Inform II, CoaguChek Pro II/XS Plus/XS Pro, cobas h 232 POC handheld medical devices',0,1,'Device Comment',1962),(1804,'InduSoft Web Studio and InTouch Edge HMI (formerly InTouch Machine Edition)',0,1,'Device Comment',1963),(1805,'Software Update (SESU)',0,1,'Device Comment',1841),(1806,'CirCarLife',0,1,'Device Comment',1965),(1807,'CASE Suite',0,1,'Device Comment',1966),(1808,'CT50-Ex',0,1,'Device Comment',1882),(1809,'Reliance 4 SCADA/HMI',0,1,'Device Comment',1968),(1810,'WebAccess',0,1,'Device Comment',1872),(1811,'WebAccess',0,1,'Device Comment',1872),(1812,'SAGA1-L series ',0,1,'Device Comment',1971),(1813,'F25 Series',0,1,'Device Comment',1972),(1814,'CX-Supervisor',0,1,'Device Comment',1843),(1815,'LAquis SCADA',0,1,'Device Comment',1974),(1816,'NVRmini2, NVRsolo',0,1,'Device Comment',1975),(1817,'CMS',0,1,'Device Comment',1975),(1818,'Delta Industrial Automation TPEditor',0,1,'Device Comment',1977),(1819,'Gigasoft component of iFix',0,1,'Device Comment',1942),(1820,'SCALANCE W1750D',0,1,'Device Comment',1844),(1821,'ROX II',0,1,'Device Comment',1844),(1822,'SIMATIC S7-1200 CPU Family Version 4',0,1,'Device Comment',1844),(1823,'SIMATIC S7-1500, SIMATIC S7-1500 Software Controller and SIMATIC ET 200SP Open Controller',0,1,'Device Comment',1844),(1824,'XMeye P2P Cloud Server',0,1,'Device Comment',1983),(1825,'Fuji Electric Energy Savings Estimator',0,1,'Device Comment',1842),(1826,'Carestream Vue RIS',0,1,'Device Comment',1985),(1827,'PeerVue Web Server',0,1,'Device Comment',1986),(1828,'PI Studio',0,1,'Device Comment',1987),(1829,'ISPSoft',0,1,'Device Comment',1977),(1830,'Communicator',0,1,'Device Comment',1942),(1831,'EMG 12',0,1,'Device Comment',1990),(1832,'Alpha5 Smart Loader',0,1,'Device Comment',1842),(1833,'FRENIC Loader, FRENIC-Mini (C1), FRENIC-Mini (C2), FRENIC-Eco, FRENIC-Multi, FRENIC-MEGA, FRENIC-Ace',0,1,'Device Comment',1842),(1834,'Delta Industrial Automation PMSoft',0,1,'Device Comment',1977),(1835,'SmartCooler',0,1,'Device Comment',1994),(1836,'RSLinx Classic',0,1,'Device Comment',1856),(1837,'PLC Editor',0,1,'Device Comment',1996),(1838,'Mobile Computers',0,1,'Device Comment',1997),(1839,'V-Server',0,1,'Device Comment',1842),(1840,'V-Server Lite',0,1,'Device Comment',1842),(1841,'TD Keypad Designer',0,1,'Device Comment',1844),(1842,'SIMATIC WinCC OA',0,1,'Device Comment',1844),(1843,'SCALANCE X Switches',0,1,'Device Comment',1844),(1844,'Thermal Management Center',0,1,'Device Comment',2003),(1845,'PAC Control Basic and PAC Control Professional',0,1,'Device Comment',2004),(1846,'Philips e-Alert Unit (non-medical device)',0,1,'Device Comment',1855),(1847,'Capsule Datacaptor Terminal Server (DTS)',0,1,'Device Comment',2006),(1848,'Modicon M221',0,1,'Device Comment',1841),(1849,'PowerLogic PM5560',0,1,'Device Comment',1841),(1850,'eSOMS',0,1,'Device Comment',1916),(1851,'Alaris GS, Alaris GH, Alaris CC, Alaris TIVA',0,1,'Device Comment',1907),(1852,'Philips IntelliVue Information Center iX',0,1,'Device Comment',1855),(1853,'iDefine, STARDOM, ASTPLANNER, and TriFellows',0,1,'Device Comment',1908),(1854,'PageWriter TC10, TC20, TC30, TC50, TC70 Cardiographs',0,1,'Device Comment',1855),(1855,'Niagara',0,1,'Device Comment',1922),(1856,'Philips’ IntelliSpace Cardiovascular (ISCV) products',0,1,'Device Comment',1855),(1857,'SIMATIC STEP 7 (TIA Portal) and SIMATIC WinCC (TIA Portal)',0,1,'Device Comment',1844),(1858,'Industrial Products',0,1,'Device Comment',1844),(1859,'Automation License Manager',0,1,'Device Comment',1844),(1860,'TSW-X60 and MC3',0,1,'Device Comment',2019),(1861,'4G LTE Light Industrial M2M Router',0,1,'Device Comment',2020),(1862,'MyCareLink Patient Monitor',0,1,'Device Comment',1877),(1863,'MiniMed 508 Insulin Pump',0,1,'Device Comment',1877),(1864,'CNCSoft and ScreenEditor',0,1,'Device Comment',2023),(1865,'DVW-3200N',0,1,'Device Comment',2024),(1866,'Metasys and BCPro',0,1,'Device Comment',1914),(1867,'LeviStudioU',0,1,'Device Comment',2026),(1868,'InTouch Access Anywhere',0,1,'Device Comment',1900),(1869,'Wonderware License Server',0,1,'Device Comment',1900),(1870,'InduSoft Web Studio and InTouch Machine Edition',0,1,'Device Comment',1900),(1871,'InTouch',0,1,'Device Comment',1963),(1872,'SmartServer 1, SmartServer 2, i.LON 100, i.LON 600',0,1,'Device Comment',2031),(1873,'NPort 5210, 5230, 5232',0,1,'Device Comment',1885),(1874,'Panel Builder 800',0,1,'Device Comment',1916),(1875,'e!DISPLAY Web-Based-Management (WBM)',0,1,'Device Comment',1860),(1876,'9000X Drive',0,1,'Device Comment',2035),(1877,'Robot Controllers',0,1,'Device Comment',2036),(1878,'Compass and AcSELerator Architect',0,1,'Device Comment',2037),(1879,'Allen-Bradley Stratix 5950',0,1,'Device Comment',1856),(1880,'MyCareLink Patient Monitor',0,1,'Device Comment',2039),(1881,'Delta Industrial Automation COMMGR',0,1,'Device Comment',2023),(1882,'Allen-Bradley CompactLogix and Compact GuardLogix',0,1,'Device Comment',2041),(1883,'Natus Xltek NeuroWorks software',0,1,'Device Comment',2042),(1884,'SCALANCE X switches, RUGGEDCOM WiMAX, RFID 181-EIP, and SIMATIC RF182C',0,1,'Device Comment',1844),(1885,'U.motion Builder',0,1,'Device Comment',1841),(1886,'SCALANCE X switches',0,1,'Device Comment',1844),(1887,'RSLinx Classic and FactoryTalk Linx Gateway',0,1,'Device Comment',1856),(1888,'IntelliVue Patient Monitors, Avalon Fetal/Maternal Monitors',0,1,'Device Comment',1855),(1889,'IP Gateway',0,1,'Device Comment',1916),(1890,'Delta Industrial Automation DOPSoft',0,1,'Device Comment',1977),(1891,'MDS PulseNET and MDS PulseNET Enterprise',0,1,'Device Comment',1942),(1892,'STARDOM Controllers',0,1,'Device Comment',1908),(1893,'TotalAlert Scroll Medical Air Systems web application',0,1,'Device Comment',2052),(1894,'Floating License Manager',0,1,'Device Comment',1841),(1895,'BD Kiestra and InoqulA systems',0,1,'Device Comment',1907),(1896,'TELEM-GW6/GWM',0,1,'Device Comment',2055),(1897,'N’Vision Clinician Programmer',0,1,'Device Comment',1877),(1898,'PACSystems CPE305/310, CPE330, CPE400, RSTi-EP CPE 100, CPU320/CRU320, RXi',0,1,'Device Comment',1942),(1899,'FL SWITCH 3xxx/4xxx/48xx Series',0,1,'Device Comment',1875),(1900,'SINAMIC S7-400 CPU',0,1,'Device Comment',1844),(1901,'Delta Industrial Automation TPEditor',0,1,'Device Comment',1977),(1902,'WebAccess',0,1,'Device Comment',1872),(1903,'MatrikonOPC Explorer',0,1,'Device Comment',2062),(1904,'Arena',0,1,'Device Comment',1856),(1905,'Factory Talk Activation Manager',0,1,'Device Comment',1856),(1906,'SX-500, SD-320AN, MobileLink',0,1,'Device Comment',2065),(1907,'Medium Voltage SINAMICS Products',0,1,'Device Comment',1844),(1908,'Siveillance Video Management Software (VMS)',0,1,'Device Comment',1844),(1909,'Siveillance VMS Video Mobile App',0,1,'Device Comment',1844),(1910,'Brilliance CT Scanners',0,1,'Device Comment',1855),(1911,'IDS 2102',0,1,'Device Comment',2070),(1912,'PMSoft',0,1,'Device Comment',1977),(1913,'LeviStudio HMI Editor, and PI Studio HMI Project Programmer',0,1,'Device Comment',1987),(1914,'VGo Robot',0,1,'Device Comment',2073),(1915,'Intel 2G Modem',0,1,'Device Comment',1886),(1916,'Advantech WebAccess HMI Designer',0,1,'Device Comment',1872),(1917,'SIMATIC WinCC OA iOS App',0,1,'Device Comment',1844),(1918,'Implantable Cardioverter Defibrillator and Cardiac Synchronization Therapy Defibrillator',0,1,'Device Comment',2077),(1919,'Inconnu',0,1,'Device Comment',1930),(1920,'InduSoft Web Studio, InTouch Machine Edition',0,1,'Device Comment',2079),(1921,'Triconex Tricon, Model 3008',0,1,'Device Comment',1841),(1922,'Allen-Bradley Stratix 5900 Services Router',0,1,'Device Comment',1856),(1923,'Ovation OCR400 Controller',0,1,'Device Comment',1919);
/*!40000 ALTER TABLE `product` ENABLE KEYS */;
UNLOCK TABLES;

--
-- Temporary table structure for view `product_by_countries`
--

DROP TABLE IF EXISTS `product_by_countries`;
/*!50001 DROP VIEW IF EXISTS `product_by_countries`*/;
SET @saved_cs_client     = @@character_set_client;
SET character_set_client = utf8;
/*!50001 CREATE TABLE `product_by_countries` (
  `product` tinyint NOT NULL,
  `countries` tinyint NOT NULL
) ENGINE=MyISAM */;
SET character_set_client = @saved_cs_client;

--
-- Table structure for table `product_countries`
--

DROP TABLE IF EXISTS `product_countries`;
/*!40101 SET @saved_cs_client     = @@character_set_client */;
/*!40101 SET character_set_client = utf8 */;
CREATE TABLE `product_countries` (
  `id_product_countries` int(11) NOT NULL AUTO_INCREMENT,
  `id_product` smallint(5) unsigned NOT NULL,
  `id_countries` smallint(5) unsigned NOT NULL,
  PRIMARY KEY (`id_product_countries`),
  UNIQUE KEY `UQ_product_countries__id_product__id_countries` (`id_product`,`id_countries`),
  KEY `FK_product_countries__id_countries` (`id_countries`),
  CONSTRAINT `FK_product_countries__id_countries` FOREIGN KEY (`id_countries`) REFERENCES `countries` (`id`),
  CONSTRAINT `FK_product_countries__id_product` FOREIGN KEY (`id_product`) REFERENCES `product` (`id`)
) ENGINE=InnoDB AUTO_INCREMENT=2359 DEFAULT CHARSET=utf8;
/*!40101 SET character_set_client = @saved_cs_client */;

--
-- Dumping data for table `product_countries`
--

LOCK TABLES `product_countries` WRITE;
/*!40000 ALTER TABLE `product_countries` DISABLE KEYS */;
INSERT INTO `product_countries` VALUES (2099,1680,258),(2100,1681,253),(2101,1682,253),(2102,1683,253),(2103,1684,253),(2104,1685,253),(2105,1686,253),(2106,1687,253),(2107,1688,253),(2108,1689,253),(2109,1690,253),(2110,1691,253),(2111,1692,253),(2112,1693,253),(2113,1694,253),(2114,1695,253),(2115,1696,30),(2116,1696,142),(2117,1697,253),(2118,1698,253),(2119,1699,253),(2120,1700,253),(2121,1701,253),(2122,1702,262),(2123,1703,253),(2124,1704,253),(2125,1705,253),(2126,1706,253),(2127,1707,253),(2128,1708,253),(2129,1709,253),(2130,1710,253),(2131,1711,253),(2132,1712,253),(2133,1713,250),(2135,1713,251),(2134,1713,260),(2136,1714,253),(2137,1715,253),(2138,1716,253),(2139,1717,253),(2140,1718,253),(2141,1719,253),(2142,1720,260),(2143,1721,252),(2144,1722,253),(2145,1723,253),(2146,1724,253),(2147,1725,253),(2148,1726,253),(2149,1727,253),(2151,1729,253),(2152,1730,253),(2153,1731,253),(2154,1732,253),(2155,1733,253),(2156,1734,253),(2157,1735,253),(2158,1736,253),(2159,1737,253),(2160,1738,253),(2161,1739,253),(2162,1740,253),(2163,1741,253),(2164,1742,253),(2165,1743,253),(2166,1744,253),(2167,1745,253),(2168,1746,253),(2169,1747,253),(2170,1748,253),(2171,1749,253),(2172,1750,253),(2173,1751,253),(2177,1753,253),(2178,1754,253),(2179,1755,253),(2180,1756,253),(2181,1757,253),(2182,1758,253),(2184,1760,253),(2185,1761,253),(2186,1762,253),(2187,1763,253),(2188,1764,253),(2189,1765,253),(2190,1766,253),(2191,1767,262),(2192,1768,253),(2194,1770,253),(2195,1771,253),(2354,1771,262),(2196,1772,253),(2200,1774,253),(2201,1775,253),(2202,1776,253),(2203,1777,253),(2204,1778,253),(2205,1779,253),(2206,1780,253),(2210,1782,13),(2208,1782,251),(2209,1782,260),(2211,1783,253),(2212,1784,253),(2215,1785,80),(2214,1785,155),(2216,1785,230),(2213,1785,260),(2217,1786,253),(2218,1787,253),(2219,1788,253),(2220,1789,251),(2221,1790,253),(2222,1791,253),(2223,1792,253),(2224,1793,253),(2225,1794,253),(2226,1795,253),(2227,1796,253),(2228,1797,253),(2229,1798,253),(2230,1799,253),(2231,1800,253),(2232,1801,253),(2233,1802,253),(2234,1803,255),(2236,1805,253),(2237,1806,256),(2238,1807,253),(2239,1808,253),(2240,1809,253),(2241,1810,250),(2243,1810,251),(2242,1810,260),(2337,1810,262),(2247,1812,257),(2248,1813,260),(2251,1816,253),(2252,1817,253),(2253,1818,253),(2336,1818,262),(2254,1819,253),(2256,1821,253),(2257,1822,253),(2258,1823,253),(2259,1824,253),(2260,1825,253),(2261,1826,253),(2262,1827,253),(2263,1828,253),(2264,1829,253),(2266,1831,253),(2267,1832,256),(2268,1833,253),(2269,1834,253),(2270,1835,253),(2272,1837,253),(2273,1838,253),(2274,1839,253),(2275,1840,253),(2276,1841,253),(2277,1842,253),(2278,1843,253),(2279,1844,253),(2280,1845,253),(2281,1846,253),(2282,1847,253),(2284,1849,253),(2285,1850,253),(2286,1851,259),(2287,1852,253),(2288,1853,253),(2289,1854,253),(2290,1855,253),(2291,1856,253),(2292,1857,253),(2293,1858,253),(2294,1859,253),(2295,1860,253),(2296,1861,253),(2297,1862,253),(2298,1863,253),(2299,1864,253),(2300,1865,261),(2301,1866,253),(2303,1868,253),(2304,1869,253),(2305,1870,253),(2306,1871,253),(2307,1872,253),(2308,1873,253),(2309,1874,253),(2310,1875,253),(2311,1876,253),(2312,1877,253),(2313,1878,253),(2314,1879,253),(2316,1881,253),(2317,1882,253),(2318,1883,253),(2319,1884,253),(2320,1885,262),(2322,1887,255),(2323,1888,253),(2324,1889,253),(2325,1890,262),(2326,1891,262),(2327,1892,262),(2328,1893,262),(2329,1894,262),(2330,1895,262),(2331,1896,262),(2332,1897,262),(2333,1898,262),(2334,1899,262),(2335,1900,262),(2338,1903,262),(2339,1904,262),(2340,1905,262),(2341,1906,262),(2342,1907,262),(2343,1908,262),(2344,1909,262),(2345,1910,262),(2346,1911,262),(2347,1912,262),(2348,1913,262),(2349,1914,253),(2350,1915,262),(2351,1916,262),(2352,1917,262),(2353,1918,262),(2355,1920,262),(2356,1921,262),(2357,1922,262),(2358,1923,253);
/*!40000 ALTER TABLE `product_countries` ENABLE KEYS */;
UNLOCK TABLES;

--
-- Table structure for table `product_sector`
--

DROP TABLE IF EXISTS `product_sector`;
/*!40101 SET @saved_cs_client     = @@character_set_client */;
/*!40101 SET character_set_client = utf8 */;
CREATE TABLE `product_sector` (
  `id_product_sector` smallint(5) unsigned NOT NULL AUTO_INCREMENT,
  `id_product` smallint(5) unsigned NOT NULL,
  `id_sector` smallint(5) unsigned NOT NULL,
  PRIMARY KEY (`id_product_sector`),
  UNIQUE KEY `UQ_product_sector__id_product__id_sector` (`id_product`,`id_sector`),
  KEY `fk_product_sector__id_sector` (`id_sector`),
  CONSTRAINT `fk_product_sector__id_product` FOREIGN KEY (`id_product`) REFERENCES `product` (`id`),
  CONSTRAINT `fk_product_sector__id_sector` FOREIGN KEY (`id_sector`) REFERENCES `sector` (`id`)
) ENGINE=InnoDB AUTO_INCREMENT=5717 DEFAULT CHARSET=utf8;
/*!40101 SET character_set_client = @saved_cs_client */;

--
-- Dumping data for table `product_sector`
--

LOCK TABLES `product_sector` WRITE;
/*!40000 ALTER TABLE `product_sector` DISABLE KEYS */;
INSERT INTO `product_sector` VALUES (4928,1680,5056),(4929,1680,5057),(4930,1680,5058),(4931,1680,5059),(4932,1681,5060),(4933,1682,5061),(4934,1683,5060),(4935,1684,5060),(4936,1685,5064),(4937,1685,5065),(4938,1685,5066),(4939,1685,5067),(4940,1685,5068),(4941,1685,5069),(4942,1686,5056),(4943,1686,5071),(4944,1687,5056),(4945,1687,5071),(4950,1688,5058),(4951,1688,5059),(4946,1688,5064),(4947,1688,5065),(4948,1688,5066),(4949,1688,5067),(4953,1688,5068),(4954,1688,5069),(4952,1688,5071),(4959,1689,5058),(4960,1689,5059),(4955,1689,5064),(4956,1689,5065),(4957,1689,5066),(4958,1689,5067),(4962,1689,5068),(4963,1689,5069),(4961,1689,5071),(4968,1690,5058),(4969,1690,5059),(4964,1690,5064),(4965,1690,5065),(4966,1690,5066),(4967,1690,5067),(4971,1690,5068),(4972,1690,5069),(4970,1690,5071),(4974,1691,5060),(4973,1691,5064),(4975,1691,5065),(4976,1691,5066),(4977,1691,5067),(4978,1691,5068),(4979,1691,5069),(4981,1692,5060),(4980,1692,5064),(4982,1692,5065),(4983,1692,5066),(4984,1692,5067),(4985,1692,5068),(4986,1692,5069),(4987,1693,5056),(4988,1693,5065),(4989,1693,5071),(4990,1694,5060),(4991,1694,5065),(4992,1695,5056),(4996,1695,5057),(4995,1695,5065),(4998,1695,5068),(4999,1695,5069),(4997,1695,5071),(4993,1695,5121),(4994,1695,5122),(5000,1696,5058),(5001,1696,5059),(5002,1697,5060),(5003,1698,5058),(5004,1698,5059),(5005,1699,5060),(5006,1700,5060),(5007,1701,5056),(5008,1701,5060),(5009,1701,5065),(5010,1701,5071),(5011,1702,5139),(5013,1703,5060),(5012,1703,5064),(5014,1703,5065),(5015,1703,5066),(5016,1703,5067),(5017,1703,5068),(5018,1703,5069),(5020,1704,5060),(5019,1704,5064),(5021,1704,5065),(5022,1704,5066),(5023,1704,5067),(5024,1704,5068),(5025,1704,5069),(5027,1705,5060),(5026,1705,5064),(5028,1705,5065),(5029,1705,5066),(5030,1705,5067),(5031,1705,5068),(5032,1705,5069),(5036,1706,5060),(5035,1706,5064),(5037,1706,5065),(5034,1706,5066),(5033,1706,5067),(5038,1706,5068),(5039,1706,5167),(5041,1707,5058),(5042,1707,5059),(5040,1707,5065),(5043,1707,5071),(5044,1708,5056),(5045,1708,5060),(5046,1708,5065),(5047,1708,5066),(5048,1708,5067),(5049,1708,5068),(5050,1708,5069),(5051,1709,5060),(5052,1710,5060),(5053,1710,5065),(5054,1710,5068),(5055,1710,5069),(5056,1711,5060),(5057,1711,5065),(5058,1711,5068),(5059,1711,5069),(5060,1712,5060),(5061,1712,5065),(5062,1712,5068),(5063,1712,5069),(5064,1713,5060),(5065,1713,5065),(5066,1713,5068),(5067,1713,5069),(5068,1714,5060),(5070,1715,5060),(5069,1715,5064),(5071,1715,5065),(5072,1715,5066),(5073,1715,5067),(5074,1715,5068),(5075,1715,5069),(5077,1716,5060),(5076,1716,5121),(5078,1716,5206),(5079,1717,5056),(5080,1718,5058),(5081,1718,5059),(5082,1719,5056),(5083,1719,5060),(5084,1719,5065),(5086,1719,5068),(5087,1719,5069),(5085,1719,5071),(5088,1720,5206),(5090,1721,5056),(5089,1721,5064),(5091,1721,5065),(5092,1721,5066),(5093,1721,5067),(5095,1721,5068),(5096,1721,5069),(5094,1721,5071),(5099,1722,5057),(5100,1722,5058),(5101,1722,5059),(5097,1722,5121),(5102,1722,5206),(5098,1722,5226),(5103,1723,5060),(5104,1723,5206),(5105,1724,5060),(5106,1724,5065),(5107,1724,5068),(5108,1724,5069),(5109,1725,5065),(5110,1726,5060),(5111,1726,5065),(5112,1726,5071),(5113,1727,5206),(5115,1729,5060),(5116,1730,5065),(5117,1731,5121),(5118,1731,5206),(5122,1732,5071),(5119,1732,5121),(5121,1732,5122),(5120,1732,5248),(5123,1732,5251),(5124,1733,5061),(5125,1734,5065),(5126,1735,5056),(5131,1735,5058),(5132,1735,5059),(5128,1735,5060),(5129,1735,5065),(5133,1735,5071),(5127,1735,5121),(5130,1735,5226),(5135,1736,5060),(5134,1736,5064),(5136,1736,5065),(5137,1736,5066),(5138,1736,5067),(5139,1736,5068),(5140,1736,5069),(5142,1737,5060),(5141,1737,5064),(5143,1737,5065),(5144,1737,5066),(5145,1737,5067),(5146,1737,5068),(5147,1737,5069),(5149,1738,5060),(5148,1738,5064),(5150,1738,5065),(5151,1738,5066),(5152,1738,5067),(5153,1738,5068),(5154,1738,5069),(5155,1739,5065),(5156,1740,5065),(5158,1741,5056),(5159,1741,5060),(5157,1741,5064),(5160,1741,5065),(5161,1741,5066),(5162,1741,5067),(5164,1741,5068),(5396,1741,5069),(5163,1741,5071),(5165,1741,5167),(5166,1742,5060),(5167,1743,5060),(5168,1743,5065),(5169,1743,5068),(5170,1743,5069),(5172,1744,5060),(5171,1744,5064),(5173,1744,5065),(5174,1744,5066),(5175,1744,5067),(5176,1744,5068),(5177,1744,5069),(5178,1745,5121),(5179,1746,5056),(5180,1746,5057),(5181,1746,5058),(5182,1746,5059),(5183,1746,5068),(5184,1746,5069),(5185,1747,5313),(5186,1748,5058),(5187,1748,5059),(5188,1749,5060),(5189,1749,5065),(5190,1749,5066),(5191,1749,5067),(5192,1750,5060),(5194,1751,5060),(5193,1751,5064),(5195,1751,5065),(5196,1751,5066),(5197,1751,5067),(5198,1751,5068),(5199,1751,5167),(5205,1753,5060),(5204,1753,5121),(5206,1753,5206),(5207,1754,5058),(5208,1754,5059),(5209,1755,5060),(5210,1756,5065),(5420,1756,5139),(5212,1757,5060),(5211,1757,5064),(5214,1757,5065),(5215,1757,5066),(5216,1757,5067),(5217,1757,5068),(5218,1757,5167),(5213,1757,5341),(5219,1758,5206),(5229,1760,5060),(5228,1760,5064),(5230,1760,5065),(5231,1761,5139),(5232,1762,5061),(5233,1763,5056),(5235,1763,5057),(5234,1763,5060),(5236,1763,5206),(5237,1764,5060),(5238,1765,5056),(5239,1765,5060),(5240,1765,5065),(5241,1765,5369),(5242,1766,5065),(5243,1767,5139),(5244,1768,5061),(5246,1770,5056),(5250,1770,5057),(5247,1770,5065),(5248,1770,5066),(5249,1770,5067),(5252,1770,5068),(5253,1770,5069),(5251,1770,5071),(5254,1771,5066),(5255,1771,5067),(5257,1771,5068),(5258,1771,5069),(5256,1771,5071),(5710,1771,5139),(5259,1772,5060),(5264,1774,5060),(5265,1774,5065),(5266,1775,5060),(5268,1776,5060),(5267,1776,5064),(5269,1776,5065),(5270,1776,5066),(5271,1776,5067),(5272,1776,5068),(5273,1776,5069),(5274,1777,5061),(5275,1778,5061),(5276,1779,5058),(5277,1779,5059),(5278,1780,5060),(5280,1782,5056),(5283,1782,5058),(5284,1782,5059),(5281,1782,5065),(5282,1782,5226),(5285,1783,5065),(5290,1784,5058),(5291,1784,5059),(5286,1784,5064),(5287,1784,5065),(5288,1784,5066),(5289,1784,5067),(5293,1784,5068),(5294,1784,5069),(5292,1784,5313),(5295,1785,5058),(5296,1785,5059),(5303,1786,5057),(5298,1786,5060),(5297,1786,5064),(5300,1786,5065),(5301,1786,5066),(5302,1786,5067),(5305,1786,5068),(5306,1786,5069),(5304,1786,5071),(5299,1786,5341),(5307,1787,5060),(5308,1787,5066),(5309,1787,5067),(5311,1787,5068),(5312,1787,5069),(5310,1787,5071),(5313,1788,5139),(5314,1789,5060),(5315,1790,5056),(5316,1790,5060),(5317,1790,5065),(5319,1790,5071),(5318,1790,5206),(5320,1791,5056),(5321,1791,5060),(5322,1791,5065),(5323,1792,5060),(5324,1793,5056),(5326,1794,5060),(5325,1794,5064),(5327,1794,5065),(5328,1794,5066),(5329,1794,5067),(5330,1794,5068),(5331,1794,5069),(5337,1795,5058),(5338,1795,5059),(5333,1795,5060),(5332,1795,5064),(5334,1795,5065),(5335,1795,5066),(5336,1795,5067),(5339,1795,5313),(5340,1796,5064),(5341,1796,5065),(5342,1796,5066),(5343,1796,5067),(5344,1796,5068),(5345,1796,5069),(5354,1797,5057),(5348,1797,5060),(5346,1797,5064),(5351,1797,5065),(5352,1797,5066),(5353,1797,5067),(5356,1797,5068),(5357,1797,5069),(5355,1797,5071),(5347,1797,5121),(5350,1797,5248),(5349,1797,5341),(5359,1798,5060),(5358,1798,5064),(5360,1798,5065),(5361,1798,5066),(5362,1798,5067),(5363,1798,5068),(5364,1798,5069),(5366,1799,5060),(5365,1799,5064),(5367,1799,5065),(5368,1799,5066),(5369,1799,5067),(5370,1799,5068),(5371,1799,5069),(5373,1800,5060),(5372,1800,5064),(5374,1800,5065),(5375,1800,5066),(5376,1800,5067),(5377,1800,5068),(5378,1800,5069),(5384,1801,5058),(5385,1801,5059),(5380,1801,5060),(5379,1801,5064),(5381,1801,5065),(5382,1801,5066),(5383,1801,5067),(5386,1801,5313),(5387,1802,5058),(5388,1802,5059),(5389,1803,5058),(5390,1803,5059),(5397,1805,5056),(5398,1805,5060),(5399,1805,5065),(5400,1806,5071),(5401,1807,5060),(5403,1808,5060),(5402,1808,5121),(5404,1808,5206),(5405,1809,5060),(5406,1809,5065),(5408,1809,5068),(5409,1809,5069),(5407,1809,5071),(5410,1810,5060),(5411,1810,5065),(5412,1810,5068),(5413,1810,5069),(5693,1810,5139),(5418,1812,5121),(5419,1813,5061),(5429,1816,5056),(5431,1816,5057),(5432,1816,5058),(5433,1816,5059),(5434,1816,5071),(5430,1816,5226),(5435,1817,5056),(5437,1817,5057),(5438,1817,5058),(5439,1817,5059),(5440,1817,5071),(5436,1817,5226),(5441,1818,5139),(5442,1819,5061),(5453,1821,5058),(5454,1821,5059),(5452,1821,5065),(5455,1821,5071),(5460,1822,5058),(5461,1822,5059),(5456,1822,5064),(5457,1822,5065),(5458,1822,5066),(5459,1822,5067),(5463,1822,5068),(5464,1822,5069),(5462,1822,5071),(5466,1823,5060),(5465,1823,5064),(5467,1823,5065),(5468,1823,5066),(5469,1823,5067),(5470,1823,5068),(5471,1823,5069),(5472,1824,5061),(5473,1825,5139),(5474,1826,5058),(5475,1826,5059),(5476,1827,5058),(5477,1827,5059),(5478,1828,5060),(5479,1828,5065),(5480,1828,5068),(5481,1828,5069),(5482,1829,5139),(5485,1831,5060),(5486,1831,5065),(5487,1832,5056),(5488,1832,5060),(5489,1833,5056),(5490,1834,5060),(5491,1835,5056),(5496,1837,5060),(5497,1837,5065),(5498,1837,5068),(5499,1837,5069),(5500,1838,5056),(5503,1838,5058),(5504,1838,5059),(5501,1838,5060),(5502,1838,5065),(5505,1839,5060),(5506,1840,5060),(5507,1841,5064),(5508,1841,5065),(5509,1841,5066),(5510,1841,5067),(5511,1841,5068),(5512,1841,5069),(5513,1842,5064),(5514,1842,5065),(5515,1842,5066),(5516,1842,5067),(5517,1842,5068),(5518,1842,5069),(5669,1843,5058),(5670,1843,5059),(5519,1843,5064),(5520,1843,5065),(5521,1843,5066),(5522,1843,5067),(5523,1843,5068),(5524,1843,5069),(5671,1843,5071),(5525,1844,5056),(5526,1844,5060),(5527,1844,5065),(5528,1844,5068),(5529,1845,5061),(5530,1846,5058),(5531,1846,5059),(5532,1847,5058),(5533,1847,5059),(5535,1849,5065),(5536,1850,5064),(5538,1850,5065),(5537,1850,5248),(5539,1851,5058),(5540,1851,5059),(5541,1852,5058),(5542,1852,5059),(5543,1853,5060),(5544,1853,5065),(5545,1853,5066),(5546,1853,5067),(5547,1854,5058),(5548,1854,5059),(5549,1855,5060),(5550,1856,5058),(5551,1856,5059),(5552,1857,5064),(5553,1857,5065),(5554,1857,5066),(5555,1857,5067),(5556,1857,5068),(5557,1857,5069),(5559,1858,5060),(5558,1858,5064),(5560,1858,5065),(5561,1858,5066),(5562,1858,5067),(5563,1858,5068),(5564,1858,5069),(5565,1859,5064),(5566,1859,5065),(5567,1859,5066),(5568,1859,5067),(5569,1859,5068),(5570,1859,5069),(5572,1860,5056),(5571,1860,5057),(5573,1861,5121),(5574,1862,5058),(5575,1862,5059),(5576,1863,5058),(5577,1863,5059),(5578,1864,5060),(5579,1865,5206),(5580,1866,5060),(5586,1868,5060),(5585,1868,5064),(5587,1868,5065),(5588,1868,5066),(5589,1868,5067),(5590,1868,5068),(5591,1868,5167),(5593,1869,5060),(5592,1869,5064),(5594,1869,5065),(5595,1869,5066),(5596,1869,5067),(5597,1869,5068),(5598,1869,5167),(5599,1870,5056),(5600,1870,5060),(5601,1870,5065),(5603,1870,5068),(5604,1870,5069),(5602,1870,5071),(5605,1871,5060),(5609,1871,5064),(5606,1871,5065),(5607,1871,5066),(5608,1871,5067),(5610,1871,5068),(5611,1871,5167),(5612,1872,5056),(5613,1872,5060),(5614,1872,5206),(5615,1873,5060),(5616,1873,5065),(5617,1873,5071),(5619,1874,5060),(5618,1874,5064),(5620,1874,5065),(5624,1874,5066),(5625,1874,5067),(5622,1874,5068),(5623,1874,5167),(5621,1874,5341),(5626,1875,5056),(5627,1875,5060),(5628,1875,5065),(5629,1875,5071),(5630,1876,5065),(5631,1877,5060),(5632,1877,5071),(5633,1878,5065),(5634,1879,5060),(5635,1879,5065),(5636,1879,5068),(5637,1879,5069),(5640,1881,5056),(5644,1881,5058),(5645,1881,5059),(5642,1881,5060),(5643,1881,5065),(5641,1881,5121),(5647,1882,5060),(5646,1882,5064),(5648,1882,5066),(5649,1882,5067),(5651,1882,5068),(5652,1882,5069),(5650,1882,5071),(5653,1883,5058),(5654,1883,5059),(5659,1884,5058),(5660,1884,5059),(5655,1884,5064),(5656,1884,5065),(5657,1884,5066),(5658,1884,5067),(5662,1884,5068),(5663,1884,5069),(5661,1884,5071),(5664,1885,5139),(5674,1887,5060),(5675,1887,5065),(5676,1887,5068),(5677,1887,5069),(5678,1888,5058),(5679,1888,5059),(5680,1889,5065),(5681,1890,5139),(5682,1891,5139),(5683,1892,5139),(5684,1893,5139),(5685,1894,5139),(5686,1895,5139),(5687,1896,5139),(5688,1897,5139),(5689,1898,5139),(5690,1899,5139),(5691,1900,5139),(5694,1903,5139),(5695,1904,5139),(5696,1905,5139),(5697,1906,5139),(5698,1907,5139),(5699,1908,5139),(5700,1909,5139),(5701,1910,5139),(5702,1911,5139),(5703,1912,5139),(5704,1913,5139),(5705,1914,5121),(5706,1915,5139),(5707,1916,5139),(5708,1917,5139),(5709,1918,5139),(5711,1920,5139),(5712,1921,5139),(5713,1922,5139),(5715,1923,5068),(5716,1923,5167),(5714,1923,5842);
/*!40000 ALTER TABLE `product_sector` ENABLE KEYS */;
UNLOCK TABLES;

--
-- Temporary table structure for view `products_by_sector`
--

DROP TABLE IF EXISTS `products_by_sector`;
/*!50001 DROP VIEW IF EXISTS `products_by_sector`*/;
SET @saved_cs_client     = @@character_set_client;
SET character_set_client = utf8;
/*!50001 CREATE TABLE `products_by_sector` (
  `pname` tinyint NOT NULL,
  `sname` tinyint NOT NULL
) ENGINE=MyISAM */;
SET character_set_client = @saved_cs_client;

--
-- Table structure for table `sector`
--

DROP TABLE IF EXISTS `sector`;
/*!40101 SET @saved_cs_client     = @@character_set_client */;
/*!40101 SET character_set_client = utf8 */;
CREATE TABLE `sector` (
  `id` smallint(5) unsigned NOT NULL AUTO_INCREMENT,
  `name` char(255) DEFAULT NULL,
  PRIMARY KEY (`id`),
  UNIQUE KEY `UC_sector` (`name`)
) ENGINE=InnoDB AUTO_INCREMENT=5845 DEFAULT CHARSET=utf8;
/*!40101 SET character_set_client = @saved_cs_client */;

--
-- Dumping data for table `sector`
--

LOCK TABLES `sector` WRITE;
/*!40000 ALTER TABLE `sector` DISABLE KEYS */;
INSERT INTO `sector` VALUES (5067,'Agriculture'),(5064,'Chemical'),(5056,'Commercial Facilities'),(5121,'Communication'),(5060,'Critical Manufacturing'),(5341,'Dams'),(5248,'Defense Industrial Base'),(5842,'Electrical (Power Generation)'),(5122,'Emergency Services'),(5065,'Energy'),(5226,'Financial Services'),(5066,'Food'),(5057,'Government Facilities'),(5058,'Healthcare'),(5139,'Inconnu'),(5206,'Information Technology'),(5061,'Multiple'),(5251,'other sectors'),(5059,'Public Health'),(5313,'Transportation'),(5369,'Transportation Services'),(5071,'Transportation Systems'),(5167,'Wastewater'),(5069,'Wastewater Systems'),(5068,'Water');
/*!40000 ALTER TABLE `sector` ENABLE KEYS */;
UNLOCK TABLES;

--
-- Temporary table structure for view `sector_instances`
--

DROP TABLE IF EXISTS `sector_instances`;
/*!50001 DROP VIEW IF EXISTS `sector_instances`*/;
SET @saved_cs_client     = @@character_set_client;
SET character_set_client = utf8;
/*!50001 CREATE TABLE `sector_instances` (
  `sname` tinyint NOT NULL,
  `quantity` tinyint NOT NULL
) ENGINE=MyISAM */;
SET character_set_client = @saved_cs_client;

--
-- Table structure for table `sfp1`
--

DROP TABLE IF EXISTS `sfp1`;
/*!40101 SET @saved_cs_client     = @@character_set_client */;
/*!40101 SET character_set_client = utf8 */;
CREATE TABLE `sfp1` (
  `id` smallint(5) unsigned NOT NULL AUTO_INCREMENT,
  `name` char(255) DEFAULT NULL,
  PRIMARY KEY (`id`),
  UNIQUE KEY `UC_sfp1` (`name`)
) ENGINE=InnoDB AUTO_INCREMENT=4423 DEFAULT CHARSET=utf8;
/*!40101 SET character_set_client = @saved_cs_client */;

--
-- Dumping data for table `sfp1`
--

LOCK TABLES `sfp1` WRITE;
/*!40000 ALTER TABLE `sfp1` DISABLE KEYS */;
INSERT INTO `sfp1` VALUES (3940,'Access Control'),(3983,'API'),(3905,'Authentication'),(4111,'Channel'),(3908,'Cryptography'),(4189,'Entry Points'),(3926,'Exception Management'),(3901,'Information Leak'),(3911,'Memory Access'),(3967,'Memory Management'),(3900,'None'),(3927,'Other'),(3990,'Path Resolution'),(3909,'Resource Management'),(4181,'Risky Values'),(3902,'Tainted Input'),(4359,'UI');
/*!40000 ALTER TABLE `sfp1` ENABLE KEYS */;
UNLOCK TABLES;

--
-- Temporary table structure for view `sfp1_instances`
--

DROP TABLE IF EXISTS `sfp1_instances`;
/*!50001 DROP VIEW IF EXISTS `sfp1_instances`*/;
SET @saved_cs_client     = @@character_set_client;
SET character_set_client = utf8;
/*!50001 CREATE TABLE `sfp1_instances` (
  `sfp1` tinyint NOT NULL,
  `quantity` tinyint NOT NULL
) ENGINE=MyISAM */;
SET character_set_client = @saved_cs_client;

--
-- Temporary table structure for view `sfp1_sfp2`
--

DROP TABLE IF EXISTS `sfp1_sfp2`;
/*!50001 DROP VIEW IF EXISTS `sfp1_sfp2`*/;
SET @saved_cs_client     = @@character_set_client;
SET character_set_client = utf8;
/*!50001 CREATE TABLE `sfp1_sfp2` (
  `name_sfp2` tinyint NOT NULL,
  `name_sfp1` tinyint NOT NULL
) ENGINE=MyISAM */;
SET character_set_client = @saved_cs_client;

--
-- Table structure for table `sfp2`
--

DROP TABLE IF EXISTS `sfp2`;
/*!40101 SET @saved_cs_client     = @@character_set_client */;
/*!40101 SET character_set_client = utf8 */;
CREATE TABLE `sfp2` (
  `id` smallint(5) unsigned NOT NULL AUTO_INCREMENT,
  `name` char(255) DEFAULT NULL,
  `sfp1` smallint(5) unsigned NOT NULL,
  PRIMARY KEY (`id`),
  UNIQUE KEY `UC_sfp2` (`name`),
  KEY `fk_sfp2_sfp1` (`sfp1`),
  CONSTRAINT `fk_sfp2_sfp1` FOREIGN KEY (`sfp1`) REFERENCES `sfp1` (`id`)
) ENGINE=InnoDB AUTO_INCREMENT=4417 DEFAULT CHARSET=utf8;
/*!40101 SET character_set_client = @saved_cs_client */;

--
-- Dumping data for table `sfp2`
--

LOCK TABLES `sfp2` WRITE;
/*!40000 ALTER TABLE `sfp2` DISABLE KEYS */;
INSERT INTO `sfp2` VALUES (3894,'None',3900),(3895,'State Disclosure',3901),(3896,'Tainted Input to Command',3902),(3898,'Exposed Data',3901),(3899,'Hardcoded Sensitive Data',3905),(3901,'Authentication Bypass',3905),(3902,'Weak Cryptography',3908),(3903,'Unrestricted Consumption',3909),(3905,'Faulty Buffer Access',3911),(3907,'Missing Authentication',3905),(3908,'Tainted Input to Variable',3902),(3910,'Incorrect Input Handling',3902),(3920,'Unchecked Status Condition',3926),(3921,'Architecture',3927),(3929,'Tainted Input to Environment',3902),(3934,'Access Management',3940),(3957,'Incorrect Buffer Length Computation',3911),(3961,'Faulty Memory Release',3967),(3965,'Faulty Resource Use',3909),(3977,'Use of an Improper API',3983),(3984,'Path Traversal',3990),(3998,'Unrestricted Authentication',3905),(4014,'Design',3927),(4105,'Channel Attack',4111),(4137,'Faulty Endpoint Authentication',3905),(4148,'Insecure Authentication Policy',3905),(4175,'Glitch in Computation',4181),(4183,'Unexpected Entry Points',4189),(4186,'Insecure Resource Permissions',3940),(4193,'Implementation',3927),(4353,'Security',4359),(4398,'Insecure Resource Access',3940);
/*!40000 ALTER TABLE `sfp2` ENABLE KEYS */;
UNLOCK TABLES;

--
-- Temporary table structure for view `sfp2_instances`
--

DROP TABLE IF EXISTS `sfp2_instances`;
/*!50001 DROP VIEW IF EXISTS `sfp2_instances`*/;
SET @saved_cs_client     = @@character_set_client;
SET character_set_client = utf8;
/*!50001 CREATE TABLE `sfp2_instances` (
  `sfp2` tinyint NOT NULL,
  `quantity` tinyint NOT NULL
) ENGINE=MyISAM */;
SET character_set_client = @saved_cs_client;

--
-- Table structure for table `vendor`
--

DROP TABLE IF EXISTS `vendor`;
/*!40101 SET @saved_cs_client     = @@character_set_client */;
/*!40101 SET character_set_client = utf8 */;
CREATE TABLE `vendor` (
  `id` smallint(5) unsigned NOT NULL AUTO_INCREMENT,
  `location` char(255) DEFAULT NULL,
  `name` char(255) DEFAULT NULL,
  PRIMARY KEY (`id`),
  UNIQUE KEY `UC_vendor` (`name`)
) ENGINE=InnoDB AUTO_INCREMENT=2083 DEFAULT CHARSET=utf8;
/*!40101 SET character_set_client = @saved_cs_client */;

--
-- Dumping data for table `vendor`
--

LOCK TABLES `vendor` WRITE;
/*!40000 ALTER TABLE `vendor` DISABLE KEYS */;
INSERT INTO `vendor` VALUES (1839,'United States','Computrols'),(1840,'Japan','Mitsubishi Electric'),(1841,'France','Schneider Electric'),(1842,'Japan','Fuji Electric'),(1843,'Japan','Omron'),(1844,'Germany','Siemens'),(1852,'Israel','Orpak (acquired by Gilbarco Veeder-Root)'),(1853,'United States','General Electric'),(1854,'Canada','Sierra Wireless'),(1855,'Netherlands','Philips'),(1856,'United States','Rockwell Automation'),(1857,'Japan','Fujifilm'),(1859,'Taiwan','Delta Electronics (Delta)'),(1860,'United States, Germany, Switzerland, Poland, China, India','WAGO'),(1861,'Inconnu','ABB, Phoenix Contact, Schneider Electric, Siemens, WAGO'),(1872,'Taiwan','Advantech'),(1875,'Germany','Phoenix Contact'),(1876,'Australia','ENTTEC'),(1877,'Ireland','Medtronic'),(1878,'United Kingdom','AVEVA'),(1879,'United States','Columbia Weather Systems, Inc.'),(1880,'Brazil','LCDS—Leão Consultoria e Desenvolvimento de Sistemas LTDA ME'),(1881,'Netherlands','Gemalto'),(1882,'Germany','PEPPERL+FUCHS'),(1884,'Germany','PSI GridConnect GmbH (formerly known as PSI Nentec GmbH)'),(1885,'Taiwan','Moxa'),(1886,'United States','Intel'),(1888,'United States','Horner Automation'),(1890,'United States','Pangea Communications'),(1891,'Open-source Project','gpsd Open Source Project'),(1892,'United States','OSIsoft'),(1894,'Germany','WIBU-SYSTEMS AG'),(1900,'United Kingdom','AVEVA Software, LLC (AVEVA)'),(1902,'China','WECON Technology Co., Ltd (WECON)'),(1904,'Germany','Kunbus'),(1905,'United States','IDenticard'),(1907,'United States','Becton, Dickinson and Company (BD)'),(1908,'Japan','Yokogawa'),(1913,'Germany','Dräger'),(1914,'Ireland','Johnson Controls'),(1915,'Japan ','Omron '),(1916,'Switzerland','ABB'),(1917,'United States','ControlByWeb'),(1918,'Brazil','LCDS - Leão Consultoria e Desenvolvimento de Sistemas Ltda ME'),(1919,'United States','Emerson'),(1921,'Germany','Pilz GmbH & Co. KG (Pilz)'),(1922,'United States','Tridium'),(1927,'United States','Hetronic'),(1930,'United States','Inconnu'),(1933,'Germany','3S-Smart Software Solutions GmbH'),(1941,'Germany','Geutebrück GmbH'),(1942,'United States ','GE'),(1943,'Germany','McAfee'),(1945,'United States','General Electric (GE)'),(1948,'Switzerland','SpiderControl'),(1949,'China','INVT Electric'),(1951,'Canada','Teledyne DALSA'),(1962,'Switzerland ','Roche Diagnostics '),(1963,'United Kingdom','AVEVA Software, LLC. (AVEVA)'),(1965,'Spain','Circontrol'),(1966,'Switzerland','Fr. Sauter AG'),(1968,'Czech Republic','GEOVAP'),(1971,'Taiwan','GAIN Electronic Co. Ltd'),(1972,'Taiwan','Telecrane'),(1974,'Brazil','LCDS – Leão Consultoria e Desenvolvimento de Sistemas LTDA ME'),(1975,'Taiwan','NUUO'),(1977,'Taiwan','Delta Electronics'),(1983,'China','Hangzhou Xiongmai Technology Co., Ltd'),(1985,'United States','Carestream'),(1986,'United States','Change Healthcare'),(1987,'China','WECON Technology Co., Ltd. (WECON)'),(1990,'Turkey','Entes'),(1994,'Austria','Tec4Data'),(1996,'China','WECON'),(1997,'United States','Honeywell'),(2003,'United States','Ice Qube'),(2004,'United States','Opto 22'),(2006,'United States','Qualcomm Life'),(2019,'United States','Crestron'),(2020,'Australia','NetComm Wireless'),(2023,'Taiwan','Delta Electronics '),(2024,'South Korea','Davolink'),(2026,'China','WECON Technology Co., Ltd'),(2031,'United States','Echelon'),(2035,'Dublin, Ireland','Eaton'),(2036,'Denmark','Universal Robots'),(2037,'USA','Schweitzer Engineering Laboratories, Inc. (SEL)'),(2039,'Dublin, Ireland','Medtronic '),(2041,'Milwaukee, Wisconsin','Rockwell Automation '),(2042,'Pleasanton, California','Natus Medical, Inc. (Natus)'),(2052,'Inconnu','BeaconMedaes'),(2055,'Inconnu','Martem'),(2062,'Inconnu','MatrikonOPC'),(2065,'Inconnu','Silex Technology, GE Healthcare'),(2070,'Inconnu','Lantech'),(2073,'United States','Vecna Technologies, Inc. (Vecna)'),(2077,'Inconnu','Abbott Laboratories'),(2079,'Inconnu','Schneider Electric Software, LLC');
/*!40000 ALTER TABLE `vendor` ENABLE KEYS */;
UNLOCK TABLES;

--
-- Final view structure for view `countries_instances`
--

/*!50001 DROP TABLE IF EXISTS `countries_instances`*/;
/*!50001 DROP VIEW IF EXISTS `countries_instances`*/;
/*!50001 SET @saved_cs_client          = @@character_set_client */;
/*!50001 SET @saved_cs_results         = @@character_set_results */;
/*!50001 SET @saved_col_connection     = @@collation_connection */;
/*!50001 SET character_set_client      = latin1 */;
/*!50001 SET character_set_results     = latin1 */;
/*!50001 SET collation_connection      = latin1_swedish_ci */;
/*!50001 CREATE ALGORITHM=UNDEFINED */
/*!50013 DEFINER=`root`@`localhost` SQL SECURITY DEFINER */
/*!50001 VIEW `countries_instances` AS select `product_by_countries`.`countries` AS `countries`,count(0) AS `quantity` from `product_by_countries` group by `product_by_countries`.`countries` */;
/*!50001 SET character_set_client      = @saved_cs_client */;
/*!50001 SET character_set_results     = @saved_cs_results */;
/*!50001 SET collation_connection      = @saved_col_connection */;

--
-- Final view structure for view `cve_by_icscert`
--

/*!50001 DROP TABLE IF EXISTS `cve_by_icscert`*/;
/*!50001 DROP VIEW IF EXISTS `cve_by_icscert`*/;
/*!50001 SET @saved_cs_client          = @@character_set_client */;
/*!50001 SET @saved_cs_results         = @@character_set_results */;
/*!50001 SET @saved_col_connection     = @@collation_connection */;
/*!50001 SET character_set_client      = latin1 */;
/*!50001 SET character_set_results     = latin1 */;
/*!50001 SET collation_connection      = latin1_swedish_ci */;
/*!50001 CREATE ALGORITHM=UNDEFINED */
/*!50013 DEFINER=`root`@`localhost` SQL SECURITY DEFINER */
/*!50001 VIEW `cve_by_icscert` AS select `cve`.`name` AS `cve`,`icscert`.`name` AS `icscert` from ((`cve` join `icscert`) join `icscert_cve`) where `icscert_cve`.`id_cve` = `cve`.`id` and `icscert_cve`.`id_icscert` = `icscert`.`id` */;
/*!50001 SET character_set_client      = @saved_cs_client */;
/*!50001 SET character_set_results     = @saved_cs_results */;
/*!50001 SET collation_connection      = @saved_col_connection */;

--
-- Final view structure for view `cve_by_sfp1`
--

/*!50001 DROP TABLE IF EXISTS `cve_by_sfp1`*/;
/*!50001 DROP VIEW IF EXISTS `cve_by_sfp1`*/;
/*!50001 SET @saved_cs_client          = @@character_set_client */;
/*!50001 SET @saved_cs_results         = @@character_set_results */;
/*!50001 SET @saved_col_connection     = @@collation_connection */;
/*!50001 SET character_set_client      = latin1 */;
/*!50001 SET character_set_results     = latin1 */;
/*!50001 SET collation_connection      = latin1_swedish_ci */;
/*!50001 CREATE ALGORITHM=UNDEFINED */
/*!50013 DEFINER=`root`@`localhost` SQL SECURITY DEFINER */
/*!50001 VIEW `cve_by_sfp1` AS select `sfp1`.`name` AS `sfp1`,`cve`.`name` AS `cve` from (((`cve` join `cwe`) join `sfp1`) join `sfp2`) where `cve`.`cwe` = `cwe`.`id` and `cwe`.`cweSFP2Cluster` = `sfp2`.`id` and `sfp2`.`sfp1` = `sfp1`.`id` */;
/*!50001 SET character_set_client      = @saved_cs_client */;
/*!50001 SET character_set_results     = @saved_cs_results */;
/*!50001 SET collation_connection      = @saved_col_connection */;

--
-- Final view structure for view `cve_by_sfp2`
--

/*!50001 DROP TABLE IF EXISTS `cve_by_sfp2`*/;
/*!50001 DROP VIEW IF EXISTS `cve_by_sfp2`*/;
/*!50001 SET @saved_cs_client          = @@character_set_client */;
/*!50001 SET @saved_cs_results         = @@character_set_results */;
/*!50001 SET @saved_col_connection     = @@collation_connection */;
/*!50001 SET character_set_client      = latin1 */;
/*!50001 SET character_set_results     = latin1 */;
/*!50001 SET collation_connection      = latin1_swedish_ci */;
/*!50001 CREATE ALGORITHM=UNDEFINED */
/*!50013 DEFINER=`root`@`localhost` SQL SECURITY DEFINER */
/*!50001 VIEW `cve_by_sfp2` AS select `sfp2`.`name` AS `sfp2`,`cve`.`name` AS `cve` from ((`cve` join `sfp2`) join `cwe`) where `cve`.`cwe` = `cwe`.`id` and `cwe`.`cweSFP2Cluster` = `sfp2`.`id` */;
/*!50001 SET character_set_client      = @saved_cs_client */;
/*!50001 SET character_set_results     = @saved_cs_results */;
/*!50001 SET collation_connection      = @saved_col_connection */;

--
-- Final view structure for view `icscert_instances`
--

/*!50001 DROP TABLE IF EXISTS `icscert_instances`*/;
/*!50001 DROP VIEW IF EXISTS `icscert_instances`*/;
/*!50001 SET @saved_cs_client          = @@character_set_client */;
/*!50001 SET @saved_cs_results         = @@character_set_results */;
/*!50001 SET @saved_col_connection     = @@collation_connection */;
/*!50001 SET character_set_client      = latin1 */;
/*!50001 SET character_set_results     = latin1 */;
/*!50001 SET collation_connection      = latin1_swedish_ci */;
/*!50001 CREATE ALGORITHM=UNDEFINED */
/*!50013 DEFINER=`root`@`localhost` SQL SECURITY DEFINER */
/*!50001 VIEW `icscert_instances` AS select `cve_by_icscert`.`icscert` AS `icscert`,count(0) AS `quantity` from `cve_by_icscert` group by `cve_by_icscert`.`icscert` */;
/*!50001 SET character_set_client      = @saved_cs_client */;
/*!50001 SET character_set_results     = @saved_cs_results */;
/*!50001 SET collation_connection      = @saved_col_connection */;

--
-- Final view structure for view `product_by_countries`
--

/*!50001 DROP TABLE IF EXISTS `product_by_countries`*/;
/*!50001 DROP VIEW IF EXISTS `product_by_countries`*/;
/*!50001 SET @saved_cs_client          = @@character_set_client */;
/*!50001 SET @saved_cs_results         = @@character_set_results */;
/*!50001 SET @saved_col_connection     = @@collation_connection */;
/*!50001 SET character_set_client      = latin1 */;
/*!50001 SET character_set_results     = latin1 */;
/*!50001 SET collation_connection      = latin1_swedish_ci */;
/*!50001 CREATE ALGORITHM=UNDEFINED */
/*!50013 DEFINER=`root`@`localhost` SQL SECURITY DEFINER */
/*!50001 VIEW `product_by_countries` AS select `product`.`name` AS `product`,`countries`.`name` AS `countries` from ((`product` join `countries`) join `product_countries`) where `product_countries`.`id_product` = `product`.`id` and `product_countries`.`id_countries` = `countries`.`id` */;
/*!50001 SET character_set_client      = @saved_cs_client */;
/*!50001 SET character_set_results     = @saved_cs_results */;
/*!50001 SET collation_connection      = @saved_col_connection */;

--
-- Final view structure for view `products_by_sector`
--

/*!50001 DROP TABLE IF EXISTS `products_by_sector`*/;
/*!50001 DROP VIEW IF EXISTS `products_by_sector`*/;
/*!50001 SET @saved_cs_client          = @@character_set_client */;
/*!50001 SET @saved_cs_results         = @@character_set_results */;
/*!50001 SET @saved_col_connection     = @@collation_connection */;
/*!50001 SET character_set_client      = latin1 */;
/*!50001 SET character_set_results     = latin1 */;
/*!50001 SET collation_connection      = latin1_swedish_ci */;
/*!50001 CREATE ALGORITHM=UNDEFINED */
/*!50013 DEFINER=`root`@`localhost` SQL SECURITY DEFINER */
/*!50001 VIEW `products_by_sector` AS select `product`.`name` AS `pname`,`sector`.`name` AS `sname` from ((`product` join `sector`) join `product_sector`) where `product`.`id` = `product_sector`.`id_product` and `product_sector`.`id_sector` = `sector`.`id` */;
/*!50001 SET character_set_client      = @saved_cs_client */;
/*!50001 SET character_set_results     = @saved_cs_results */;
/*!50001 SET collation_connection      = @saved_col_connection */;

--
-- Final view structure for view `sector_instances`
--

/*!50001 DROP TABLE IF EXISTS `sector_instances`*/;
/*!50001 DROP VIEW IF EXISTS `sector_instances`*/;
/*!50001 SET @saved_cs_client          = @@character_set_client */;
/*!50001 SET @saved_cs_results         = @@character_set_results */;
/*!50001 SET @saved_col_connection     = @@collation_connection */;
/*!50001 SET character_set_client      = latin1 */;
/*!50001 SET character_set_results     = latin1 */;
/*!50001 SET collation_connection      = latin1_swedish_ci */;
/*!50001 CREATE ALGORITHM=UNDEFINED */
/*!50013 DEFINER=`root`@`localhost` SQL SECURITY DEFINER */
/*!50001 VIEW `sector_instances` AS select `products_by_sector`.`sname` AS `sname`,count(0) AS `quantity` from `products_by_sector` group by `products_by_sector`.`sname` */;
/*!50001 SET character_set_client      = @saved_cs_client */;
/*!50001 SET character_set_results     = @saved_cs_results */;
/*!50001 SET collation_connection      = @saved_col_connection */;

--
-- Final view structure for view `sfp1_instances`
--

/*!50001 DROP TABLE IF EXISTS `sfp1_instances`*/;
/*!50001 DROP VIEW IF EXISTS `sfp1_instances`*/;
/*!50001 SET @saved_cs_client          = @@character_set_client */;
/*!50001 SET @saved_cs_results         = @@character_set_results */;
/*!50001 SET @saved_col_connection     = @@collation_connection */;
/*!50001 SET character_set_client      = latin1 */;
/*!50001 SET character_set_results     = latin1 */;
/*!50001 SET collation_connection      = latin1_swedish_ci */;
/*!50001 CREATE ALGORITHM=UNDEFINED */
/*!50013 DEFINER=`root`@`localhost` SQL SECURITY DEFINER */
/*!50001 VIEW `sfp1_instances` AS select `cve_by_sfp1`.`sfp1` AS `sfp1`,count(0) AS `quantity` from `cve_by_sfp1` group by `cve_by_sfp1`.`sfp1` */;
/*!50001 SET character_set_client      = @saved_cs_client */;
/*!50001 SET character_set_results     = @saved_cs_results */;
/*!50001 SET collation_connection      = @saved_col_connection */;

--
-- Final view structure for view `sfp1_sfp2`
--

/*!50001 DROP TABLE IF EXISTS `sfp1_sfp2`*/;
/*!50001 DROP VIEW IF EXISTS `sfp1_sfp2`*/;
/*!50001 SET @saved_cs_client          = @@character_set_client */;
/*!50001 SET @saved_cs_results         = @@character_set_results */;
/*!50001 SET @saved_col_connection     = @@collation_connection */;
/*!50001 SET character_set_client      = latin1 */;
/*!50001 SET character_set_results     = latin1 */;
/*!50001 SET collation_connection      = latin1_swedish_ci */;
/*!50001 CREATE ALGORITHM=UNDEFINED */
/*!50013 DEFINER=`root`@`localhost` SQL SECURITY DEFINER */
/*!50001 VIEW `sfp1_sfp2` AS select `sfp2`.`name` AS `name_sfp2`,`sfp1`.`name` AS `name_sfp1` from (`sfp1` join `sfp2`) where `sfp2`.`sfp1` = `sfp1`.`id` */;
/*!50001 SET character_set_client      = @saved_cs_client */;
/*!50001 SET character_set_results     = @saved_cs_results */;
/*!50001 SET collation_connection      = @saved_col_connection */;

--
-- Final view structure for view `sfp2_instances`
--

/*!50001 DROP TABLE IF EXISTS `sfp2_instances`*/;
/*!50001 DROP VIEW IF EXISTS `sfp2_instances`*/;
/*!50001 SET @saved_cs_client          = @@character_set_client */;
/*!50001 SET @saved_cs_results         = @@character_set_results */;
/*!50001 SET @saved_col_connection     = @@collation_connection */;
/*!50001 SET character_set_client      = latin1 */;
/*!50001 SET character_set_results     = latin1 */;
/*!50001 SET collation_connection      = latin1_swedish_ci */;
/*!50001 CREATE ALGORITHM=UNDEFINED */
/*!50013 DEFINER=`root`@`localhost` SQL SECURITY DEFINER */
/*!50001 VIEW `sfp2_instances` AS select `cve_by_sfp2`.`sfp2` AS `sfp2`,count(0) AS `quantity` from `cve_by_sfp2` group by `cve_by_sfp2`.`sfp2` */;
/*!50001 SET character_set_client      = @saved_cs_client */;
/*!50001 SET character_set_results     = @saved_cs_results */;
/*!50001 SET collation_connection      = @saved_col_connection */;
/*!40103 SET TIME_ZONE=@OLD_TIME_ZONE */;

/*!40101 SET SQL_MODE=@OLD_SQL_MODE */;
/*!40014 SET FOREIGN_KEY_CHECKS=@OLD_FOREIGN_KEY_CHECKS */;
/*!40014 SET UNIQUE_CHECKS=@OLD_UNIQUE_CHECKS */;
/*!40101 SET CHARACTER_SET_CLIENT=@OLD_CHARACTER_SET_CLIENT */;
/*!40101 SET CHARACTER_SET_RESULTS=@OLD_CHARACTER_SET_RESULTS */;
/*!40101 SET COLLATION_CONNECTION=@OLD_COLLATION_CONNECTION */;
/*!40111 SET SQL_NOTES=@OLD_SQL_NOTES */;

-- Dump completed on 2019-05-29 17:58:49
