-- MySQL dump 10.13  Distrib 5.7.25, for Linux (x86_64)
--
-- Host: localhost    Database: cassiopee
-- ------------------------------------------------------
-- Server version	5.7.25-0ubuntu0.18.04.2

/*!40101 SET @OLD_CHARACTER_SET_CLIENT=@@CHARACTER_SET_CLIENT */;
/*!40101 SET @OLD_CHARACTER_SET_RESULTS=@@CHARACTER_SET_RESULTS */;
/*!40101 SET @OLD_COLLATION_CONNECTION=@@COLLATION_CONNECTION */;
/*!40101 SET NAMES utf8 */;
/*!40103 SET @OLD_TIME_ZONE=@@TIME_ZONE */;
/*!40103 SET TIME_ZONE='+00:00' */;
/*!40014 SET @OLD_UNIQUE_CHECKS=@@UNIQUE_CHECKS, UNIQUE_CHECKS=0 */;
/*!40014 SET @OLD_FOREIGN_KEY_CHECKS=@@FOREIGN_KEY_CHECKS, FOREIGN_KEY_CHECKS=0 */;
/*!40101 SET @OLD_SQL_MODE=@@SQL_MODE, SQL_MODE='NO_AUTO_VALUE_ON_ZERO' */;
/*!40111 SET @OLD_SQL_NOTES=@@SQL_NOTES, SQL_NOTES=0 */;

--
-- Table structure for table `countries`
--

DROP TABLE IF EXISTS `countries`;
/*!40101 SET @saved_cs_client     = @@character_set_client */;
/*!40101 SET character_set_client = utf8 */;
CREATE TABLE `countries` (
  `id` smallint(5) unsigned NOT NULL AUTO_INCREMENT,
  `code` varchar(2) DEFAULT '',
  `name` char(255) NOT NULL DEFAULT '',
  PRIMARY KEY (`id`),
  UNIQUE KEY `UC_countries` (`name`)
) ENGINE=InnoDB AUTO_INCREMENT=259 DEFAULT CHARSET=utf8;
/*!40101 SET character_set_client = @saved_cs_client */;

--
-- Dumping data for table `countries`
--

LOCK TABLES `countries` WRITE;
/*!40000 ALTER TABLE `countries` DISABLE KEYS */;
INSERT INTO `countries` VALUES (1,'AF','Afghanistan'),(2,'AL','Albania'),(3,'DZ','Algeria'),(4,'DS','American Samoa'),(5,'AD','Andorra'),(6,'AO','Angola'),(7,'AI','Anguilla'),(8,'AQ','Antarctica'),(9,'AG','Antigua and Barbuda'),(10,'AR','Argentina'),(11,'AM','Armenia'),(12,'AW','Aruba'),(13,'AU','Australia'),(14,'AT','Austria'),(15,'AZ','Azerbaijan'),(16,'BS','Bahamas'),(17,'BH','Bahrain'),(18,'BD','Bangladesh'),(19,'BB','Barbados'),(20,'BY','Belarus'),(21,'BE','Belgium'),(22,'BZ','Belize'),(23,'BJ','Benin'),(24,'BM','Bermuda'),(25,'BT','Bhutan'),(26,'BO','Bolivia'),(27,'BA','Bosnia and Herzegovina'),(28,'BW','Botswana'),(29,'BV','Bouvet Island'),(30,'BR','Brazil'),(31,'IO','British Indian Ocean Territory'),(32,'BN','Brunei Darussalam'),(33,'BG','Bulgaria'),(34,'BF','Burkina Faso'),(35,'BI','Burundi'),(36,'KH','Cambodia'),(37,'CM','Cameroon'),(38,'CA','Canada'),(39,'CV','Cape Verde'),(40,'KY','Cayman Islands'),(41,'CF','Central African Republic'),(42,'TD','Chad'),(43,'CL','Chile'),(44,'CN','China'),(45,'CX','Christmas Island'),(46,'CC','Cocos (Keeling) Islands'),(47,'CO','Colombia'),(48,'KM','Comoros'),(49,'CG','Congo'),(50,'CK','Cook Islands'),(51,'CR','Costa Rica'),(52,'HR','Croatia (Hrvatska)'),(53,'CU','Cuba'),(54,'CY','Cyprus'),(55,'CZ','Czech Republic'),(56,'DK','Denmark'),(57,'DJ','Djibouti'),(58,'DM','Dominica'),(59,'DO','Dominican Republic'),(60,'TP','East Timor'),(61,'EC','Ecuador'),(62,'EG','Egypt'),(63,'SV','El Salvador'),(64,'GQ','Equatorial Guinea'),(65,'ER','Eritrea'),(66,'EE','Estonia'),(67,'ET','Ethiopia'),(68,'FK','Falkland Islands (Malvinas)'),(69,'FO','Faroe Islands'),(70,'FJ','Fiji'),(71,'FI','Finland'),(72,'FR','France'),(73,'FX','France, Metropolitan'),(74,'GF','French Guiana'),(75,'PF','French Polynesia'),(76,'TF','French Southern Territories'),(77,'GA','Gabon'),(78,'GM','Gambia'),(79,'GE','Georgia'),(80,'DE','Germany'),(81,'GH','Ghana'),(82,'GI','Gibraltar'),(83,'GK','Guernsey'),(84,'GR','Greece'),(85,'GL','Greenland'),(86,'GD','Grenada'),(87,'GP','Guadeloupe'),(88,'GU','Guam'),(89,'GT','Guatemala'),(90,'GN','Guinea'),(91,'GW','Guinea-Bissau'),(92,'GY','Guyana'),(93,'HT','Haiti'),(94,'HM','Heard and Mc Donald Islands'),(95,'HN','Honduras'),(96,'HK','Hong Kong'),(97,'HU','Hungary'),(98,'IS','Iceland'),(99,'IN','India'),(100,'IM','Isle of Man'),(101,'ID','Indonesia'),(102,'IR','Iran (Islamic Republic of)'),(103,'IQ','Iraq'),(104,'IE','Ireland'),(105,'IL','Israel'),(106,'IT','Italy'),(107,'CI','Ivory Coast'),(108,'JE','Jersey'),(109,'JM','Jamaica'),(110,'JP','Japan'),(111,'JO','Jordan'),(112,'KZ','Kazakhstan'),(113,'KE','Kenya'),(114,'KI','Kiribati'),(115,'KP','Korea, Democratic People\'s Republic of'),(116,'KR','Korea, Republic of'),(117,'XK','Kosovo'),(118,'KW','Kuwait'),(119,'KG','Kyrgyzstan'),(120,'LA','Lao People\'s Democratic Republic'),(121,'LV','Latvia'),(122,'LB','Lebanon'),(123,'LS','Lesotho'),(124,'LR','Liberia'),(125,'LY','Libyan Arab Jamahiriya'),(126,'LI','Liechtenstein'),(127,'LT','Lithuania'),(128,'LU','Luxembourg'),(129,'MO','Macau'),(130,'MK','Macedonia'),(131,'MG','Madagascar'),(132,'MW','Malawi'),(133,'MY','Malaysia'),(134,'MV','Maldives'),(135,'ML','Mali'),(136,'MT','Malta'),(137,'MH','Marshall Islands'),(138,'MQ','Martinique'),(139,'MR','Mauritania'),(140,'MU','Mauritius'),(141,'TY','Mayotte'),(142,'MX','Mexico'),(143,'FM','Micronesia, Federated States of'),(144,'MD','Moldova, Republic of'),(145,'MC','Monaco'),(146,'MN','Mongolia'),(147,'ME','Montenegro'),(148,'MS','Montserrat'),(149,'MA','Morocco'),(150,'MZ','Mozambique'),(151,'MM','Myanmar'),(152,'NA','Namibia'),(153,'NR','Nauru'),(154,'NP','Nepal'),(155,'NL','Netherlands'),(156,'AN','Netherlands Antilles'),(157,'NC','New Caledonia'),(158,'NZ','New Zealand'),(159,'NI','Nicaragua'),(160,'NE','Niger'),(161,'NG','Nigeria'),(162,'NU','Niue'),(163,'NF','Norfolk Island'),(164,'MP','Northern Mariana Islands'),(165,'NO','Norway'),(166,'OM','Oman'),(167,'PK','Pakistan'),(168,'PW','Palau'),(169,'PS','Palestine'),(170,'PA','Panama'),(171,'PG','Papua New Guinea'),(172,'PY','Paraguay'),(173,'PE','Peru'),(174,'PH','Philippines'),(175,'PN','Pitcairn'),(176,'PL','Poland'),(177,'PT','Portugal'),(178,'PR','Puerto Rico'),(179,'QA','Qatar'),(180,'RE','Reunion'),(181,'RO','Romania'),(182,'RU','Russian Federation'),(183,'RW','Rwanda'),(184,'KN','Saint Kitts and Nevis'),(185,'LC','Saint Lucia'),(186,'VC','Saint Vincent and the Grenadines'),(187,'WS','Samoa'),(188,'SM','San Marino'),(189,'ST','Sao Tome and Principe'),(190,'SA','Saudi Arabia'),(191,'SN','Senegal'),(192,'RS','Serbia'),(193,'SC','Seychelles'),(194,'SL','Sierra Leone'),(195,'SG','Singapore'),(196,'SK','Slovakia'),(197,'SI','Slovenia'),(198,'SB','Solomon Islands'),(199,'SO','Somalia'),(200,'ZA','South Africa'),(201,'GS','South Georgia South Sandwich Islands'),(202,'SS','South Sudan'),(203,'ES','Spain'),(204,'LK','Sri Lanka'),(205,'SH','St. Helena'),(206,'PM','St. Pierre and Miquelon'),(207,'SD','Sudan'),(208,'SR','Suriname'),(209,'SJ','Svalbard and Jan Mayen Islands'),(210,'SZ','Swaziland'),(211,'SE','Sweden'),(212,'CH','Switzerland'),(213,'SY','Syrian Arab Republic'),(214,'TW','Taiwan'),(215,'TJ','Tajikistan'),(216,'TZ','Tanzania, United Republic of'),(217,'TH','Thailand'),(218,'TG','Togo'),(219,'TK','Tokelau'),(220,'TO','Tonga'),(221,'TT','Trinidad and Tobago'),(222,'TN','Tunisia'),(223,'TR','Turkey'),(224,'TM','Turkmenistan'),(225,'TC','Turks and Caicos Islands'),(226,'TV','Tuvalu'),(227,'UG','Uganda'),(228,'UA','Ukraine'),(229,'AE','United Arab Emirates'),(230,'GB','United Kingdom'),(231,'US','United States'),(232,'UM','United States minor outlying islands'),(233,'UY','Uruguay'),(234,'UZ','Uzbekistan'),(235,'VU','Vanuatu'),(236,'VA','Vatican City State'),(237,'VE','Venezuela'),(238,'VN','Vietnam'),(239,'VG','Virgin Islands (British)'),(240,'VI','Virgin Islands (U.S.)'),(241,'WF','Wallis and Futuna Islands'),(242,'EH','Western Sahara'),(243,'YE','Yemen'),(244,'ZR','Zaire'),(245,'ZM','Zambia'),(246,'ZW','Zimbabwe'),(247,'WW','Worldwide'),(249,NULL,'Null'),(250,NULL,'East Asia'),(251,NULL,'and Europe'),(252,NULL,'South America'),(253,NULL,'COUNTRIES/AREAS DEPLOYED:  Worldwide'),(254,NULL,'•Critical Manufacturing•Worldwide•Germany'),(255,NULL,'Worldwide '),(256,NULL,'Europe and Asia'),(257,NULL,'United States '),(258,NULL,'North America');
/*!40000 ALTER TABLE `countries` ENABLE KEYS */;
UNLOCK TABLES;

--
-- Table structure for table `cve`
--

DROP TABLE IF EXISTS `cve`;
/*!40101 SET @saved_cs_client     = @@character_set_client */;
/*!40101 SET character_set_client = utf8 */;
CREATE TABLE `cve` (
  `id` smallint(5) unsigned NOT NULL AUTO_INCREMENT,
  `date_creation` date DEFAULT NULL,
  `cvss` smallint(5) unsigned NOT NULL,
  `cwe` smallint(5) unsigned NOT NULL,
  `name` char(255) DEFAULT NULL,
  `link` text,
  `date_publication` date DEFAULT NULL,
  PRIMARY KEY (`id`),
  KEY `fk_cve_cvss` (`cvss`),
  KEY `fk_cve_cwe` (`cwe`),
  CONSTRAINT `fk_cve_cvss` FOREIGN KEY (`cvss`) REFERENCES `cvss` (`id`),
  CONSTRAINT `fk_cve_cwe` FOREIGN KEY (`cwe`) REFERENCES `cwe` (`id`)
) ENGINE=InnoDB AUTO_INCREMENT=1671 DEFAULT CHARSET=utf8;
/*!40101 SET character_set_client = @saved_cs_client */;

--
-- Dumping data for table `cve`
--

LOCK TABLES `cve` WRITE;
/*!40000 ALTER TABLE `cve` DISABLE KEYS */;
INSERT INTO `cve` VALUES (1350,'2019-01-01',1419,1402,'CVE-2019-10847','http://web.nvd.nist.gov/view/vuln/detail?vulnId=CVE-2019-10847',NULL),(1351,'2019-01-01',1420,1403,'CVE-2019-10848','http://web.nvd.nist.gov/view/vuln/detail?vulnId=CVE-2019-10848',NULL),(1352,'2019-01-01',1421,1404,'CVE-2019-10846','http://web.nvd.nist.gov/view/vuln/detail?vulnId=CVE-2019-10846',NULL),(1353,'2019-01-01',1422,1405,'CVE-2019-10854','http://web.nvd.nist.gov/view/vuln/detail?vulnId=CVE-2019-10854',NULL),(1354,'2019-01-01',1423,1406,'CVE-2019-10849','http://web.nvd.nist.gov/view/vuln/detail?vulnId=CVE-2019-10849',NULL),(1355,'2019-01-01',1424,1407,'CVE-2019-10851','http://web.nvd.nist.gov/view/vuln/detail?vulnId=CVE-2019-10851',NULL),(1356,'2019-01-01',1425,1408,'CVE-2019-10852','http://web.nvd.nist.gov/view/vuln/detail?vulnId=CVE-2019-10852',NULL),(1357,'2019-01-01',1426,1409,'CVE-2019-10853','http://web.nvd.nist.gov/view/vuln/detail?vulnId=CVE-2019-10853',NULL),(1358,'2019-01-01',1420,1410,'CVE-2019-10855','http://web.nvd.nist.gov/view/vuln/detail?vulnId=CVE-2019-10855',NULL),(1359,'2019-01-01',1428,1411,'CVE-2019-10977','http://web.nvd.nist.gov/view/vuln/detail?vulnId=CVE-2019-10977',NULL),(1360,'2018-01-01',1429,1412,'CVE-2018-6821','http://web.nvd.nist.gov/view/vuln/detail?vulnId=CVE-2018-6821',NULL),(1361,'2019-01-01',1430,1413,'CVE-2019-10975','http://web.nvd.nist.gov/view/vuln/detail?vulnId=CVE-2019-10975',NULL),(1362,'2019-01-01',1431,1414,'CVE-2019-10971','http://web.nvd.nist.gov/view/vuln/detail?vulnId=CVE-2019-10971',NULL),(1363,'2019-01-01',1432,1415,'CVE-2019-10922','http://web.nvd.nist.gov/view/vuln/detail?vulnId=CVE-2019-10922','2019-05-14'),(1364,'2019-01-01',1433,1416,'CVE-2019-10924','http://web.nvd.nist.gov/view/vuln/detail?vulnId=CVE-2019-10924','2019-05-14'),(1365,'2019-01-01',1434,1417,'CVE-2019-10919','http://web.nvd.nist.gov/view/vuln/detail?vulnId=CVE-2019-10919','2019-05-14'),(1366,'2019-01-01',1423,1418,'CVE-2019-10920','http://web.nvd.nist.gov/view/vuln/detail?vulnId=CVE-2019-10920','2019-05-14'),(1367,'2019-01-01',1423,1419,'CVE-2019-10921','http://web.nvd.nist.gov/view/vuln/detail?vulnId=CVE-2019-10921','2019-05-14'),(1368,'2019-01-01',1428,1420,'CVE-2019-6578','http://web.nvd.nist.gov/view/vuln/detail?vulnId=CVE-2019-6578','2019-05-14'),(1369,'2019-01-01',1428,1421,'CVE-2019-6574','http://web.nvd.nist.gov/view/vuln/detail?vulnId=CVE-2019-6574','2019-05-14'),(1370,'2018-01-01',1432,1422,'CVE-2018-7084','http://web.nvd.nist.gov/view/vuln/detail?vulnId=CVE-2018-7084','2019-05-10'),(1371,'2018-01-01',1423,1423,'CVE-2018-7083','http://web.nvd.nist.gov/view/vuln/detail?vulnId=CVE-2018-7083','2019-05-10'),(1372,'2018-01-01',1423,1424,'CVE-2018-16417','http://web.nvd.nist.gov/view/vuln/detail?vulnId=CVE-2018-16417',NULL),(1373,'2018-01-01',1442,1425,'CVE-2018-7082','http://web.nvd.nist.gov/view/vuln/detail?vulnId=CVE-2018-7082','2019-05-10'),(1374,'2018-01-01',1443,1426,'CVE-2018-7064','http://web.nvd.nist.gov/view/vuln/detail?vulnId=CVE-2018-7064','2019-05-10'),(1375,'2019-01-01',1444,1427,'CVE-2019-10916','http://web.nvd.nist.gov/view/vuln/detail?vulnId=CVE-2019-10916','2019-05-14'),(1376,'2019-01-01',1430,1428,'CVE-2019-10917','http://web.nvd.nist.gov/view/vuln/detail?vulnId=CVE-2019-10917','2019-05-14'),(1377,'2019-01-01',1422,1429,'CVE-2019-10918','http://web.nvd.nist.gov/view/vuln/detail?vulnId=CVE-2019-10918','2019-05-14'),(1378,'2019-01-01',1447,1430,'CVE-2019-6572','http://web.nvd.nist.gov/view/vuln/detail?vulnId=CVE-2019-6572','2019-05-14'),(1379,'2019-01-01',1448,1431,'CVE-2019-6576','http://web.nvd.nist.gov/view/vuln/detail?vulnId=CVE-2019-6576','2019-05-14'),(1380,'2019-01-01',1449,1432,'CVE-2019-6577','http://web.nvd.nist.gov/view/vuln/detail?vulnId=CVE-2019-6577','2019-05-14'),(1381,'2017-01-01',1432,1433,'CVE-2017-14728','http://web.nvd.nist.gov/view/vuln/detail?vulnId=CVE-2017-14728',NULL),(1382,'2017-01-01',1451,1434,'CVE-2017-14850','http://web.nvd.nist.gov/view/vuln/detail?vulnId=CVE-2017-14850',NULL),(1383,'2017-01-01',1434,1435,'CVE-2017-14851','http://web.nvd.nist.gov/view/vuln/detail?vulnId=CVE-2017-14851',NULL),(1384,'2017-01-01',1453,1436,'CVE-2017-14852','https://nvd.nist.gov/vuln/detail/CVE-2017-14852',NULL),(1385,'2017-01-01',1454,1437,'CVE-2017-14853','https://nvd.nist.gov/vuln/detail/CVE-2017-14853',NULL),(1386,'2017-01-01',1455,1438,'CVE-2017-14854','http://web.nvd.nist.gov/view/vuln/detail?vulnId=CVE-2017-14854',NULL),(1387,'2019-01-01',1433,1439,'CVE-2019-6564','http://web.nvd.nist.gov/view/vuln/detail?vulnId=CVE-2019-6564','2019-05-09'),(1388,'2019-01-01',1433,1440,'CVE-2019-6546','http://web.nvd.nist.gov/view/vuln/detail?vulnId=CVE-2019-6546','2019-05-09'),(1389,'2019-01-01',1426,1441,'CVE-2019-6548','http://web.nvd.nist.gov/view/vuln/detail?vulnId=CVE-2019-6548','2019-05-09'),(1390,'2019-01-01',1459,1442,'CVE-2019-6544','http://web.nvd.nist.gov/view/vuln/detail?vulnId=CVE-2019-6544','2019-05-09'),(1391,'2019-01-01',1431,1443,'CVE-2019-6566','http://web.nvd.nist.gov/view/vuln/detail?vulnId=CVE-2019-6566','2019-05-09'),(1392,'2018-01-01',1444,1444,'CVE-2018-4061','http://web.nvd.nist.gov/view/vuln/detail?vulnId=CVE-2018-4061','2019-05-06'),(1393,'2018-01-01',1462,1445,'CVE-2018-4062','http://web.nvd.nist.gov/view/vuln/detail?vulnId=CVE-2018-4062','2019-05-06'),(1394,'2018-01-01',1444,1446,'CVE-2018-4063','http://web.nvd.nist.gov/view/vuln/detail?vulnId=CVE-2018-4063','2019-05-06'),(1395,'2018-01-01',1451,1447,'CVE-2018-4065','http://web.nvd.nist.gov/view/vuln/detail?vulnId=CVE-2018-4065','2019-05-06'),(1396,'2018-01-01',1465,1448,'CVE-2018-4066','http://web.nvd.nist.gov/view/vuln/detail?vulnId=CVE-2018-4066','2019-05-06'),(1397,'2018-01-01',1466,1449,'CVE-2018-4067','http://web.nvd.nist.gov/view/vuln/detail?vulnId=CVE-2018-4067','2019-05-06'),(1398,'2018-01-01',1448,1450,'CVE-2018-4069','http://web.nvd.nist.gov/view/vuln/detail?vulnId=CVE-2018-4069','2019-05-06'),(1399,'2019-01-01',1468,1451,'CVE-2019-6562','http://web.nvd.nist.gov/view/vuln/detail?vulnId=CVE-2019-6562','2019-05-01'),(1400,'2019-01-01',1469,1452,'CVE-2019-10952','http://web.nvd.nist.gov/view/vuln/detail?vulnId=CVE-2019-10952','2019-05-01'),(1401,'2019-01-01',1470,1453,'CVE-2019-10954','http://web.nvd.nist.gov/view/vuln/detail?vulnId=CVE-2019-10954','2019-05-01'),(1402,'2019-01-01',1428,1454,'CVE-2019-10948','http://web.nvd.nist.gov/view/vuln/detail?vulnId=CVE-2019-10948','2019-04-30'),(1403,'2019-01-01',1432,1455,'CVE-2019-10950','http://web.nvd.nist.gov/view/vuln/detail?vulnId=CVE-2019-10950','2019-04-30'),(1404,'2019-01-01',1473,1456,'CVE-2019-10955','http://web.nvd.nist.gov/view/vuln/detail?vulnId=CVE-2019-10955','2019-04-25'),(1405,'2019-01-01',1433,1457,'CVE-2019-10947','http://web.nvd.nist.gov/view/vuln/detail?vulnId=CVE-2019-10947','2019-04-17'),(1406,'2019-01-01',1433,1458,'CVE-2019-10951','http://web.nvd.nist.gov/view/vuln/detail?vulnId=CVE-2019-10951','2019-04-17'),(1407,'2019-01-01',1476,1459,'CVE-2019-10949','http://web.nvd.nist.gov/view/vuln/detail?vulnId=CVE-2019-10949','2019-04-17'),(1408,'2019-01-01',1432,1460,'CVE-2019-10712','http://web.nvd.nist.gov/view/vuln/detail?vulnId=CVE-2019-10712','2019-05-07'),(1409,'2019-01-01',1428,1461,'CVE-2019-10953','http://web.nvd.nist.gov/view/vuln/detail?vulnId=CVE-2019-10953','2019-04-17'),(1410,'2017-01-01',1428,1462,'CVE-2017-12741','http://web.nvd.nist.gov/view/vuln/detail?vulnId=CVE-2017-12741','2019-04-17'),(1411,'2019-01-01',1480,1463,'CVE-2019-6579','http://web.nvd.nist.gov/view/vuln/detail?vulnId=CVE-2019-6579','2019-04-24'),(1412,'2019-01-01',1428,1464,'CVE-2019-6575','http://web.nvd.nist.gov/view/vuln/detail?vulnId=CVE-2019-6575','2019-05-14'),(1413,'2018-01-01',1482,1465,'CVE-2018-14618','http://web.nvd.nist.gov/view/vuln/detail?vulnId=CVE-2018-14618','2018-09-05'),(1414,'2018-01-01',1428,1466,'CVE-2018-16890','http://web.nvd.nist.gov/view/vuln/detail?vulnId=CVE-2018-16890','2019-02-06'),(1415,'2019-01-01',1426,1467,'CVE-2019-3822','http://web.nvd.nist.gov/view/vuln/detail?vulnId=CVE-2019-3822','2019-02-06'),(1416,'2019-01-01',1485,1468,'CVE-2019-6570','http://web.nvd.nist.gov/view/vuln/detail?vulnId=CVE-2019-6570','2019-04-17'),(1417,'2018-01-01',1432,1469,'CVE-2018-5379','http://web.nvd.nist.gov/view/vuln/detail?vulnId=CVE-2018-5379','2018-02-19'),(1418,'2018-01-01',1487,1470,'CVE-2018-5380','http://web.nvd.nist.gov/view/vuln/detail?vulnId=CVE-2018-5380','2018-02-19'),(1419,'2018-01-01',1428,1471,'CVE-2018-5381','http://web.nvd.nist.gov/view/vuln/detail?vulnId=CVE-2018-5381','2018-02-19'),(1420,'2019-01-01',1428,1472,'CVE-2019-6568','http://web.nvd.nist.gov/view/vuln/detail?vulnId=CVE-2019-6568','2019-05-14'),(1421,'2019-01-01',1490,1473,'CVE-2019-6556','http://web.nvd.nist.gov/view/vuln/detail?vulnId=CVE-2019-6556','2019-04-10'),(1422,'2018-01-01',1491,1474,'CVE-2018-15377','http://web.nvd.nist.gov/view/vuln/detail?vulnId=CVE-2018-15377','2018-10-05'),(1423,'2018-01-01',1492,1475,'CVE-2018-0466','http://web.nvd.nist.gov/view/vuln/detail?vulnId=CVE-2018-0466','2018-10-05'),(1424,'2018-01-01',1470,1476,'CVE-2018-0470','http://web.nvd.nist.gov/view/vuln/detail?vulnId=CVE-2018-0470','2018-10-05'),(1425,'2018-01-01',1428,1477,'CVE-2018-0473','http://web.nvd.nist.gov/view/vuln/detail?vulnId=CVE-2018-0473','2018-10-05'),(1426,'2018-01-01',1470,1478,'CVE-2018-0467','http://web.nvd.nist.gov/view/vuln/detail?vulnId=CVE-2018-0467','2018-10-05'),(1427,'2018-01-01',1492,1479,'CVE-2018-15373','http://web.nvd.nist.gov/view/vuln/detail?vulnId=CVE-2018-15373','2018-10-05'),(1428,'2018-01-01',1470,1480,'CVE-2018-0472','http://web.nvd.nist.gov/view/vuln/detail?vulnId=CVE-2018-0472','2018-10-05'),(1429,'2019-01-01',1432,1481,'CVE-2019-6552','http://web.nvd.nist.gov/view/vuln/detail?vulnId=CVE-2019-6552','2019-04-05'),(1430,'2019-01-01',1432,1482,'CVE-2019-6550','http://web.nvd.nist.gov/view/vuln/detail?vulnId=CVE-2019-6550','2019-04-05'),(1431,'2019-01-01',1428,1483,'CVE-2019-6554','http://web.nvd.nist.gov/view/vuln/detail?vulnId=CVE-2019-6554','2019-04-05'),(1432,'2018-01-01',1428,1484,'CVE-2018-19282','http://web.nvd.nist.gov/view/vuln/detail?vulnId=CVE-2018-19282','2019-04-04'),(1433,'2019-01-01',1502,1485,'CVE-2019-6569','http://web.nvd.nist.gov/view/vuln/detail?vulnId=CVE-2019-6569','2019-03-26'),(1434,'2019-01-01',1503,1486,'CVE-2019-9743','http://web.nvd.nist.gov/view/vuln/detail?vulnId=CVE-2019-9743','2019-03-26'),(1435,'2019-01-01',1428,1487,'CVE-2019-6542','http://web.nvd.nist.gov/view/vuln/detail?vulnId=CVE-2019-6542','2019-03-28'),(1436,'2019-01-01',1505,1488,'CVE-2019-6538','http://web.nvd.nist.gov/view/vuln/detail?vulnId=CVE-2019-6538','2019-03-25'),(1437,'2019-01-01',1506,1489,'CVE-2019-6540','http://web.nvd.nist.gov/view/vuln/detail?vulnId=CVE-2019-6540','2019-03-26'),(1438,'2019-01-01',1507,1490,'CVE-2019-6534','https://nvd.nist.gov/vuln/detail/CVE-2019-6534','2019-04-11'),(1439,'2018-01-01',1508,1491,'CVE-2018-18875','http://web.nvd.nist.gov/view/vuln/detail?vulnId=CVE-2018-18875',NULL),(1440,'2018-01-01',1420,1492,'CVE-2018-18876','http://web.nvd.nist.gov/view/vuln/detail?vulnId=CVE-2018-18876',NULL),(1441,'2018-01-01',1432,1493,'CVE-2018-18877','http://web.nvd.nist.gov/view/vuln/detail?vulnId=CVE-2018-18877',NULL),(1442,'2018-01-01',1428,1494,'CVE-2018-18878','http://web.nvd.nist.gov/view/vuln/detail?vulnId=CVE-2018-18878',NULL),(1443,'2018-01-01',1432,1495,'CVE-2018-18879','http://web.nvd.nist.gov/view/vuln/detail?vulnId=CVE-2018-18879',NULL),(1444,'2018-01-01',1508,1496,'CVE-2018-18880','http://web.nvd.nist.gov/view/vuln/detail?vulnId=CVE-2018-18880',NULL),(1445,'2019-01-01',1433,1497,'CVE-2019-6536','http://web.nvd.nist.gov/view/vuln/detail?vulnId=CVE-2019-6536','2019-03-27'),(1446,'2019-01-01',1507,1498,'CVE-2019-6534','https://nvd.nist.gov/vuln/detail/CVE-2019-6534','2019-04-11'),(1447,'2018-01-01',1420,1499,'CVE-2018-16059','http://web.nvd.nist.gov/view/vuln/detail?vulnId=CVE-2018-16059','2018-09-07'),(1448,'2019-01-01',1480,1500,'CVE-2019-6553','http://web.nvd.nist.gov/view/vuln/detail?vulnId=CVE-2019-6553','2019-04-04'),(1449,'2019-01-01',1518,1501,'CVE-2019-6528','http://web.nvd.nist.gov/view/vuln/detail?vulnId=CVE-2019-6528','2019-03-05'),(1450,'2019-01-01',1428,1502,'CVE-2019-6557','http://web.nvd.nist.gov/view/vuln/detail?vulnId=CVE-2019-6557','2019-03-05'),(1451,'2019-01-01',1520,1503,'CVE-2019-6561','http://web.nvd.nist.gov/view/vuln/detail?vulnId=CVE-2019-6561','2019-03-05'),(1452,'2019-01-01',1520,1504,'CVE-2019-6565','http://web.nvd.nist.gov/view/vuln/detail?vulnId=CVE-2019-6565','2019-03-05'),(1453,'2019-01-01',1428,1505,'CVE-2019-6520','http://web.nvd.nist.gov/view/vuln/detail?vulnId=CVE-2019-6520','2019-03-05'),(1454,'2019-01-01',1428,1506,'CVE-2019-6524','http://web.nvd.nist.gov/view/vuln/detail?vulnId=CVE-2019-6524','2019-03-05'),(1455,'2019-01-01',1428,1507,'CVE-2019-6526','http://web.nvd.nist.gov/view/vuln/detail?vulnId=CVE-2019-6526','2019-04-15'),(1456,'2019-01-01',1428,1508,'CVE-2019-6522','http://web.nvd.nist.gov/view/vuln/detail?vulnId=CVE-2019-6522','2019-03-05'),(1457,'2019-01-01',1423,1509,'CVE-2019-6518','http://web.nvd.nist.gov/view/vuln/detail?vulnId=CVE-2019-6518','2019-03-05'),(1458,'2019-01-01',1432,1510,'CVE-2019-6563','http://web.nvd.nist.gov/view/vuln/detail?vulnId=CVE-2019-6563','2019-03-05'),(1459,'2019-01-01',1428,1511,'CVE-2019-6559','http://web.nvd.nist.gov/view/vuln/detail?vulnId=CVE-2019-6559','2019-03-05'),(1460,'2019-01-01',1529,1512,'CVE-2019-0102','http://web.nvd.nist.gov/view/vuln/detail?vulnId=CVE-2019-0102','2019-02-18'),(1461,'2019-01-01',1530,1513,'CVE-2019-0103','http://web.nvd.nist.gov/view/vuln/detail?vulnId=CVE-2019-0103','2019-02-18'),(1462,'2019-01-01',1530,1514,'CVE-2019-0104','http://web.nvd.nist.gov/view/vuln/detail?vulnId=CVE-2019-0104','2019-02-18'),(1463,'2019-01-01',1532,1515,'CVE-2019-0105','http://web.nvd.nist.gov/view/vuln/detail?vulnId=CVE-2019-0105','2019-02-18'),(1464,'2019-01-01',1533,1516,'CVE-2019-0106','http://web.nvd.nist.gov/view/vuln/detail?vulnId=CVE-2019-0106','2019-02-18'),(1465,'2019-01-01',1534,1517,'CVE-2019-0107','http://web.nvd.nist.gov/view/vuln/detail?vulnId=CVE-2019-0107','2019-02-18'),(1466,'2019-01-01',1535,1518,'CVE-2019-0108','http://web.nvd.nist.gov/view/vuln/detail?vulnId=CVE-2019-0108','2019-02-18'),(1467,'2019-01-01',1536,1519,'CVE-2019-0109','http://web.nvd.nist.gov/view/vuln/detail?vulnId=CVE-2019-0109','2019-02-18'),(1468,'2019-01-01',1537,1520,'CVE-2019-0110','http://web.nvd.nist.gov/view/vuln/detail?vulnId=CVE-2019-0110','2019-02-18'),(1469,'2019-01-01',1538,1521,'CVE-2019-0111','http://web.nvd.nist.gov/view/vuln/detail?vulnId=CVE-2019-0111','2019-02-18'),(1470,'2019-01-01',1539,1522,'CVE-2019-0112','http://web.nvd.nist.gov/view/vuln/detail?vulnId=CVE-2019-0112','2019-02-18'),(1471,'2019-01-01',1540,1523,'CVE-2019-6547','http://web.nvd.nist.gov/view/vuln/detail?vulnId=CVE-2019-6547','2019-02-28'),(1472,'2019-01-01',1541,1524,'CVE-2019-6555','http://web.nvd.nist.gov/view/vuln/detail?vulnId=CVE-2019-6555','2019-02-28'),(1473,'2018-01-01',1451,1525,'CVE-2018-19615','http://web.nvd.nist.gov/view/vuln/detail?vulnId=CVE-2018-19615','2019-03-18'),(1474,'2018-01-01',1432,1526,'CVE-2018-19616','http://web.nvd.nist.gov/view/vuln/detail?vulnId=CVE-2018-19616','2018-12-26'),(1475,'2019-01-01',1428,1527,'CVE-2019-6551','http://web.nvd.nist.gov/view/vuln/detail?vulnId=CVE-2019-6551','2019-02-28'),(1476,'2018-01-01',1545,1528,'CVE-2018-17937','http://web.nvd.nist.gov/view/vuln/detail?vulnId=CVE-2018-17937','2019-03-13'),(1477,'2018-01-01',1546,1529,'CVE-2018-19006','http://web.nvd.nist.gov/view/vuln/detail?vulnId=CVE-2018-19006','2019-04-08'),(1478,'2018-01-01',1547,1530,'CVE-2018-16563','http://web.nvd.nist.gov/view/vuln/detail?vulnId=CVE-2018-16563','2019-03-21'),(1479,'2018-01-01',1548,1531,'CVE-2018-3989','http://web.nvd.nist.gov/view/vuln/detail?vulnId=CVE-2018-3989','2019-02-05'),(1480,'2018-01-01',1549,1532,'CVE-2018-3990','http://web.nvd.nist.gov/view/vuln/detail?vulnId=CVE-2018-3990','2019-02-05'),(1481,'2018-01-01',1480,1533,'CVE-2018-3991','http://web.nvd.nist.gov/view/vuln/detail?vulnId=CVE-2018-3991','2019-02-05'),(1482,'2018-01-01',1428,1534,'CVE-2018-16561','http://web.nvd.nist.gov/view/vuln/detail?vulnId=CVE-2018-16561','2019-04-17'),(1483,'2018-01-01',1448,1535,'CVE-2018-3616','http://web.nvd.nist.gov/view/vuln/detail?vulnId=CVE-2018-3616','2018-09-12'),(1484,'2018-01-01',1553,1536,'CVE-2018-3657','http://web.nvd.nist.gov/view/vuln/detail?vulnId=CVE-2018-3657','2018-09-12'),(1485,'2018-01-01',1469,1537,'CVE-2018-3658','http://web.nvd.nist.gov/view/vuln/detail?vulnId=CVE-2018-3658','2018-09-12'),(1486,'2018-01-01',1555,1538,'CVE-2018-13808','http://web.nvd.nist.gov/view/vuln/detail?vulnId=CVE-2018-13808','2019-04-17'),(1487,'2018-01-01',1451,1539,'CVE-2018-13809','http://web.nvd.nist.gov/view/vuln/detail?vulnId=CVE-2018-13809','2019-04-17'),(1488,'2018-01-01',1557,1540,'CVE-2018-13810','http://web.nvd.nist.gov/view/vuln/detail?vulnId=CVE-2018-13810','2019-04-17'),(1489,'2018-01-01',1469,1541,'CVE-2018-13798','http://web.nvd.nist.gov/view/vuln/detail?vulnId=CVE-2018-13798','2019-03-21'),(1490,'2018-01-01',1428,1542,'CVE-2018-11451','http://web.nvd.nist.gov/view/vuln/detail?vulnId=CVE-2018-11451','2019-03-22'),(1491,'2018-01-01',1560,1543,'CVE-2018-11452','http://web.nvd.nist.gov/view/vuln/detail?vulnId=CVE-2018-11452','2019-03-22'),(1492,'2019-01-01',1432,1544,'CVE-2019-6543','http://web.nvd.nist.gov/view/vuln/detail?vulnId=CVE-2019-6543','2019-02-12'),(1493,'2019-01-01',1432,1545,'CVE-2019-6545','http://web.nvd.nist.gov/view/vuln/detail?vulnId=CVE-2019-6545','2019-02-12'),(1494,'2018-01-01',1547,1546,'CVE-2018-19016','http://web.nvd.nist.gov/view/vuln/detail?vulnId=CVE-2018-19016','2019-03-27'),(1495,'2019-01-01',1433,1547,'CVE-2019-6539','http://web.nvd.nist.gov/view/vuln/detail?vulnId=CVE-2019-6539','2019-02-12'),(1496,'2019-01-01',1433,1548,'CVE-2019-6537','http://web.nvd.nist.gov/view/vuln/detail?vulnId=CVE-2019-6537','2019-02-12'),(1497,'2019-01-01',1433,1549,'CVE-2019-6541','http://web.nvd.nist.gov/view/vuln/detail?vulnId=CVE-2019-6541','2019-02-12'),(1498,'2018-01-01',1428,1550,'CVE-2018-16558','http://web.nvd.nist.gov/view/vuln/detail?vulnId=CVE-2018-16558','2019-04-17'),(1499,'2018-01-01',1428,1551,'CVE-2018-16559','http://web.nvd.nist.gov/view/vuln/detail?vulnId=CVE-2018-16559','2019-04-17'),(1500,'2019-01-01',1569,1552,'CVE-2019-6527','https://nvd.nist.gov/vuln/detail/CVE-2019-6527','2019-02-12'),(1501,'2019-01-01',1480,1553,'CVE-2019-6533','http://web.nvd.nist.gov/view/vuln/detail?vulnId=CVE-2019-6533','2019-02-12'),(1502,'2019-01-01',1571,1554,'CVE-2019-6529','http://web.nvd.nist.gov/view/vuln/detail?vulnId=CVE-2019-6529',NULL),(1503,'2019-01-01',1572,1555,'CVE-2019-6531','http://web.nvd.nist.gov/view/vuln/detail?vulnId=CVE-2019-6531','2019-04-02'),(1504,'2019-01-01',1442,1556,'CVE-2019-6549','http://web.nvd.nist.gov/view/vuln/detail?vulnId=CVE-2019-6549','2019-02-12'),(1505,'2019-01-01',1422,1557,'CVE-2019-3906','http://web.nvd.nist.gov/view/vuln/detail?vulnId=CVE-2019-3906','2019-01-18'),(1506,'2019-01-01',1423,1558,'CVE-2019-3907','http://web.nvd.nist.gov/view/vuln/detail?vulnId=CVE-2019-3907','2019-01-18'),(1507,'2019-01-01',1423,1559,'CVE-2019-3908','http://web.nvd.nist.gov/view/vuln/detail?vulnId=CVE-2019-3908','2019-01-18'),(1508,'2018-01-01',1432,1560,'CVE-2018-7800','http://web.nvd.nist.gov/view/vuln/detail?vulnId=CVE-2018-7800','2018-12-24'),(1509,'2018-01-01',1520,1561,'CVE-2018-7801','http://web.nvd.nist.gov/view/vuln/detail?vulnId=CVE-2018-7801','2018-12-24'),(1510,'2018-01-01',1579,1562,'CVE-2018-7802','http://web.nvd.nist.gov/view/vuln/detail?vulnId=CVE-2018-7802','2018-12-24'),(1511,'2019-01-01',1580,1563,'CVE-2019-6517','http://web.nvd.nist.gov/view/vuln/detail?vulnId=CVE-2019-6517','2019-02-06'),(1512,'2019-01-01',1426,1564,'CVE-2019-5909','http://web.nvd.nist.gov/view/vuln/detail?vulnId=CVE-2019-5909','2019-02-13'),(1513,'2019-01-01',1428,1565,'CVE-2019-6535','http://web.nvd.nist.gov/view/vuln/detail?vulnId=CVE-2019-6535','2019-02-05'),(1514,'2019-01-01',1583,1566,'CVE-2019-6525','http://web.nvd.nist.gov/view/vuln/detail?vulnId=CVE-2019-6525','2019-04-11'),(1515,'2019-01-01',1584,1567,'CVE-2019-6519','http://web.nvd.nist.gov/view/vuln/detail?vulnId=CVE-2019-6519','2019-02-05'),(1516,'2019-01-01',1585,1568,'CVE-2019-6521','http://web.nvd.nist.gov/view/vuln/detail?vulnId=CVE-2019-6521','2019-02-05'),(1517,'2019-01-01',1586,1569,'CVE-2019-6523','http://web.nvd.nist.gov/view/vuln/detail?vulnId=CVE-2019-6523','2019-02-05'),(1518,'2018-01-01',1520,1570,'CVE-2018-13993','http://web.nvd.nist.gov/view/vuln/detail?vulnId=CVE-2018-13993','2019-05-07'),(1519,'2018-01-01',1453,1571,'CVE-2018-13990','http://web.nvd.nist.gov/view/vuln/detail?vulnId=CVE-2018-13990','2019-05-06'),(1520,'2018-01-01',1589,1572,'CVE-2018-13992','http://web.nvd.nist.gov/view/vuln/detail?vulnId=CVE-2018-13992','2019-05-07'),(1521,'2018-01-01',1428,1573,'CVE-2018-13994','http://web.nvd.nist.gov/view/vuln/detail?vulnId=CVE-2018-13994','2019-05-07'),(1522,'2018-01-01',1420,1574,'CVE-2018-13991','http://web.nvd.nist.gov/view/vuln/detail?vulnId=CVE-2018-13991','2019-05-07'),(1523,'2017-01-01',1420,1575,'CVE-2017-3735','http://web.nvd.nist.gov/view/vuln/detail?vulnId=CVE-2017-3735','2017-11-02'),(1524,'2018-01-01',1593,1576,'CVE-2018-19010','http://web.nvd.nist.gov/view/vuln/detail?vulnId=CVE-2018-19010','2019-01-28'),(1525,'2018-01-01',1594,1577,'CVE-2018-19014','http://web.nvd.nist.gov/view/vuln/detail?vulnId=CVE-2018-19014','2019-01-28'),(1526,'2018-01-01',1595,1578,'CVE-2018-19012','http://web.nvd.nist.gov/view/vuln/detail?vulnId=CVE-2018-19012','2019-01-28'),(1527,'2017-01-01',1596,1579,'CVE-2017-16744','https://nvd.nist.gov/vuln/detail/CVE-2017-16744','2018-08-20'),(1528,'2017-01-01',1597,1580,'CVE-2017-16748','https://nvd.nist.gov/vuln/detail/CVE-2017-16748','2018-08-20'),(1529,'2018-01-01',1431,1581,'CVE-2018-19011','http://web.nvd.nist.gov/view/vuln/detail?vulnId=CVE-2018-19011','2019-01-22'),(1530,'2018-01-01',1599,1582,'CVE-2018-19013','http://web.nvd.nist.gov/view/vuln/detail?vulnId=CVE-2018-19013','2019-01-22'),(1531,'2018-01-01',1431,1583,'CVE-2018-19015','http://web.nvd.nist.gov/view/vuln/detail?vulnId=CVE-2018-19015','2019-01-28'),(1532,'2018-01-01',1431,1584,'CVE-2018-19017','http://web.nvd.nist.gov/view/vuln/detail?vulnId=CVE-2018-19017','2019-01-22'),(1533,'2018-01-01',1431,1585,'CVE-2018-19019','http://web.nvd.nist.gov/view/vuln/detail?vulnId=CVE-2018-19019','2019-01-22'),(1534,'2018-01-01',1532,1586,'CVE-2018-19018','http://web.nvd.nist.gov/view/vuln/detail?vulnId=CVE-2018-19018','2019-02-12'),(1535,'2018-01-01',1604,1587,'CVE-2018-19020','http://web.nvd.nist.gov/view/vuln/detail?vulnId=CVE-2018-19020','2019-02-12'),(1536,'2018-01-01',1605,1588,'CVE-2018-19008','http://web.nvd.nist.gov/view/vuln/detail?vulnId=CVE-2018-19008','2019-02-13'),(1537,'2018-01-01',1428,1589,'CVE-2018-18881','http://web.nvd.nist.gov/view/vuln/detail?vulnId=CVE-2018-18881','2019-03-18'),(1538,'2018-01-01',1607,1590,'CVE-2018-18882','http://web.nvd.nist.gov/view/vuln/detail?vulnId=CVE-2018-18882','2019-03-18'),(1539,'2018-01-01',1608,1591,'CVE-2018-18988','http://web.nvd.nist.gov/view/vuln/detail?vulnId=CVE-2018-18988','2019-02-01'),(1540,'2018-01-01',1609,1592,'CVE-2018-19004','http://web.nvd.nist.gov/view/vuln/detail?vulnId=CVE-2018-19004','2019-02-01'),(1541,'2018-01-01',1541,1593,'CVE-2018-19002','http://web.nvd.nist.gov/view/vuln/detail?vulnId=CVE-2018-19002','2019-02-05'),(1542,'2018-01-01',1608,1594,'CVE-2018-19029','http://web.nvd.nist.gov/view/vuln/detail?vulnId=CVE-2018-19029','2019-02-05'),(1543,'2018-01-01',1608,1595,'CVE-2018-18986','http://web.nvd.nist.gov/view/vuln/detail?vulnId=CVE-2018-18986','2019-02-05'),(1544,'2018-01-01',1586,1596,'CVE-2018-18990','http://web.nvd.nist.gov/view/vuln/detail?vulnId=CVE-2018-18990','2019-02-05'),(1545,'2018-01-01',1608,1597,'CVE-2018-18994','http://web.nvd.nist.gov/view/vuln/detail?vulnId=CVE-2018-18994','2019-03-27'),(1546,'2018-01-01',1615,1598,'CVE-2018-18992','http://web.nvd.nist.gov/view/vuln/detail?vulnId=CVE-2018-18992','2019-02-05'),(1547,'2018-01-01',1608,1599,'CVE-2018-18996','http://web.nvd.nist.gov/view/vuln/detail?vulnId=CVE-2018-18996','2019-02-05'),(1548,'2018-01-01',1608,1600,'CVE-2018-18998','http://web.nvd.nist.gov/view/vuln/detail?vulnId=CVE-2018-18998','2019-02-05'),(1549,'2018-01-01',1586,1601,'CVE-2018-19000','http://web.nvd.nist.gov/view/vuln/detail?vulnId=CVE-2018-19000','2019-02-05'),(1550,'2018-01-01',1619,1602,'CVE-2018-19021','http://web.nvd.nist.gov/view/vuln/detail?vulnId=CVE-2018-19021','2019-01-25'),(1551,'2018-01-01',1490,1603,'CVE-2018-19027','http://web.nvd.nist.gov/view/vuln/detail?vulnId=CVE-2018-19027','2019-01-30'),(1552,'2018-01-01',1535,1604,'CVE-2018-19009','http://web.nvd.nist.gov/view/vuln/detail?vulnId=CVE-2018-19009','2019-01-25'),(1553,'2018-01-01',1622,1605,'CVE-2018-18985','http://web.nvd.nist.gov/view/vuln/detail?vulnId=CVE-2018-18985','2019-01-31'),(1554,'2018-01-01',1433,1606,'CVE-2018-7817','http://web.nvd.nist.gov/view/vuln/detail?vulnId=CVE-2018-7817','2019-02-06'),(1555,'2018-01-01',1624,1607,'CVE-2018-7835','http://web.nvd.nist.gov/view/vuln/detail?vulnId=CVE-2018-7835','2018-12-24'),(1556,'2018-01-01',1625,1608,'CVE-2018-7836','http://web.nvd.nist.gov/view/vuln/detail?vulnId=CVE-2018-7836','2018-12-24'),(1557,'2018-01-01',1624,1609,'CVE-2018-7837','http://web.nvd.nist.gov/view/vuln/detail?vulnId=CVE-2018-7837','2018-12-24'),(1558,'2018-01-01',1627,1610,'CVE-2018-7839','http://web.nvd.nist.gov/view/vuln/detail?vulnId=CVE-2018-7839','2019-02-06'),(1559,'2018-01-01',1628,1611,'CVE-2018-7832','http://web.nvd.nist.gov/view/vuln/detail?vulnId=CVE-2018-7832','2018-12-24'),(1560,'2018-01-01',1428,1612,'CVE-2018-16196','http://web.nvd.nist.gov/view/vuln/detail?vulnId=CVE-2018-16196','2019-01-09'),(1561,'2018-01-01',1630,1613,'CVE-2018-19023','http://web.nvd.nist.gov/view/vuln/detail?vulnId=CVE-2018-19023','2019-01-31'),(1562,'2018-01-01',1490,1614,'CVE-2018-19005','http://web.nvd.nist.gov/view/vuln/detail?vulnId=CVE-2018-19005','2018-12-20'),(1563,'2018-01-01',1632,1615,'CVE-2018-7797','http://web.nvd.nist.gov/view/vuln/detail?vulnId=CVE-2018-7797','2018-12-17'),(1564,'2018-01-01',1428,1616,'CVE-2018-18981','http://web.nvd.nist.gov/view/vuln/detail?vulnId=CVE-2018-18981','2019-01-24'),(1565,'2018-01-01',1432,1617,'CVE-2018-18995','http://web.nvd.nist.gov/view/vuln/detail?vulnId=CVE-2018-18995','2019-01-03'),(1566,'2018-01-01',1473,1618,'CVE-2018-18997','http://web.nvd.nist.gov/view/vuln/detail?vulnId=CVE-2018-18997','2019-01-03'),(1567,'2018-01-01',1508,1619,'CVE-2018-18999','http://web.nvd.nist.gov/view/vuln/detail?vulnId=CVE-2018-18999','2018-12-19'),(1568,'2018-01-01',1432,1620,'CVE-2018-10612','http://web.nvd.nist.gov/view/vuln/detail?vulnId=CVE-2018-10612','2019-01-29'),(1569,'2018-01-01',1434,1621,'CVE-2018-20025','http://web.nvd.nist.gov/view/vuln/detail?vulnId=CVE-2018-20025','2019-02-19'),(1570,'2018-01-01',1639,1622,'CVE-2018-20026','http://web.nvd.nist.gov/view/vuln/detail?vulnId=CVE-2018-20026','2019-02-19'),(1571,'2018-01-01',1480,1623,'CVE-2018-13816','http://web.nvd.nist.gov/view/vuln/detail?vulnId=CVE-2018-13816','2018-12-12'),(1572,'2018-01-01',1641,1624,'CVE-2018-17928','http://web.nvd.nist.gov/view/vuln/detail?vulnId=CVE-2018-17928','2019-01-31'),(1573,'2018-01-01',1642,1625,'CVE-2018-17926','http://web.nvd.nist.gov/view/vuln/detail?vulnId=CVE-2018-17926','2019-01-31'),(1574,'2018-01-01',1643,1626,'CVE-2018-18984','http://web.nvd.nist.gov/view/vuln/detail?vulnId=CVE-2018-18984','2018-12-14'),(1575,'2018-01-01',1433,1627,'CVE-2018-7813','http://web.nvd.nist.gov/view/vuln/detail?vulnId=CVE-2018-7813','2019-02-06'),(1576,'2018-01-01',1433,1628,'CVE-2018-7815','http://web.nvd.nist.gov/view/vuln/detail?vulnId=CVE-2018-7815','2019-02-06'),(1577,'2018-01-01',1433,1629,'CVE-2018-7814','http://web.nvd.nist.gov/view/vuln/detail?vulnId=CVE-2018-7814','2019-02-06'),(1578,'2018-01-01',1428,1630,'CVE-2018-11451','http://web.nvd.nist.gov/view/vuln/detail?vulnId=CVE-2018-11451','2019-03-22'),(1579,'2018-01-01',1560,1631,'CVE-2018-11452','http://web.nvd.nist.gov/view/vuln/detail?vulnId=CVE-2018-11452','2019-03-22'),(1580,'2018-01-01',1442,1632,'CVE-2018-19007','http://web.nvd.nist.gov/view/vuln/detail?vulnId=CVE-2018-19007','2018-12-14'),(1581,'2018-01-01',1650,1633,'CVE-2018-19003','http://web.nvd.nist.gov/view/vuln/detail?vulnId=CVE-2018-19003','2018-12-14'),(1582,'2018-01-01',1537,1634,'CVE-2018-6690','http://web.nvd.nist.gov/view/vuln/detail?vulnId=CVE-2018-6690','2018-09-18'),(1583,'2018-01-01',1584,1635,'CVE-2018-11457','http://web.nvd.nist.gov/view/vuln/detail?vulnId=CVE-2018-11457','2018-12-12'),(1584,'2018-01-01',1584,1636,'CVE-2018-11458','http://web.nvd.nist.gov/view/vuln/detail?vulnId=CVE-2018-11458','2018-12-12'),(1585,'2018-01-01',1654,1637,'CVE-2018-11459','http://web.nvd.nist.gov/view/vuln/detail?vulnId=CVE-2018-11459','2018-12-12'),(1586,'2018-01-01',1655,1638,'CVE-2018-11460','http://web.nvd.nist.gov/view/vuln/detail?vulnId=CVE-2018-11460','2018-12-12'),(1587,'2018-01-01',1656,1639,'CVE-2018-11461','http://web.nvd.nist.gov/view/vuln/detail?vulnId=CVE-2018-11461','2018-12-12'),(1588,'2018-01-01',1584,1640,'CVE-2018-11462','http://web.nvd.nist.gov/view/vuln/detail?vulnId=CVE-2018-11462','2018-12-12'),(1589,'2018-01-01',1658,1641,'CVE-2018-11463','http://web.nvd.nist.gov/view/vuln/detail?vulnId=CVE-2018-11463','2018-12-12'),(1590,'2018-01-01',1547,1642,'CVE-2018-11464','http://web.nvd.nist.gov/view/vuln/detail?vulnId=CVE-2018-11464','2018-12-12'),(1591,'2018-01-01',1658,1643,'CVE-2018-11465','http://web.nvd.nist.gov/view/vuln/detail?vulnId=CVE-2018-11465','2018-12-12'),(1592,'2018-01-01',1661,1644,'CVE-2018-11466','http://web.nvd.nist.gov/view/vuln/detail?vulnId=CVE-2018-11466','2018-12-12'),(1593,'2018-01-01',1662,1645,'CVE-2018-19001','http://web.nvd.nist.gov/view/vuln/detail?vulnId=CVE-2018-19001','2018-12-07'),(1594,'2018-01-01',1663,1646,'CVE-2018-15362','http://web.nvd.nist.gov/view/vuln/detail?vulnId=CVE-2018-15362','2018-12-07'),(1595,'2018-01-01',1470,1647,'CVE-2018-17924','http://web.nvd.nist.gov/view/vuln/detail?vulnId=CVE-2018-17924','2018-12-07'),(1596,'2018-01-01',1490,1648,'CVE-2018-18993','http://web.nvd.nist.gov/view/vuln/detail?vulnId=CVE-2018-18993','2018-12-04'),(1597,'2018-01-01',1666,1649,'CVE-2018-18989','http://web.nvd.nist.gov/view/vuln/detail?vulnId=CVE-2018-18989','2018-12-04'),(1598,'2018-01-01',1451,1650,'CVE-2018-18991','http://web.nvd.nist.gov/view/vuln/detail?vulnId=CVE-2018-18991','2018-12-04'),(1599,'2018-01-01',1668,1651,'CVE-2018-18987','http://web.nvd.nist.gov/view/vuln/detail?vulnId=CVE-2018-18987','2018-11-30'),(1600,'2018-01-01',1668,1652,'CVE-2018-18983','http://web.nvd.nist.gov/view/vuln/detail?vulnId=CVE-2018-18983','2018-11-30'),(1601,'2018-01-01',1670,1653,'CVE-2018-7799','http://web.nvd.nist.gov/view/vuln/detail?vulnId=CVE-2018-7799','2018-11-02'),(1602,'2018-01-01',1431,1654,'CVE-2018-17930','http://web.nvd.nist.gov/view/vuln/detail?vulnId=CVE-2018-17930','2018-11-28'),(1603,'2018-01-01',1455,1655,'CVE-2018-7798','http://web.nvd.nist.gov/view/vuln/detail?vulnId=CVE-2018-7798','2018-11-02'),(1604,'2018-01-01',1673,1656,'CVE-2018-4858','http://web.nvd.nist.gov/view/vuln/detail?vulnId=CVE-2018-4858','2018-12-13'),(1605,'2018-01-01',1428,1657,'CVE-2018-16556','http://web.nvd.nist.gov/view/vuln/detail?vulnId=CVE-2018-16556','2019-05-14'),(1606,'2018-01-01',1675,1658,'CVE-2018-16557','http://web.nvd.nist.gov/view/vuln/detail?vulnId=CVE-2018-16557','2019-05-14'),(1607,'2018-01-01',1557,1659,'CVE-2018-13814','http://web.nvd.nist.gov/view/vuln/detail?vulnId=CVE-2018-13814','2018-12-13'),(1608,'2018-01-01',1677,1660,'CVE-2018-16555','http://web.nvd.nist.gov/view/vuln/detail?vulnId=CVE-2018-16555','2018-12-13'),(1609,'2018-01-01',1469,1661,'CVE-2018-13815','http://web.nvd.nist.gov/view/vuln/detail?vulnId=CVE-2018-13815','2018-12-13'),(1610,'2018-01-01',1679,1662,'CVE-2018-13811','http://web.nvd.nist.gov/view/vuln/detail?vulnId=CVE-2018-13811','2018-12-13'),(1611,'2018-01-01',1680,1663,'CVE-2018-13804','https://nvd.nist.gov/vuln/detail/CVE-2018-13804','2018-12-13'),(1612,'2018-01-01',1423,1664,'CVE-2018-13812','https://web.nvd.nist.gov/view/vuln/detail?vulnId=CVE-2018-13812','2018-12-13'),(1613,'2018-01-01',1682,1665,'CVE-2018-13813','https://web.nvd.nist.gov/view/vuln/detail?vulnId=CVE-2018-13813','2018-12-13'),(1614,'2018-01-01',1683,1666,'CVE-2018-17906','http://web.nvd.nist.gov/view/vuln/detail?vulnId=CVE-2018-17906','2018-11-19'),(1615,'2018-01-01',1506,1667,'CVE-2018-18561','http://web.nvd.nist.gov/view/vuln/detail?vulnId=CVE-2018-18561','2018-11-20'),(1616,'2018-01-01',1685,1668,'CVE-2018-18562','http://web.nvd.nist.gov/view/vuln/detail?vulnId=CVE-2018-18562','2018-11-20'),(1617,'2018-01-01',1685,1669,'CVE-2018-18563','http://web.nvd.nist.gov/view/vuln/detail?vulnId=CVE-2018-18563','2018-11-20'),(1618,'2018-01-01',1687,1670,'CVE-2018-18564','http://web.nvd.nist.gov/view/vuln/detail?vulnId=CVE-2018-18564','2018-11-20'),(1619,'2018-01-01',1688,1671,'CVE-2018-18565','http://web.nvd.nist.gov/view/vuln/detail?vulnId=CVE-2018-18565','2018-11-20'),(1620,'2018-01-01',1432,1672,'CVE-2018-17916','http://web.nvd.nist.gov/view/vuln/detail?vulnId=CVE-2018-17916','2018-11-02'),(1621,'2018-01-01',1432,1673,'CVE-2018-17914','http://web.nvd.nist.gov/view/vuln/detail?vulnId=CVE-2018-17914','2018-11-02'),(1622,'2018-01-01',1658,1674,'CVE-2018-7799','http://web.nvd.nist.gov/view/vuln/detail?vulnId=CVE-2018-7799','2018-11-02'),(1623,'2018-01-01',1480,1675,'CVE-2018-17918','http://web.nvd.nist.gov/view/vuln/detail?vulnId=CVE-2018-17918','2018-11-02'),(1624,'2018-01-01',1480,1676,'CVE-2018-17922','http://web.nvd.nist.gov/view/vuln/detail?vulnId=CVE-2018-17922','2018-11-02'),(1625,'2018-01-01',1423,1677,'CVE-2018-17912','http://web.nvd.nist.gov/view/vuln/detail?vulnId=CVE-2018-17912','2018-11-02'),(1626,'2018-01-01',1695,1678,'CVE-2018-14825','http://web.nvd.nist.gov/view/vuln/detail?vulnId=CVE-2018-14825','2018-09-24'),(1627,'2018-01-01',1451,1679,'CVE-2018-17904','http://web.nvd.nist.gov/view/vuln/detail?vulnId=CVE-2018-17904','2018-10-25'),(1628,'2018-01-01',1595,1680,'CVE-2018-17908','http://web.nvd.nist.gov/view/vuln/detail?vulnId=CVE-2018-17908','2018-10-29'),(1629,'2018-01-01',1433,1681,'CVE-2018-17910','http://web.nvd.nist.gov/view/vuln/detail?vulnId=CVE-2018-17910','2018-10-29'),(1630,'2018-01-01',1432,1682,'CVE-2018-14816','http://web.nvd.nist.gov/view/vuln/detail?vulnId=CVE-2018-14816','2018-10-23'),(1631,'2018-01-01',1428,1683,'CVE-2018-14820','http://web.nvd.nist.gov/view/vuln/detail?vulnId=CVE-2018-14820','2018-10-23'),(1632,'2018-01-01',1670,1684,'CVE-2018-14828','http://web.nvd.nist.gov/view/vuln/detail?vulnId=CVE-2018-14828','2018-10-23'),(1633,'2018-01-01',1432,1685,'CVE-2018-14806','http://web.nvd.nist.gov/view/vuln/detail?vulnId=CVE-2018-14806','2018-10-23'),(1634,'2018-01-01',1703,1686,'CVE-2018-17903','http://web.nvd.nist.gov/view/vuln/detail?vulnId=CVE-2018-17903','2018-10-24'),(1635,'2018-01-01',1704,1687,'CVE-2018-17921','http://web.nvd.nist.gov/view/vuln/detail?vulnId=CVE-2018-17921','2018-10-24'),(1636,'2018-01-01',1705,1688,'CVE-2018-17923','http://web.nvd.nist.gov/view/vuln/detail?vulnId=CVE-2018-17923','2018-10-24'),(1637,'2018-01-01',1706,1689,'CVE-2018-17935','http://web.nvd.nist.gov/view/vuln/detail?vulnId=CVE-2018-17935','2018-10-24'),(1638,'2018-01-01',1707,1690,'CVE-2018-17905','http://web.nvd.nist.gov/view/vuln/detail?vulnId=CVE-2018-17905','2018-11-05'),(1639,'2018-01-01',1708,1691,'CVE-2018-17907','http://web.nvd.nist.gov/view/vuln/detail?vulnId=CVE-2018-17907','2018-11-05'),(1640,'2018-01-01',1707,1692,'CVE-2018-17909','http://web.nvd.nist.gov/view/vuln/detail?vulnId=CVE-2018-17909','2018-11-05'),(1641,'2018-01-01',1605,1693,'CVE-2018-17913','http://web.nvd.nist.gov/view/vuln/detail?vulnId=CVE-2018-17913','2018-11-05'),(1642,'2018-01-01',1711,1694,'CVE-2018-17893','http://web.nvd.nist.gov/view/vuln/detail?vulnId=CVE-2018-17893','2018-10-16'),(1643,'2018-01-01',1508,1695,'CVE-2018-17895','http://web.nvd.nist.gov/view/vuln/detail?vulnId=CVE-2018-17895','2018-10-16'),(1644,'2018-01-01',1711,1696,'CVE-2018-17897','http://web.nvd.nist.gov/view/vuln/detail?vulnId=CVE-2018-17897','2018-10-16'),(1645,'2018-01-01',1615,1697,'CVE-2018-17899','http://web.nvd.nist.gov/view/vuln/detail?vulnId=CVE-2018-17899','2018-10-16'),(1646,'2018-01-01',1715,1698,'CVE-2018-17901','http://web.nvd.nist.gov/view/vuln/detail?vulnId=CVE-2018-17901','2018-10-16'),(1647,'2018-01-01',1541,1699,'CVE-2018-17911','http://web.nvd.nist.gov/view/vuln/detail?vulnId=CVE-2018-17911','2018-10-16'),(1648,'2018-01-01',1480,1700,'CVE-2018-1149','http://web.nvd.nist.gov/view/vuln/detail?vulnId=CVE-2018-1149','2018-09-19'),(1649,'2018-01-01',1480,1701,'CVE-2018-1150','http://web.nvd.nist.gov/view/vuln/detail?vulnId=CVE-2018-1150','2018-09-19'),(1650,'2018-01-01',1432,1702,'CVE-2018-17888','http://web.nvd.nist.gov/view/vuln/detail?vulnId=CVE-2018-17888','2018-10-12'),(1651,'2018-01-01',1432,1703,'CVE-2018-17890','http://web.nvd.nist.gov/view/vuln/detail?vulnId=CVE-2018-17890','2018-10-12'),(1652,'2018-01-01',1422,1704,'CVE-2018-17892','http://web.nvd.nist.gov/view/vuln/detail?vulnId=CVE-2018-17892','2018-10-12'),(1653,'2018-01-01',1432,1705,'CVE-2018-17894','http://web.nvd.nist.gov/view/vuln/detail?vulnId=CVE-2018-17894','2018-10-12'),(1654,'2018-01-01',1424,1706,'CVE-2018-17934','http://web.nvd.nist.gov/view/vuln/detail?vulnId=CVE-2018-17934','2018-11-27'),(1655,'2018-01-01',1724,1707,'CVE-2018-17936','http://web.nvd.nist.gov/view/vuln/detail?vulnId=CVE-2018-17936','2018-11-27'),(1656,'2018-01-01',1724,1708,'CVE-2018-18982','http://web.nvd.nist.gov/view/vuln/detail?vulnId=CVE-2018-18982','2018-11-27'),(1657,'2018-01-01',1715,1709,'CVE-2018-17929','http://web.nvd.nist.gov/view/vuln/detail?vulnId=CVE-2018-17929','2018-10-11'),(1658,'2018-01-01',1715,1710,'CVE-2018-17927','http://web.nvd.nist.gov/view/vuln/detail?vulnId=CVE-2018-17927','2018-10-11'),(1659,'2018-01-01',1728,1711,'CVE-2018-17925','http://web.nvd.nist.gov/view/vuln/detail?vulnId=CVE-2018-17925','2018-10-10'),(1660,'2017-01-01',1448,1712,'CVE-2017-13099','http://web.nvd.nist.gov/view/vuln/detail?vulnId=CVE-2017-13099','2017-12-12'),(1661,'2018-01-01',1422,1713,'CVE-2018-13801','http://web.nvd.nist.gov/view/vuln/detail?vulnId=CVE-2018-13801','2018-10-10'),(1662,'2018-01-01',1442,1714,'CVE-2018-13802','http://web.nvd.nist.gov/view/vuln/detail?vulnId=CVE-2018-13802','2018-10-10'),(1663,'2018-01-01',1482,1715,'CVE-2018-13800','http://web.nvd.nist.gov/view/vuln/detail?vulnId=CVE-2018-13800','2018-10-10'),(1664,'2018-01-01',1547,1716,'CVE-2018-13805','http://web.nvd.nist.gov/view/vuln/detail?vulnId=CVE-2018-13805','2019-03-21'),(1665,'2018-01-01',1420,1717,'CVE-2018-17917','http://web.nvd.nist.gov/view/vuln/detail?vulnId=CVE-2018-17917','2018-10-10'),(1666,'2018-01-01',1447,1718,'CVE-2018-17919','http://web.nvd.nist.gov/view/vuln/detail?vulnId=CVE-2018-17919','2018-10-10'),(1667,'2018-01-01',1426,1719,'CVE-2018-17915','http://web.nvd.nist.gov/view/vuln/detail?vulnId=CVE-2018-17915','2018-10-10'),(1668,'2018-01-01',1737,1720,'CVE-2018-14812','http://web.nvd.nist.gov/view/vuln/detail?vulnId=CVE-2018-14812','2018-10-24'),(1669,'2018-01-01',1738,1721,'CVE-2018-17891','http://web.nvd.nist.gov/view/vuln/detail?vulnId=CVE-2018-17891','2018-10-04'),(1670,'2018-01-01',1594,1722,'CVE-2018-10624','http://web.nvd.nist.gov/view/vuln/detail?vulnId=CVE-2018-10624','2018-08-01');
/*!40000 ALTER TABLE `cve` ENABLE KEYS */;
UNLOCK TABLES;

--
-- Table structure for table `cvss`
--

DROP TABLE IF EXISTS `cvss`;
/*!40101 SET @saved_cs_client     = @@character_set_client */;
/*!40101 SET character_set_client = utf8 */;
CREATE TABLE `cvss` (
  `id` smallint(5) unsigned NOT NULL AUTO_INCREMENT,
  `AV` varchar(1) DEFAULT NULL,
  `AC` varchar(1) DEFAULT NULL,
  `PR` varchar(1) DEFAULT NULL,
  `UI` varchar(1) DEFAULT NULL,
  `S` varchar(1) DEFAULT NULL,
  `C` varchar(1) DEFAULT NULL,
  `I` varchar(1) DEFAULT NULL,
  `A` varchar(1) DEFAULT NULL,
  `score` decimal(3,1) DEFAULT NULL,
  PRIMARY KEY (`id`),
  UNIQUE KEY `UC_cvss` (`AV`,`AC`,`PR`,`UI`,`S`,`C`,`I`,`A`)
) ENGINE=InnoDB AUTO_INCREMENT=1740 DEFAULT CHARSET=utf8;
/*!40101 SET character_set_client = @saved_cs_client */;

--
-- Dumping data for table `cvss`
--

LOCK TABLES `cvss` WRITE;
/*!40000 ALTER TABLE `cvss` DISABLE KEYS */;
INSERT INTO `cvss` VALUES (1419,'N','H','N','R','U','L','L','L',5.0),(1420,'N','L','N','N','U','L','N','N',5.3),(1421,'N','L','N','R','U','L','L','N',5.4),(1422,'N','L','L','N','U','H','H','H',8.8),(1423,'N','L','N','N','U','H','N','N',7.5),(1424,'N','L','L','N','U','H','N','N',6.5),(1425,'N','L','L','N','U','L','L','L',6.3),(1426,'N','H','N','N','U','H','H','H',8.1),(1428,'N','L','N','N','U','N','N','H',7.5),(1429,'A','L','N','N','U','L','L','N',5.4),(1430,'L','L','N','R','U','N','N','L',3.3),(1431,'L','L','L','R','U','H','H','H',7.3),(1432,'N','L','N','N','U','H','H','H',9.8),(1433,'L','L','N','R','U','H','H','H',7.8),(1434,'N','L','N','N','U','H','H','L',9.4),(1442,'N','L','H','N','U','H','H','H',7.2),(1443,'N','H','N','R','U','H','L','L',6.4),(1444,'N','L','H','N','C','H','H','H',9.1),(1447,'N','L','N','N','U','L','L','N',6.5),(1448,'N','H','N','N','U','H','N','N',5.9),(1449,'N','L','L','R','C','L','L','N',5.4),(1451,'N','L','N','R','C','L','L','N',6.1),(1453,'N','L','N','N','U','H','L','L',8.6),(1454,'N','L','N','N','U','L','H','L',8.6),(1455,'N','L','N','N','U','N','H',')',9.1),(1459,'N','H','N','N','U','L','L','L',5.6),(1462,'N','H','H','N','U','H','L','H',6.2),(1465,'N','H','N','R','U','N','H','H',6.8),(1466,'N','L','H','N','C','L','N','N',4.1),(1468,'A','L','L','R','U','L','L','N',4.1),(1469,'N','L','N','N','U','N','N','L',5.3),(1470,'N','L','N','N','C','N','N','H',8.6),(1473,'N','L','N','R','C','L','L','L',7.1),(1476,'L','L','N','R','U','L','N','N',3.3),(1480,'N','L','N','N','C','H','H','H',10.0),(1482,'N','H','N','R','U','H','H','H',7.5),(1485,'N','L','L','N','U','L','H','H',8.3),(1487,'N','L','L','N','U','N','N','L',4.3),(1490,'L','L','N','R','U','L','L','H',6.6),(1491,'N','H','N','N','C','N','N','H',6.8),(1492,'A','L','N','N','C','N','N','H',7.4),(1502,'N','H','N','N','C','L','N','L',5.4),(1503,'N','L','L','N','C','H','H','H',9.9),(1505,'A','L','N','N','C','N','H','H',9.3),(1506,'A','L','N','N','U','H','N','N',6.5),(1507,'L','L','H','R','U','H','H','H',6.5),(1508,'N','L','N','N','U','L','L','L',7.3),(1518,'N','L','L','N','C','H','L','N',8.5),(1520,'N','L','N','R','U','H','H','H',9.6),(1529,'A','L','N','N','U','H','H','H',8.8),(1530,'L','L','L','N','U','H','N','N',5.5),(1532,'L','H','L','R','U','H','H','H',6.7),(1533,'L','L','H','N','U','N','H','H',6.0),(1534,'L','H','H','R','C','H','H','H',7.2),(1535,'L','L','L','N','U','L','N','N',3.3),(1536,'L','L','L','N','U','L','L','L',5.3),(1537,'L','L','L','N','U','H','H','N',7.1),(1538,'L','L','L','N','C','L','N','N',3.8),(1539,'L','H','H','R','U','N','N','H',4.0),(1540,'L','L','N','R','U','L','N','L',4.4),(1541,'L','L','N','R','U','H','H',')',7.8),(1545,'A','H','N','N','C','H','H',')',8.3),(1546,'N','L','H','R','C','L','L','N',4.8),(1547,'N','L','N','N','U','N','N',')',7.5),(1548,'L','L','N','N','C','L','N','N',4.3),(1549,'L','L','N','N','C','H','H','H',9.3),(1553,'L','L','H','N','U','H','H','H',6.7),(1555,'N','L','N','N','U','H','N','H',3.2),(1557,'N','L','N','R','U','N','L','N',3.2),(1560,'N','H','N','N','U','N','N','H',0.0),(1569,'N','L','N','R','C','H','H','H',9.6),(1571,'N','L','H','N','U','N','N','H',4.9),(1572,'A','L','N','R','C','H','H','H',8.8),(1579,'N','L','L','N','C','L','L','N',6.4),(1580,'P','L','N','N','U','H','H','H',6.8),(1583,'L','L','L','N','C','H','H',')',8.8),(1584,'N','L','N','N','U','H','H',')',9.8),(1585,'N','L','N','N','U','H','L',')',8.6),(1586,'N','L','N','N','U','L','N',')',5.3),(1589,'N','L','N','N','U','H','L','N',8.2),(1593,'A','L','N','N','U','N','N','H',6.5),(1594,'A','L','N','N','U','L','N','N',4.3),(1595,'L','L','N','N','U','H','H','H',8.4),(1596,'N','H','H','N','U','H','H','H',0.0),(1597,'L','H','N','N','U','H','H','H',7.4),(1599,'L','H','L','R','U','N','L','H',5.0),(1604,'L','L','L','R','U','L','N','N',2.8),(1605,'L','H','N','R','U','H','H','H',7.0),(1607,'N','L','L','N','U','L','L','H',7.6),(1608,'N','L','N','N','U','L','L',')',7.3),(1609,'L','L','N','R','U','L','N',')',3.3),(1615,'N','L','N','R','U','L','L',')',6.3),(1619,'A','L','N','N','C','L','L','H',8.8),(1622,'N','L','L','R','U','H','N','N',5.7),(1624,'N','L','N','N','U','H','N',')',7.5),(1625,'N','L','N','R','C','H','H',')',9.3),(1627,'L','L','N','N','U','H','N','N',6.2),(1628,'N','L','L','R','C','H','H','H',9.0),(1630,'A','L','N','R','U','L','H','H',7.6),(1632,'N','L','N','R','C','N','H','N',7.4),(1639,'N','L','N','N','C','L','N','N',9.4),(1641,'A','L','N','N','U','H','H',')',8.8),(1642,'A','L','N','N','U','L','L',')',6.3),(1643,'P','L','N','N','U','H','N','N',4.6),(1650,'A','L','N','N','C','H','N','N',7.4),(1654,'L','H','L','N','U','H','H',')',7.0),(1655,'L','L','H','N','U','H','H',')',6.7),(1656,'L','L','L','N','U','L','H',')',6.6),(1658,'L','L','L','N','U','H','H',')',7.8),(1661,'N','L','N','N','C','H','H',')',10.0),(1662,'P','L','N','N','U','L','L','N',3.5),(1663,'N','L','N','N','U','L','N','H',8.2),(1666,'L','H','N','R','U','L','L','H',5.8),(1668,'N','L','N','R','U','L','L','L',6.3),(1670,'L','L','L','N','U','H','H','H',7.8),(1673,'N','H','N','R','U','L','L','N',4.2),(1675,'N','L','N','N','U','N','L','H',8.2),(1677,'N','H','N','R','C','L','L','N',4.7),(1679,'L','L','N','N','U','L','N','N',4.0),(1680,'N','H','N','N','U','H','H','L',7.7),(1682,'N','L','N','R','U','N','H','N',6.5),(1683,'A','L','N','N','U','L','L','L',6.3),(1685,'A','H','N','N','C','N','H','H',8.0),(1687,'A','H','N','N','C','H','H','H',8.3),(1688,'A','H','N','N','C','H','L','H',8.2),(1695,'N','L','N','R','U','L','L','H',7.6),(1703,'A','L','N','N','U','L','H','H',8.3),(1704,'A','H','N','N','U','H','H','H',7.5),(1705,'P','H','H','N','U','H','H','H',6.1),(1706,'A','L','N','R','U','L','H',')',7.6),(1707,'L','H','N','R','U','L','L','L',4.5),(1708,'L','H','N','R','U','L','N','N',2.5),(1711,'N','H','N','N','U','L','L',')',5.6),(1715,'L','L','N','R','U','L','L',')',5.3),(1724,'N','L','L','N','U','H','H','N',8.1),(1728,'L','L','N','R','U','L','L','L',5.3),(1737,'L','L','L','R','U','H','H',')',7.3),(1738,'N','H','N','N','U','L','N','N',3.7);
/*!40000 ALTER TABLE `cvss` ENABLE KEYS */;
UNLOCK TABLES;

--
-- Table structure for table `cwe`
--

DROP TABLE IF EXISTS `cwe`;
/*!40101 SET @saved_cs_client     = @@character_set_client */;
/*!40101 SET character_set_client = utf8 */;
CREATE TABLE `cwe` (
  `id` smallint(5) unsigned NOT NULL AUTO_INCREMENT,
  `cweLink` char(255) DEFAULT NULL,
  `cweAbstraction` text,
  `cweStructure` text,
  `cweSFP2Cluster` smallint(5) unsigned NOT NULL,
  `name` char(255) NOT NULL,
  PRIMARY KEY (`id`),
  KEY `fk_cwe_cwesfp2cluster` (`cweSFP2Cluster`),
  CONSTRAINT `fk_cwe_cwesfp2cluster` FOREIGN KEY (`cweSFP2Cluster`) REFERENCES `sfp2` (`id`)
) ENGINE=InnoDB AUTO_INCREMENT=1723 DEFAULT CHARSET=utf8;
/*!40101 SET character_set_client = @saved_cs_client */;

--
-- Dumping data for table `cwe`
--

LOCK TABLES `cwe` WRITE;
/*!40000 ALTER TABLE `cwe` DISABLE KEYS */;
INSERT INTO `cwe` VALUES (1402,'https://cwe.mitre.org/data/definitions/352.html','Compound','Composite',1408,'CWE-352'),(1403,'https://cwe.mitre.org/data/definitions/203.html','Class','Simple',1409,'CWE-203'),(1404,'https://cwe.mitre.org/data/definitions/79.html','Base','Simple',1410,'CWE-79'),(1405,'https://cwe.mitre.org/data/definitions/77.html','Class','Simple',1410,'CWE-77'),(1406,'https://cwe.mitre.org/data/definitions/540.html','Variant','Simple',1412,'CWE-540'),(1407,'https://cwe.mitre.org/data/definitions/321.html','Base','Simple',1413,'CWE-321'),(1408,'https://cwe.mitre.org/data/definitions/89.html','Base','Simple',1410,'CWE-89'),(1409,'https://cwe.mitre.org/data/definitions/288.html','Base','Simple',1415,'CWE-288'),(1410,'https://cwe.mitre.org/data/definitions/326.html','Class','Simple',1416,'CWE-326'),(1411,'https://cwe.mitre.org/data/definitions/400.html','Class','Simple',1417,'CWE-400'),(1412,'https://cwe.mitre.org/data/definitions/330.html','Class','Simple',1408,'CWE-330'),(1413,'https://cwe.mitre.org/data/definitions/125.html','Base','Simple',1419,'CWE-125'),(1414,'https://cwe.mitre.org/data/definitions/426.html','Base','Simple',1408,'CWE-426'),(1415,'https://cwe.mitre.org/data/definitions/306.html','Variant','Simple',1421,'CWE-306'),(1416,'https://cwe.mitre.org/data/definitions/502.html','Variant','Simple',1422,'CWE-502'),(1417,'https://cwe.mitre.org/data/definitions/306.html','Variant','Simple',1421,'CWE-306'),(1418,'https://cwe.mitre.org/data/definitions/231.html','Variant','Simple',1424,'CWE-231'),(1419,'https://cwe.mitre.org/data/definitions/256.html','Variant','Simple',1412,'CWE-256'),(1420,'https://cwe.mitre.org/data/definitions/400.html','Class','Simple',1417,'CWE-400'),(1421,'https://cwe.mitre.org/data/definitions/20.html','Class','Simple',1422,'CWE-20'),(1422,'https://cwe.mitre.org/data/definitions/77.html','Class','Simple',1410,'CWE-77'),(1423,'https://cwe.mitre.org/data/definitions/200.html','Class','Simple',1412,'CWE-200'),(1424,'https://cwe.mitre.org/data/definitions/200.html','Class','Simple',1412,'CWE-200'),(1425,'https://cwe.mitre.org/data/definitions/77.html','Class','Simple',1410,'CWE-77'),(1426,'https://cwe.mitre.org/data/definitions/79.html','Base','Simple',1410,'CWE-79'),(1427,'https://cwe.mitre.org/data/definitions/89.html','Base','Simple',1410,'CWE-89'),(1428,'https://cwe.mitre.org/data/definitions/248.html','Base','Simple',1434,'CWE-248'),(1429,'https://cwe.mitre.org/data/definitions/749.html','Base','Simple',1435,'CWE-749'),(1430,'https://cwe.mitre.org/data/definitions/798.html','Base','Simple',1408,'CWE-798'),(1431,'https://cwe.mitre.org/data/definitions/522.html','Base','Simple',1412,'CWE-522'),(1432,'https://cwe.mitre.org/data/definitions/79.html','Base','Simple',1410,'CWE-79'),(1433,'https://cwe.mitre.org/data/definitions/798','Base','Simple',1408,'CWE-798'),(1434,'https://cwe.mitre.org/data/definitions/79.html','Base','Simple',1410,'CWE-79'),(1435,'https://cwe.mitre.org/data/definitions/89.html','Base','Simple',1410,'CWE-89'),(1436,'https://cwe.mitre.org/data/definitions/311.html','Base','Simple',1412,'CWE-311'),(1437,'https://cwe.mitre.org/data/definitions/94.html','Class','Simple',1443,'CWE-94'),(1438,'https://cwe.mitre.org/data/definitions/121.html','Variant','Simple',1419,'CWE-121'),(1439,'https://cwe.mitre.org/data/definitions/427.html','Base','Simple',1443,'CWE-427'),(1440,'https://cwe.mitre.org/data/definitions/427.html','Base','Simple',1443,'CWE-427'),(1441,'https://cwe.mitre.org/data/definitions/798.html','Base','Simple',1408,'CWE-798'),(1442,'https://cwe.mitre.org/data/definitions/284.html','Class','Simple',1448,'CWE-284'),(1443,'https://cwe.mitre.org/data/definitions/284.html','Class','Simple',1448,'CWE-284'),(1444,'https://cwe.mitre.org/data/definitions/78.html','Base','Simple',1410,'CWE-78'),(1445,'https://cwe.mitre.org/data/definitions/798.html','Base','Simple',1408,'CWE-798'),(1446,'https://cwe.mitre.org/data/definitions/434.html','Base','Simple',1408,'CWE-434'),(1447,'https://cwe.mitre.org/data/definitions/79.html','Base','Simple',1410,'CWE-79'),(1448,'https://cwe.mitre.org/data/definitions/352.html','Compound','Composite',1408,'CWE-352'),(1449,'https://cwe.mitre.org/data/definitions/200.html','Class','Simple',1412,'CWE-200'),(1450,'https://cwe.mitre.org/data/definitions/311.html','Base','Simple',1412,'CWE-311'),(1451,'https://cwe.mitre.org/data/definitions/79.html','Base','Simple',1410,'CWE-79'),(1452,'https://cwe.mitre.org/data/definitions/400.html','Class','Simple',1417,'CWE-400'),(1453,'https://cwe.mitre.org/data/definitions/121.html','Variant','Simple',1419,'CWE-121'),(1454,'https://cwe.mitre.org/data/definitions/400.html','Class','Simple',1417,'CWE-400'),(1455,'https://cwe.mitre.org/data/definitions/284.html','Class','Simple',1448,'CWE-284'),(1456,'https://cwe.mitre.org/data/definitions/601.html','Variant','Simple',1410,'CWE-601'),(1457,'https://cwe.mitre.org/data/definitions/121.html','Variant','Simple',1419,'CWE-121'),(1458,'https://cwe.mitre.org/data/definitions/122.html','Variant','Simple',1419,'CWE-122'),(1459,'https://cwe.mitre.org/data/definitions/125.html','Base','Simple',1419,'CWE-125'),(1460,'https://cwe.mitre.org/data/definitions/798.html','Base','Simple',1408,'CWE-798'),(1461,'https://cwe.mitre.org/data/definitions/400.html','Class','Simple',1417,'CWE-400'),(1462,'http://cwe.mitre.org/data/definitions/400.html','Class','Simple',1417,'CWE-400'),(1463,'https://cwe.mitre.org/data/definitions/77.html','Class','Simple',1410,'CWE-77'),(1464,'https://cwe.mitre.org/data/definitions/248.html','Base','Simple',1434,'CWE-248'),(1465,'https://cwe.mitre.org/data/definitions/131.html','Base','Simple',1471,'CWE-131'),(1466,'https://cwe.mitre.org/data/definitions/125.html','Base','Simple',1419,'CWE-125'),(1467,'https://cwe.mitre.org/data/definitions/121.html','Variant','Simple',1419,'CWE-121'),(1468,'https://cwe.mitre.org/data/definitions/280.html','Base','Simple',1434,'CWE-280'),(1469,'https://cwe.mitre.org/data/definitions/415.html','Variant','Simple',1475,'CWE-415'),(1470,'https://cwe.mitre.org/data/definitions/125.html','Base','Simple',1419,'CWE-125'),(1471,'https://cwe.mitre.org/data/definitions/400.html','Class','Simple',1417,'CWE-400'),(1472,'https://cwe.mitre.org/data/definitions/125.html','Base','Simple',1419,'CWE-125'),(1473,'https://cwe.mitre.org/data/definitions/416.html','Base','Simple',1479,'CWE-416'),(1474,'https://cwe.mitre.org/data/definitions/400.html','Class','Simple',1417,'CWE-400'),(1475,'https://cwe.mitre.org/data/definitions/399.html','None','class',1408,'CWE-399'),(1476,'https://cwe.mitre.org/data/definitions/399.html','None','class',1408,'CWE-399'),(1477,'https://cwe.mitre.org/data/definitions/399.html','None','class',1408,'CWE-399'),(1478,'https://cwe.mitre.org/data/definitions/20.html','Class','Simple',1422,'CWE-20'),(1479,'https://cwe.mitre.org/data/definitions/399.html','None','class',1408,'CWE-399'),(1480,'https://cwe.mitre.org/data/definitions/20.html','Class','Simple',1422,'CWE-20'),(1481,'https://cwe.mitre.org/data/definitions/77.html','Class','Simple',1410,'CWE-77'),(1482,'https://cwe.mitre.org/data/definitions/121.html','Variant','Simple',1419,'CWE-121'),(1483,'https://cwe.mitre.org/data/definitions/284.html','Class','Simple',1448,'CWE-284'),(1484,'https://cwe.mitre.org/data/definitions/400.html','Class','Simple',1417,'CWE-400'),(1485,'https://cwe.mitre.org/data/definitions/440.html','Base','Simple',1491,'CWE-440'),(1486,'https://cwe.mitre.org/data/definitions/77.html','Class','Simple',1410,'CWE-77'),(1487,'https://cwe.mitre.org/data/definitions/306.html','Variant','Simple',1421,'CWE-306'),(1488,'https://cwe.mitre.org/data/definitions/284.html','Class','Simple',1448,'CWE-284'),(1489,'https://cwe.mitre.org/data/definitions/319.html','Variant','Simple',1412,'CWE-319'),(1490,'https://cwe.mitre.org/data/definitions/427.html','Base','Simple',1443,'CWE-427'),(1491,'https://cwe.mitre.org/data/definitions/79.html','Base','Simple',1410,'CWE-79'),(1492,'https://cwe.mitre.org/data/definitions/22.html','Class','Simple',1498,'CWE-22'),(1493,'https://cwe.mitre.org/data/definitions/287.html','Class','Simple',1415,'CWE-287'),(1494,'https://cwe.mitre.org/data/definitions/20.html','Class','Simple',1422,'CWE-20'),(1495,'https://cwe.mitre.org/data/definitions/94.html','Class','Simple',1443,'CWE-94'),(1496,'https://cwe.mitre.org/data/definitions/79.html','Base','Simple',1410,'CWE-79'),(1497,'https://cwe.mitre.org/data/definitions/787.html','Base','Simple',1408,'CWE-787'),(1498,'https://cwe.mitre.org/data/definitions/427.html','Base','Simple',1443,'CWE-427'),(1499,'https://cwe.mitre.org/data/definitions/22.html','Class','Simple',1498,'CWE-22'),(1500,'https://cwe.mitre.org/data/definitions/121.html','Variant','Simple',1419,'CWE-121'),(1501,'https://cwe.mitre.org/data/definitions/79.html','Base','Simple',1410,'CWE-79'),(1502,'https://cwe.mitre.org/data/definitions/120.html','Base','Simple',1419,'CWE-120'),(1503,'https://cwe.mitre.org/data/definitions/352.html','Compound','Composite',1408,'CWE-352'),(1504,'https://cwe.mitre.org/data/definitions/79.html','Base','Simple',1410,'CWE-79'),(1505,'https://cwe.mitre.org/data/definitions/284.html','Class','Simple',1448,'CWE-284'),(1506,'https://cwe.mitre.org/data/definitions/307.html','Base','Simple',1512,'CWE-307'),(1507,'https://cwe.mitre.org/data/definitions/311.html','Base','Simple',1412,'CWE-311'),(1508,'https://cwe.mitre.org/data/definitions/125.html','Base','Simple',1419,'CWE-125'),(1509,'https://cwe.mitre.org/data/definitions/256.html','Variant','Simple',1412,'CWE-256'),(1510,'https://cwe.mitre.org/data/definitions/341.html','Base','Simple',1408,'CWE-341'),(1511,'https://cwe.mitre.org/data/definitions/400.html','Class','Simple',1417,'CWE-400'),(1512,'https://cwe.mitre.org/data/definitions/287.html','Class','Simple',1415,'CWE-287'),(1513,'https://cwe.mitre.org/data/definitions/693.html','Class','Simple',1435,'CWE-693'),(1514,'https://cwe.mitre.org/data/definitions/693.html','Class','Simple',1435,'CWE-693'),(1515,'http://cwe.mitre.org/data/definitions/275.html','None','class',1408,'CWE-275'),(1516,'http://cwe.mitre.org/data/definitions/693.html','Class','Simple',1435,'CWE-693'),(1517,'http://cwe.mitre.org/data/definitions/693.html','Class','Simple',1435,'CWE-693'),(1518,'http://cwe.mitre.org/data/definitions/275.html','None','class',1408,'CWE-275'),(1519,'http://cwe.mitre.org/data/definitions/275.html','None','class',1408,'CWE-275'),(1520,'http://cwe.mitre.org/data/definitions/320.html','None','class',1408,'CWE-320'),(1521,'http://cwe.mitre.org/data/definitions/275.html','None','class',1408,'CWE-275'),(1522,'http://cwe.mitre.org/data/definitions/691.html','Class','Simple',1528,'CWE-691'),(1523,'https://cwe.mitre.org/data/definitions/125.html','Base','Simple',1419,'CWE-125'),(1524,'https://cwe.mitre.org/data/definitions/20.html','Class','Simple',1422,'CWE-20'),(1525,'https://cwe.mitre.org/data/definitions/79.html','Base','Simple',1410,'CWE-79'),(1526,'https://cwe.mitre.org/data/definitions/288.html','Base','Simple',1415,'CWE-288'),(1527,'https://cwe.mitre.org/data/definitions/288.html','Base','Simple',1415,'CWE-288'),(1528,'https://cwe.mitre.org/data/definitions/121.html','Variant','Simple',1419,'CWE-121'),(1529,'https://cwe.mitre.org/data/definitions/79.html','Base','Simple',1410,'CWE-79'),(1530,'https://cwe.mitre.org/data/definitions/20.html','Class','Simple',1422,'CWE-20'),(1531,'https://cwe.mitre.org/data/definitions/200.html','Class','Simple',1412,'CWE-200'),(1532,'https://cwe.mitre.org/data/definitions/787.html','Base','Simple',1408,'CWE-787'),(1533,'https://cwe.mitre.org/data/definitions/122.html','Variant','Simple',1419,'CWE-122'),(1534,'https://cwe.mitre.org/data/definitions/20.html','Class','Simple',1422,'CWE-20'),(1535,'https://cwe.mitre.org/data/definitions/310.html','None','class',1408,'CWE-310'),(1536,'https://cwe.mitre.org/data/definitions/119.html','Class','Simple',1419,'CWE-119'),(1537,'https://cwe.mitre.org/data/definitions/399.html','None','class',1408,'CWE-399'),(1538,'https://cwe.mitre.org/data/definitions/319.html','Variant','Simple',1412,'CWE-319'),(1539,'https://cwe.mitre.org/data/definitions/79.html','Base','Simple',1410,'CWE-79'),(1540,'https://cwe.mitre.org/data/definitions/352.html','Compound','Composite',1408,'CWE-352'),(1541,'https://cwe.mitre.org/data/definitions/248.html','Base','Simple',1434,'CWE-248'),(1542,'https://cwe.mitre.org/data/definitions/20.html','Class','Simple',1422,'CWE-20'),(1543,'https://cwe.mitre.org/data/definitions/20.html','Class','Simple',1422,'CWE-'),(1544,'https://cwe.mitre.org/data/definitions/306.html','Variant','Simple',1421,'CWE-306'),(1545,'https://cwe.mitre.org/data/definitions/99.html','Base','Simple',1410,'CWE-99'),(1546,'https://cwe.mitre.org/data/definitions/20.html','Class','Simple',1422,'CWE-20'),(1547,'https://cwe.mitre.org/data/definitions/122.html','Variant','Simple',1419,'CWE-122'),(1548,'https://cwe.mitre.org/data/definitions/121.html','Variant','Simple',1419,'CWE-121'),(1549,'https://cwe.mitre.org/data/definitions/119.html','Class','Simple',1419,'CWE-119'),(1550,'http://cwe.mitre.org/data/definitions/20.html','Class','Simple',1422,'CWE-20'),(1551,'http://cwe.mitre.org/data/definitions/20.html','Class','Simple',1422,'CWE-20'),(1552,'https://cwe.mitre.org/data/definitions/287.html','Class','Simple',1415,'CWE-287'),(1553,'https://cwe.mitre.org/data/definitions/306.html','Variant','Simple',1421,'CWE-306'),(1554,'https://cwe.mitre.org/data/definitions/20.html','Class','Simple',1422,'CWE-20'),(1555,'https://cwe.mitre.org/data/definitions/598.html','Variant','Simple',1412,'CWE-598'),(1556,'https://cwe.mitre.org/data/definitions/312.html','Variant','Simple',1412,'CWE-312'),(1557,'https://cwe.mitre.org/data/definitions/798','Base','Simple',1408,'CWE-798'),(1558,'https://cwe.mitre.org/data/definitions/326.html','Class','Simple',1416,'CWE-326'),(1559,'https://cwe.mitre.org/data/definitions/259.html','Base','Simple',1413,'CWE-259'),(1560,'https://cwe.mitre.org/data/definitions/798.html','Base','Simple',1408,'CWE-798'),(1561,'https://cwe.mitre.org/data/definitions/94.html','Class','Simple',1443,'CWE-94'),(1562,'https://cwe.mitre.org/data/definitions/89.html','Base','Simple',1410,'CWE-89'),(1563,'https://cwe.mitre.org/data/definitions/284.html','Class','Simple',1448,'CWE-284'),(1564,'https://cwe.mitre.org/data/definitions/434.html','Base','Simple',1408,'CWE-434'),(1565,'https://cwe.mitre.org/data/definitions/400.html','Class','Simple',1417,'CWE-400'),(1566,'https://cwe.mitre.org/data/definitions/522.html','Base','Simple',1412,'CWE-522'),(1567,'https://cwe.mitre.org/data/definitions/287.html','Class','Simple',1415,'CWE-287'),(1568,'https://cwe.mitre.org/data/definitions/288.html','Base','Simple',1415,'CWE-288'),(1569,'https://cwe.mitre.org/data/definitions/89.html','Base','Simple',1410,'CWE-89'),(1570,'https://cwe.mitre.org/data/definitions/352.html','Compound','Composite',1408,'CWE-352'),(1571,'https://cwe.mitre.org/data/definitions/307.html','Base','Simple',1512,'CWE-307'),(1572,'https://cwe.mitre.org/data/definitions/319.html','Variant','Simple',1412,'CWE-319'),(1573,'https://cwe.mitre.org/data/definitions/400.html','Class','Simple',1417,'CWE-400'),(1574,'https://cwe.mitre.org/data/definitions/922.html','Class','Simple',1408,'CWE-922'),(1575,'https://cwe.mitre.org/data/definitions/119.html','Class','Simple',1419,'CWE-119'),(1576,'https://cwe.mitre.org/data/definitions/20.html','Class','Simple',1422,'CWE-20'),(1577,'https://cwe.mitre.org/data/definitions/532.html','Variant','Simple',1412,'CWE-532'),(1578,'https://cwe.mitre.org/data/definitions/269.html','Class','Simple',1408,'CWE-269'),(1579,'https://cwe.mitre.org/data/definitions/22.html','Class','Simple',1498,'IMPROPER LIMITATION OF A PATHNAME TO A RESTRICTED DIRECTORY (‘PATH TRAVERSAL’CWE-22'),(1580,'https://cwe.mitre.org/data/definitions/287.html','Class','Simple',1415,'3.2.CWE-287'),(1581,'https://cwe.mitre.org/data/definitions/94.html','Class','Simple',1443,'CWE-94'),(1582,'https://cwe.mitre.org/data/definitions/77.html','Class','Simple',1410,'CWE-77'),(1583,'https://cwe.mitre.org/data/definitions/77.html','Class','Simple',1410,'CWE-77'),(1584,'https://cwe.mitre.org/data/definitions/416.html','Base','Simple',1479,'CWE-416'),(1585,'https://cwe.mitre.org/data/definitions/843.html','Base','Simple',1408,'CWE-843'),(1586,'https://cwe.mitre.org/data/definitions/824.html','Base','Simple',1408,'CWE-824'),(1587,'https://cwe.mitre.org/data/definitions/125.html','Base','Simple',1419,'CWE-125'),(1588,'https://cwe.mitre.org/data/definitions/20.html','Class','Simple',1422,'CWE-20'),(1589,'https://cwe.mitre.org/data/definitions/287.html','Class','Simple',1415,'CWE-287'),(1590,'https://cwe.mitre.org/data/definitions/79.html','Base','Simple',1410,'CWE-79'),(1591,'https://cwe.mitre.org/data/definitions/20.html','Class','Simple',1422,'CWE-20'),(1592,'https://cwe.mitre.org/data/definitions/125.html','Base','Simple',1419,'CWE-125'),(1593,'https://cwe.mitre.org/data/definitions/94.html','Class','Simple',1443,'CWE-94'),(1594,'https://cwe.mitre.org/data/definitions/822.html','Base','Simple',1408,'CWE-822'),(1595,'https://cwe.mitre.org/data/definitions/787.html','Base','Simple',1408,'CWE-787'),(1596,'https://cwe.mitre.org/data/definitions/23.html','Base','Simple',1498,'CWE-23'),(1597,'https://cwe.mitre.org/data/definitions/125.html','Base','Simple',1419,'CWE-125'),(1598,'https://cwe.mitre.org/data/definitions/74.html','Class','Simple',1410,'CWE-74'),(1599,'https://cwe.mitre.org/data/definitions/74.html','Class','Simple',1410,'CWE-74'),(1600,'https://cwe.mitre.org/data/definitions/798.html','Base','Simple',1408,'CWE-798'),(1601,'https://cwe.mitre.org/data/definitions/288.html','Base','Simple',1415,'CWE-288'),(1602,'https://cwe.mitre.org/data/definitions/307.html','Base','Simple',1512,'CWE-307'),(1603,'https://cwe.mitre.org/data/definitions/843.html','Base','Simple',1408,'CWE-843'),(1604,'https://cwe.mitre.org/data/definitions/312.html','Variant','Simple',1412,'CWE-312'),(1605,'https://cwe.mitre.org/data/definitions/79.html','Base','Simple',1410,'CWE-79'),(1606,'https://cwe.mitre.org/data/definitions/416.html','Base','Simple',1479,'CWE-416'),(1607,'https://cwe.mitre.org/data/definitions/22.html','Class','Simple',1498,'CWE-22'),(1608,'https://cwe.mitre.org/data/definitions/434.html','Base','Simple',1408,'CWE-434'),(1609,'https://cwe.mitre.org/data/definitions/611.html','Variant','Simple',1410,'CWE-611'),(1610,'https://cwe.mitre.org/data/definitions/310.html','None','class',1408,'CWE-310'),(1611,'https://cwe.mitre.org/data/definitions/20.html','Class','Simple',1422,'CWE-20'),(1612,'https://cwe.mitre.org/data/definitions/399.html','None','class',1408,'CWE-399'),(1613,'https://cwe.mitre.org/data/definitions/294.html','Base','Simple',1619,'CWE-294'),(1614,'https://cwe.mitre.org/data/definitions/20.html','Class','Simple',1422,'CWE-20'),(1615,'https://cwe.mitre.org/data/definitions/601.html','Variant','Simple',1410,'CWE-601'),(1616,'https://cwe.mitre.org/data/definitions/122.html','Variant','Simple',1419,'CWE-122'),(1617,'https://cwe.mitre.org/data/definitions/306.html','Variant','Simple',1421,'CWE-306'),(1618,'https://cwe.mitre.org/data/definitions/79.html','Base','Simple',1410,'CWE-79'),(1619,'https://cwe.mitre.org/data/definitions/20.html','Class','Simple',1422,'CWE-20'),(1620,'https://cwe.mitre.org/data/definitions/284.html','Class','Simple',1448,'CWE-284'),(1621,'https://cwe.mitre.org/data/definitions/330.html','Class','Simple',1408,'CWE-330'),(1622,'https://cwe.mitre.org/data/definitions/923.html','Class','Simple',1408,'CWE-923'),(1623,'https://cwe.mitre.org/data/definitions/306.html','Variant','Simple',1421,'CWE-306'),(1624,'https://cwe.mitre.org/data/definitions/287.html','Class','Simple',1415,'CWE-287'),(1625,'https://cwe.mitre.org/data/definitions/287.html','Class','Simple',1415,'CWE-287'),(1626,'https://cwe.mitre.org/data/definitions/311.html','Base','Simple',1412,'CWE-311'),(1627,'https://cwe.mitre.org/data/definitions/843.html','Base','Simple',1408,'CWE-843'),(1628,'https://cwe.mitre.org/data/definitions/843.html','Base','Simple',1408,'CWE-843'),(1629,'https://cwe.mitre.org/data/definitions/121.html','Variant','Simple',1419,'CWE-121'),(1630,'https://cwe.mitre.org/data/definitions/20.html','Class','Simple',1422,'CWE-20'),(1631,'https://cwe.mitre.org/data/definitions/20.html','Class','Simple',1422,'CWE-20'),(1632,'https://cwe.mitre.org/data/definitions/78.html','Base','Simple',1410,'CWE-78'),(1633,'https://cwe.mitre.org/data/definitions/22.html','Class','Simple',1498,'CWE-22'),(1634,'https://cwe.mitre.org/data/definitions/284.html','Class','Simple',1448,'CWE-284'),(1635,'https://cwe.mitre.org/data/definitions/122.html','Variant','Simple',1419,'CWE-122'),(1636,'https://cwe.mitre.org/data/definitions/190.html','Base','Simple',1642,'CWE-190'),(1637,'https://cwe.mitre.org/data/definitions/693.html','Class','Simple',1435,'CWE-693'),(1638,'https://cwe.mitre.org/data/definitions/693.html','Class','Simple',1435,'CWE-693'),(1639,'https://cwe.mitre.org/data/definitions/264.html','None','class',1408,'CWE-264'),(1640,'https://cwe.mitre.org/data/definitions/264.html','None','class',1408,'CWE-264'),(1641,'https://cwe.mitre.org/data/definitions/121.html','Variant','Simple',1419,'CWE-121'),(1642,'https://cwe.mitre.org/data/definitions/248.html','Base','Simple',1434,'CWE-248'),(1643,'https://cwe.mitre.org/data/definitions/248.html','Base','Simple',1434,'CWE-248'),(1644,'https://cwe.mitre.org/data/definitions/248.html','Base','Simple',1434,'CWE-248'),(1645,'https://cwe.mitre.org/data/definitions/326.html','Class','Simple',1416,'CWE-326'),(1646,'https://cwe.mitre.org/data/definitions/611.html','Variant','Simple',1410,'CWE-611'),(1647,'https://cwe.mitre.org/data/definitions/306.html','Variant','Simple',1421,'CWE-306'),(1648,'https://cwe.mitre.org/data/definitions/121.html','Variant','Simple',1419,'CWE-121'),(1649,'https://cwe.mitre.org/data/definitions/416.html','Base','Simple',1479,'CWE-416'),(1650,'https://cwe.mitre.org/data/definitions/79.html','Base','Simple',1410,'CWE-79'),(1651,'https://cwe.mitre.org/data/definitions/502.html','Variant','Simple',1422,'CWE-502'),(1652,'https://cwe.mitre.org/data/definitions/122.html','Variant','Simple',1419,'CWE-122'),(1653,'https://cwe.mitre.org/data/definitions/427.html','Base','Simple',1443,'CWE-427'),(1654,'https://cwe.mitre.org/data/definitions/121.html','Variant','Simple',1419,'CWE-121'),(1655,'https://cwe.mitre.org/data/definitions/345.html','Class','Simple',1661,'CWE-345'),(1656,'https://cwe.mitre.org/data/definitions/284.html','Class','Simple',1448,'CWE-284'),(1657,'https://cwe.mitre.org/data/definitions/20.html','Class','Simple',1422,'CWE-20'),(1658,'https://cwe.mitre.org/data/definitions/20.html','Class','Simple',1422,'CWE-20'),(1659,'https://cwe.mitre.org/data/definitions/94.html','Class','Simple',1443,'CWE-94'),(1660,'https://cwe.mitre.org/data/definitions/79.html','Base','Simple',1410,'CWE-79'),(1661,'https://cwe.mitre.org/data/definitions/400.html','Class','Simple',1417,'CWE-400'),(1662,'https://cwe.mitre.org/data/definitions/256.html','Variant','Simple',1412,'CWE-256'),(1663,'https://cwe.mitre.org/data/definitions/287.html','Class','Simple',1415,'CWE-287'),(1664,'https://cwe.mitre.org/data/definitions/22.html','Class','Simple',1498,'CWE-22'),(1665,'https://cwe.mitre.org/data/definitions/601.html','Variant','Simple',1410,'CWE-601'),(1666,'https://cwe.mitre.org/data/definitions/521.html','Base','Simple',1672,'CWE-521'),(1667,'https://cwe.mitre.org/data/definitions/287.html','Class','Simple',1415,'CWE-287'),(1668,'https://cwe.mitre.org/data/definitions/78.html','Base','Simple',1410,'CWE-78'),(1669,'https://cwe.mitre.org/data/definitions/434.html','Base','Simple',1408,'CWE-434'),(1670,'https://cwe.mitre.org/data/definitions/284.html','Class','Simple',1448,'CWE-284'),(1671,'https://cwe.mitre.org/data/definitions/284.html','Class','Simple',1448,'CWE-284'),(1672,'https://cwe.mitre.org/data/definitions/121.html','Variant','Simple',1419,'CWE-121'),(1673,'https://cwe.mitre.org/data/definitions/258.html','Variant','Simple',1413,'CWE-258'),(1674,'https://cwe.mitre.org/data/definitions/427.html','Base','Simple',1443,'CWE-427'),(1675,'https://cwe.mitre.org/data/definitions/288.html','Base','Simple',1415,'CWE-288'),(1676,'https://cwe.mitre.org/data/definitions/522.html','Base','Simple',1412,'CWE-522'),(1677,'https://cwe.mitre.org/data/definitions/611.html','Variant','Simple',1410,'CWE-611'),(1678,'https://cwe.mitre.org/data/definitions/269.html','Class','Simple',1408,'CWE-269'),(1679,'https://cwe.mitre.org/data/definitions/79.html','Base','Simple',1410,'CWE-79'),(1680,'https://cwe.mitre.org/data/definitions/284.html','Class','Simple',1448,'CWE-284'),(1681,'https://cwe.mitre.org/data/definitions/121.html','Variant','Simple',1419,'CWE-121'),(1682,'https://cwe.mitre.org/data/definitions/121.html','Variant','Simple',1419,'CWE-121'),(1683,'https://cwe.mitre.org/data/definitions/73.html','Class','Simple',1498,'CWE-73'),(1684,'https://cwe.mitre.org/data/definitions/269.html','Class','Simple',1408,'CWE-269'),(1685,'https://cwe.mitre.org/data/definitions/22.html','Class','Simple',1498,'CWE-22'),(1686,'https://cwe.mitre.org/data/definitions/294.html','Base','Simple',1619,'CWE-294'),(1687,'https://cwe.mitre.org/data/definitions/284.html','Class','Simple',1448,'CWE-284'),(1688,'https://cwe.mitre.org/data/definitions/287.html','Class','Simple',1415,'CWE-287'),(1689,'https://cwe.mitre.org/data/definitions/294.html','Base','Simple',1619,'CWE-294'),(1690,'https://cwe.mitre.org/data/definitions/119.html','Class','Simple',1419,'CWE-119'),(1691,'https://cwe.mitre.org/data/definitions/125.html','Base','Simple',1419,'CWE-125'),(1692,'https://cwe.mitre.org/data/definitions/416.html','Base','Simple',1479,'CWE-416'),(1693,'https://cwe.mitre.org/data/definitions/704.html','Class','Simple',1642,'CWE-704'),(1694,'https://cwe.mitre.org/data/definitions/822.html','Base','Simple',1408,'CWE-822'),(1695,'https://cwe.mitre.org/data/definitions/125.html','Base','Simple',1419,'CWE-125'),(1696,'https://cwe.mitre.org/data/definitions/680.html','Compound','Chain',1408,'CWE-680'),(1697,'https://cwe.mitre.org/data/definitions/22.html','Class','Simple',1498,'CWE-22'),(1698,'https://cwe.mitre.org/data/definitions/787.html','Base','Simple',1408,'CWE-787'),(1699,'https://cwe.mitre.org/data/definitions/121.html','Variant','Simple',1419,'CWE-121'),(1700,'https://cwe.mitre.org/data/definitions/121.html','Variant','Simple',1419,'CWE-121'),(1701,'https://cwe.mitre.org/data/definitions/489.html','Base','Simple',1707,'CWE-489'),(1702,'https://cwe.mitre.org/data/definitions/330.html','Class','Simple',1408,'CWE-330'),(1703,'https://cwe.mitre.org/data/definitions/477.html','Base','Simple',1491,'CWE-477'),(1704,'https://cwe.mitre.org/data/definitions/732.html','Class','Simple',1710,'CWE-732'),(1705,'https://cwe.mitre.org/data/definitions/798.html','Base','Simple',1408,'CWE-798'),(1706,'https://cwe.mitre.org/data/definitions/22.html','Class','Simple',1498,'CWE-22'),(1707,'https://cwe.mitre.org/data/definitions/434.html','Base','Simple',1408,'CWE-434'),(1708,'https://cwe.mitre.org/data/definitions/89.html','Base','Simple',1410,'CWE-89'),(1709,'https://cwe.mitre.org/data/definitions/121.html','Variant','Simple',1419,'CWE-121'),(1710,'https://cwe.mitre.org/data/definitions/787.html','Base','Simple',1408,'CWE-787'),(1711,'https://cwe.mitre.org/data/definitions/623.html','Variant','Simple',1717,'CWE-623'),(1712,'https://cwe.mitre.org/data/definitions/310.html','None','class',1408,'CWE-310'),(1713,'https://cwe.mitre.org/data/definitions/269.html','Class','Simple',1408,'CWE-269'),(1714,'https://cwe.mitre.org/data/definitions/269.html','Class','Simple',1408,'CWE-269'),(1715,'https://cwe.mitre.org/data/definitions/352.html','Compound','Composite',1408,'CWE-352'),(1716,'https://cwe.mitre.org/data/definitions/20.html','Class','Simple',1422,'CWE-20'),(1717,'https://cwe.mitre.org/data/definitions/341.html','Base','Simple',1408,'CWE-341'),(1718,'https://cwe.mitre.org/data/definitions/912.html','Class','Simple',1408,'CWE-912'),(1719,'https://cwe.mitre.org/data/definitions/311.html','Base','Simple',1412,'CWE-311'),(1720,'https://cwe.mitre.org/data/definitions/427.html','Base','Simple',1443,'CWE-427'),(1721,'https://cwe.mitre.org/data/definitions/209.html','Base','Simple',1412,'CWE-209'),(1722,'https://cwe.mitre.org/data/definitions/209.html','Base','Simple',1412,'CWE-209');
/*!40000 ALTER TABLE `cwe` ENABLE KEYS */;
UNLOCK TABLES;

--
-- Table structure for table `devicetype`
--

DROP TABLE IF EXISTS `devicetype`;
/*!40101 SET @saved_cs_client     = @@character_set_client */;
/*!40101 SET character_set_client = utf8 */;
CREATE TABLE `devicetype` (
  `id` smallint(5) unsigned NOT NULL AUTO_INCREMENT,
  `type` char(255) DEFAULT NULL,
  PRIMARY KEY (`id`),
  UNIQUE KEY `UC_devicetype` (`type`)
) ENGINE=InnoDB AUTO_INCREMENT=712 DEFAULT CHARSET=utf8;
/*!40101 SET character_set_client = @saved_cs_client */;

--
-- Dumping data for table `devicetype`
--

LOCK TABLES `devicetype` WRITE;
/*!40000 ALTER TABLE `devicetype` DISABLE KEYS */;
INSERT INTO `devicetype` VALUES (1,'type');
/*!40000 ALTER TABLE `devicetype` ENABLE KEYS */;
UNLOCK TABLES;

--
-- Table structure for table `icscert`
--

DROP TABLE IF EXISTS `icscert`;
/*!40101 SET @saved_cs_client     = @@character_set_client */;
/*!40101 SET character_set_client = utf8 */;
CREATE TABLE `icscert` (
  `id` smallint(5) unsigned NOT NULL AUTO_INCREMENT,
  `date` date DEFAULT NULL,
  `patch` smallint(5) unsigned NOT NULL,
  `name` char(255) DEFAULT NULL,
  PRIMARY KEY (`id`),
  UNIQUE KEY `UC_icscert_name` (`name`),
  KEY `fk_icscert_patch` (`patch`),
  CONSTRAINT `fk_icscert_patch` FOREIGN KEY (`patch`) REFERENCES `patch` (`id`)
) ENGINE=InnoDB AUTO_INCREMENT=702 DEFAULT CHARSET=utf8;
/*!40101 SET character_set_client = @saved_cs_client */;

--
-- Dumping data for table `icscert`
--

LOCK TABLES `icscert` WRITE;
/*!40000 ALTER TABLE `icscert` DISABLE KEYS */;
INSERT INTO `icscert` VALUES (552,'2019-05-21',117,'ICSA-19-141-01'),(553,'2019-05-21',117,'ICSA-19-141-02'),(554,'2019-05-16',117,'ICSA-19-136-01'),(555,'2019-05-16',117,'ICSA-19-136-02'),(556,'2019-05-14',117,'ICSA-19-134-01'),(557,'2019-05-14',117,'ICSA-19-134-02'),(558,'2019-05-14',117,'ICSA-19-134-03'),(559,'2019-05-14',117,'ICSA-19-134-04'),(560,'2019-05-14',117,'ICSA-19-134-05'),(561,'2019-05-14',117,'ICSA-19-134-06'),(562,'2019-05-14',117,'ICSA-19-134-07'),(563,'2019-05-14',117,'ICSA-19-134-08'),(564,'2019-05-14',117,'ICSA-19-134-09'),(565,'2019-05-02',117,'ICSA-19-122-01'),(566,'2019-05-02',117,'ICSA-19-122-02'),(567,'2019-05-02',117,'ICSA-19-122-03'),(568,'2019-04-30',117,'ICSMA-19-120-01'),(569,'2019-04-30',117,'ICSA-19-120-01'),(570,'2019-04-23',117,'ICSMA-19-113-01'),(571,'2019-04-23',117,'ICSA-19-113-01'),(572,'2019-04-16',117,'ICSA-19-106-01'),(573,'2019-04-16',117,'ICSA-19-106-02'),(574,'2019-04-16',117,'ICSA-19-106-03'),(575,'2019-04-09',117,'ICSA-19-099-01'),(576,'2019-04-09',117,'ICSA-19-099-02'),(577,'2019-04-09',117,'ICSA-19-099-03'),(578,'2019-04-09',117,'ICSA-19-099-04'),(579,'2019-04-09',117,'ICSA-19-099-05'),(580,'2019-04-09',117,'ICSA-19-099-06'),(581,'2019-04-04',117,'ICSA-19-094-01'),(582,'2019-04-04',117,'ICSA-19-094-02'),(583,'2019-04-04',117,'ICSA-19-094-03'),(584,'2019-04-04',117,'ICSA-19-094-04'),(585,'2019-04-02',117,'ICSA-19-092-01'),(586,'2019-03-28',117,'ICSA-19-087-01'),(587,'2019-03-26',117,'ICSA-19-085-01'),(588,'2019-03-26',117,'ICSA-19-085-02'),(589,'2019-03-26',117,'ICSA-19-085-03'),(590,'2019-03-21',117,'ICSMA-19-080-01'),(591,'2019-03-19',117,'ICSA-19-078-01'),(592,'2019-03-19',117,'ICSA-19-078-02'),(593,'2019-03-14',117,'ICSA-19-073-01'),(594,'2019-03-14',117,'ICSA-19-073-02'),(595,'2019-03-14',117,'ICSA-19-073-03'),(596,'2019-03-05',117,'ICSA-19-064-01'),(597,'2019-02-28',117,'ICSA-19-059-01'),(598,'2019-02-26',117,'ICSA-19-057-01'),(599,'2019-02-19',117,'ICSA-19-050-01'),(600,'2019-02-19',117,'ICSA-19-050-02'),(601,'2019-02-19',117,'ICSA-19-050-03'),(602,'2019-02-19',117,'ICSA-19-050-04'),(603,'2019-02-14',117,'ICSA-19-045-01'),(604,'2019-02-14',117,'ICSA-18-310-01'),(605,'2019-02-12',117,'ICSA-19-043-01'),(606,'2019-02-12',117,'ICSA-19-043-02'),(607,'2019-02-12',117,'ICSA-19-043-03'),(608,'2019-02-12',117,'ICSA-19-043-04'),(609,'2019-02-12',117,'ICSA-19-043-05'),(610,'2019-02-12',117,'ICSA-19-043-06'),(611,'2019-02-07',117,'ICSA-19-038-01'),(612,'2019-02-07',117,'ICSA-19-038-02'),(613,'2019-02-05',117,'ICSA-19-036-01'),(614,'2019-02-05',117,'ICSA-19-036-02'),(615,'2019-02-05',117,'ICSA-19-036-03'),(616,'2019-02-05',117,'ICSA-19-036-04'),(617,'2019-02-05',117,'ICSA-19-036-05'),(618,'2019-01-31',117,'ICSA-19-031-02'),(619,'2019-01-31',117,'ICSA-19-031-01'),(620,'2019-01-29',117,'ICSMA-19-029-01'),(621,'2019-01-29',117,'ICSMA-19-029-02'),(622,'2019-01-29',117,'ICSA-19-029-01'),(623,'2019-01-29',117,'ICSA-19-029-02'),(624,'2019-01-29',117,'ICSA-19-029-03'),(625,'2019-01-24',117,'ICSA-19-024-01'),(626,'2019-01-24',117,'ICSA-19-024-02'),(627,'2019-01-22',117,'ICSMA-19-022-01'),(628,'2019-01-22',117,'ICSA-19-022-01'),(629,'2019-01-17',117,'ICSA-19-017-01'),(630,'2019-01-17',117,'ICSA-19-017-02'),(631,'2019-01-17',117,'ICSA-19-017-03'),(632,'2019-01-15',117,'ICSA-19-015-01'),(633,'2019-01-10',117,'ICSA-19-010-01'),(634,'2019-01-10',117,'ICSA-19-010-02'),(635,'2019-01-10',117,'ICSA-19-010-03'),(636,'2019-01-10',117,'ICSA-18-333-02'),(637,'2019-01-08',117,'ICSA-19-008-01'),(638,'2019-01-08',117,'ICSA-19-008-02'),(639,'2019-01-03',117,'ICSA-19-003-01'),(640,'2019-01-03',117,'ICSA-19-003-02'),(641,'2019-01-03',117,'ICSA-19-003-03'),(642,'2018-12-20',117,'ICSA-18-354-01'),(643,'2018-12-20',117,'ICSA-18-354-02'),(644,'2018-12-20',117,'ICSA-18-331-02'),(645,'2018-12-18',117,'ICSA-18-352-01'),(646,'2018-12-18',117,'ICSA-18-352-02'),(647,'2018-12-18',117,'ICSA-18-352-03'),(648,'2018-12-18',117,'ICSA-18-352-04'),(649,'2018-12-18',117,'ICSA-18-352-05'),(650,'2018-12-18',117,'ICSA-18-352-06'),(651,'2018-12-18',117,'ICSA-18-352-07'),(652,'2018-12-13',117,'ICSMA-18-347-01'),(653,'2018-12-13',117,'ICSA-18-347-01'),(654,'2018-12-13',117,'ICSA-18-347-02'),(655,'2018-12-13',117,'ICSA-18-347-03'),(656,'2018-12-13',117,'ICSA-18-347-04'),(657,'2018-12-11',117,'ICSA-18-345-01'),(658,'2018-12-11',117,'ICSA-18-345-02'),(659,'2018-12-06',117,'ICSMA-18-340-01'),(660,'2018-12-06',117,'ICSA-18-340-01'),(661,'2018-12-06',117,'ICSA-18-310-02'),(662,'2018-12-04',117,'ICSA-18-338-01'),(663,'2018-12-04',117,'ICSA-18-338-02'),(664,'2018-11-29',117,'ICSA-18-333-01'),(665,'2018-11-27',117,'ICSA-18-331-01'),(666,'2018-11-20',117,'ICSA-18-324-01'),(667,'2018-11-20',117,'ICSA-18-324-02'),(668,'2018-11-13',117,'ICSA-18-317-01'),(669,'2018-11-13',117,'ICSA-18-317-02'),(670,'2018-11-13',117,'ICSA-18-317-03'),(671,'2018-11-13',117,'ICSA-18-317-04'),(672,'2018-11-13',117,'ICSA-18-317-05'),(673,'2018-11-13',117,'ICSA-18-317-06'),(674,'2018-11-13',117,'ICSA-18-317-07'),(675,'2018-11-13',117,'ICSA-18-317-08'),(676,'2018-11-08',117,'ICSMA-18-312-01'),(677,'2018-11-06',117,'ICSMA-18-310-01'),(678,'2018-11-01',117,'ICSA-18-305-01'),(679,'2018-11-01',117,'ICSA-18-305-02'),(680,'2018-11-01',117,'ICSA-18-305-03'),(681,'2018-11-01',117,'ICSA-18-305-04'),(682,'2018-10-30',117,'ICSA-18-303-01'),(683,'2018-10-25',117,'ICSA-18-298-01'),(684,'2018-10-25',117,'ICSA-18-298-02'),(685,'2018-10-23',117,'ICSA-18-296-01'),(686,'2018-10-23',117,'ICSA-18-296-02'),(687,'2018-10-23',117,'ICSA-18-296-03'),(688,'2018-10-17',117,'ICSA-18-290-01'),(689,'2018-10-16',117,'ICSA-18-289-01'),(690,'2018-10-11',117,'ICSA-18-284-01'),(691,'2018-10-11',117,'ICSA-18-284-02'),(692,'2018-10-11',117,'ICSA-18-284-03'),(693,'2018-10-09',117,'ICSA-18-282-01'),(694,'2018-10-09',117,'ICSA-18-282-02'),(695,'2018-10-09',117,'ICSA-18-282-03'),(696,'2018-10-09',117,'ICSA-18-282-04'),(697,'2018-10-09',117,'ICSA-18-282-05'),(698,'2018-10-09',117,'ICSA-18-282-06'),(699,'2018-10-09',117,'ICSA-18-282-07'),(700,'2018-10-04',117,'ICSMA-18-277-01'),(701,'2018-10-04',117,'ICSMA-18-277-02');
/*!40000 ALTER TABLE `icscert` ENABLE KEYS */;
UNLOCK TABLES;

--
-- Table structure for table `icscert_cve`
--

DROP TABLE IF EXISTS `icscert_cve`;
/*!40101 SET @saved_cs_client     = @@character_set_client */;
/*!40101 SET character_set_client = utf8 */;
CREATE TABLE `icscert_cve` (
  `id_icscert_cve` int(11) NOT NULL AUTO_INCREMENT,
  `id_icscert` smallint(5) unsigned NOT NULL,
  `id_cve` smallint(5) unsigned NOT NULL,
  PRIMARY KEY (`id_icscert_cve`),
  UNIQUE KEY `UQ_icscert_cve__id_icscert__id_cve` (`id_icscert`,`id_cve`),
  KEY `FK_icscert_cve__id_cve` (`id_cve`),
  CONSTRAINT `FK_icscert_cve__id_cve` FOREIGN KEY (`id_cve`) REFERENCES `cve` (`id`),
  CONSTRAINT `FK_icscert_cve__id_icscert` FOREIGN KEY (`id_icscert`) REFERENCES `icscert` (`id`)
) ENGINE=InnoDB AUTO_INCREMENT=1548 DEFAULT CHARSET=utf8;
/*!40101 SET character_set_client = @saved_cs_client */;

--
-- Dumping data for table `icscert_cve`
--

LOCK TABLES `icscert_cve` WRITE;
/*!40000 ALTER TABLE `icscert_cve` DISABLE KEYS */;
INSERT INTO `icscert_cve` VALUES (1227,552,1350),(1228,552,1351),(1229,552,1352),(1230,552,1353),(1231,552,1354),(1232,552,1355),(1233,552,1356),(1234,552,1357),(1235,552,1358),(1236,553,1359),(1237,554,1360),(1238,555,1361),(1239,556,1362),(1240,557,1363),(1241,558,1364),(1242,559,1365),(1243,559,1366),(1244,559,1367),(1245,560,1368),(1246,561,1369),(1247,562,1370),(1248,562,1371),(1249,562,1372),(1250,562,1373),(1251,562,1374),(1252,563,1375),(1253,563,1376),(1254,563,1377),(1255,564,1378),(1256,564,1379),(1257,564,1380),(1258,565,1381),(1259,565,1382),(1260,565,1383),(1261,565,1384),(1262,565,1385),(1263,565,1386),(1264,566,1387),(1265,566,1388),(1266,566,1389),(1267,566,1390),(1268,566,1391),(1269,567,1392),(1270,567,1393),(1271,567,1394),(1272,567,1395),(1273,567,1396),(1274,567,1397),(1275,567,1398),(1276,568,1399),(1277,569,1400),(1278,569,1401),(1279,570,1402),(1280,570,1403),(1281,571,1404),(1282,572,1405),(1283,572,1406),(1284,572,1407),(1285,573,1408),(1286,574,1409),(1287,575,1410),(1288,576,1411),(1289,577,1412),(1290,578,1413),(1291,578,1414),(1292,578,1415),(1293,578,1416),(1294,579,1417),(1295,579,1418),(1296,579,1419),(1297,580,1420),(1298,581,1421),(1299,582,1422),(1300,583,1423),(1301,583,1424),(1302,583,1425),(1303,583,1426),(1304,583,1427),(1305,584,1428),(1306,585,1429),(1307,585,1430),(1308,585,1431),(1309,586,1432),(1310,587,1433),(1311,588,1434),(1312,589,1435),(1313,590,1436),(1314,590,1437),(1315,591,1438),(1316,592,1439),(1317,592,1440),(1318,592,1441),(1319,592,1442),(1320,592,1443),(1321,592,1444),(1322,593,1445),(1323,594,1438),(1324,595,1447),(1325,596,1448),(1326,597,1449),(1327,598,1450),(1328,598,1451),(1329,598,1452),(1330,598,1453),(1331,598,1454),(1332,598,1455),(1333,598,1456),(1334,598,1457),(1335,598,1458),(1336,598,1459),(1337,599,1460),(1338,599,1461),(1339,599,1462),(1340,599,1463),(1341,599,1464),(1342,599,1465),(1343,599,1466),(1344,599,1467),(1345,599,1468),(1346,599,1469),(1347,599,1470),(1348,600,1471),(1349,601,1472),(1350,602,1473),(1351,602,1474),(1352,603,1475),(1353,604,1476),(1354,605,1477),(1355,606,1478),(1356,607,1479),(1357,607,1480),(1358,607,1481),(1359,608,1482),(1360,609,1483),(1361,609,1484),(1362,609,1485),(1363,610,1486),(1364,610,1487),(1365,610,1488),(1366,611,1489),(1367,612,1490),(1368,612,1491),(1369,613,1492),(1370,613,1493),(1371,614,1494),(1372,615,1495),(1373,615,1496),(1374,615,1497),(1375,616,1498),(1376,616,1499),(1377,617,1500),(1378,617,1501),(1379,617,1502),(1380,617,1503),(1381,617,1504),(1382,618,1505),(1383,618,1506),(1384,618,1507),(1385,619,1508),(1386,619,1509),(1387,619,1510),(1388,621,1511),(1389,622,1512),(1390,623,1513),(1391,624,1514),(1392,625,1515),(1393,625,1516),(1394,625,1517),(1395,626,1518),(1396,626,1519),(1397,626,1520),(1398,626,1521),(1399,626,1522),(1400,626,1523),(1401,627,1524),(1402,627,1525),(1403,627,1526),(1404,628,1527),(1405,628,1528),(1406,629,1529),(1407,629,1530),(1408,629,1531),(1409,629,1532),(1410,629,1533),(1411,629,1534),(1412,629,1535),(1413,630,1536),(1414,631,1537),(1415,631,1538),(1416,632,1539),(1417,632,1540),(1418,632,1541),(1419,632,1542),(1420,632,1543),(1421,632,1544),(1422,632,1545),(1423,632,1546),(1424,632,1547),(1425,632,1548),(1426,632,1549),(1427,633,1550),(1428,634,1551),(1429,635,1552),(1430,636,1553),(1431,637,1554),(1432,638,1555),(1433,638,1556),(1434,638,1557),(1435,638,1558),(1436,639,1559),(1437,640,1560),(1438,641,1561),(1439,642,1562),(1440,643,1563),(1441,644,1564),(1442,645,1565),(1443,645,1566),(1444,646,1567),(1445,647,1568),(1446,648,1569),(1447,648,1570),(1448,649,1571),(1449,650,1572),(1450,651,1573),(1451,652,1574),(1452,653,1575),(1453,653,1576),(1454,653,1577),(1455,654,1490),(1456,654,1491),(1457,655,1580),(1458,656,1581),(1459,657,1582),(1460,658,1583),(1461,658,1584),(1462,658,1585),(1463,658,1586),(1464,658,1587),(1465,658,1588),(1466,658,1589),(1467,658,1590),(1468,658,1591),(1469,658,1592),(1470,659,1593),(1471,660,1594),(1472,661,1595),(1473,662,1596),(1474,662,1597),(1475,663,1598),(1476,664,1599),(1477,664,1600),(1478,665,1601),(1479,666,1602),(1480,667,1603),(1481,668,1604),(1482,669,1605),(1483,669,1606),(1484,670,1607),(1485,671,1608),(1486,672,1609),(1487,673,1610),(1488,674,1611),(1489,675,1612),(1490,675,1613),(1491,676,1614),(1492,677,1615),(1493,677,1616),(1494,677,1617),(1495,677,1618),(1496,677,1619),(1497,678,1620),(1498,678,1621),(1499,679,1601),(1500,680,1623),(1501,680,1624),(1502,681,1625),(1503,682,1626),(1504,683,1627),(1505,684,1628),(1506,684,1629),(1507,685,1630),(1508,685,1631),(1509,685,1632),(1510,685,1633),(1511,686,1634),(1512,686,1635),(1513,686,1636),(1514,687,1637),(1515,688,1638),(1516,688,1639),(1517,688,1640),(1518,688,1641),(1519,689,1642),(1520,689,1643),(1521,689,1644),(1522,689,1645),(1523,689,1646),(1524,689,1647),(1525,690,1648),(1526,690,1649),(1527,691,1650),(1528,691,1651),(1529,691,1652),(1530,691,1653),(1531,691,1654),(1532,691,1655),(1533,691,1656),(1534,692,1657),(1535,692,1658),(1536,693,1659),(1537,694,1660),(1538,695,1661),(1539,695,1662),(1540,696,1663),(1541,697,1664),(1542,698,1665),(1543,698,1666),(1544,698,1667),(1545,699,1668),(1546,700,1669),(1547,701,1670);
/*!40000 ALTER TABLE `icscert_cve` ENABLE KEYS */;
UNLOCK TABLES;

--
-- Table structure for table `icscert_product`
--

DROP TABLE IF EXISTS `icscert_product`;
/*!40101 SET @saved_cs_client     = @@character_set_client */;
/*!40101 SET character_set_client = utf8 */;
CREATE TABLE `icscert_product` (
  `id_icscert_product` int(11) NOT NULL AUTO_INCREMENT,
  `id_icscert` smallint(5) unsigned NOT NULL,
  `id_product` smallint(5) unsigned NOT NULL,
  PRIMARY KEY (`id_icscert_product`),
  UNIQUE KEY `UQ_icscert_product__id_icscert__id_product` (`id_icscert`,`id_product`),
  KEY `FK_icscert_product__id_product` (`id_product`),
  CONSTRAINT `FK_icscert_product__id_icscert` FOREIGN KEY (`id_icscert`) REFERENCES `icscert` (`id`),
  CONSTRAINT `FK_icscert_product__id_product` FOREIGN KEY (`id_product`) REFERENCES `product` (`id`)
) ENGINE=InnoDB AUTO_INCREMENT=657 DEFAULT CHARSET=utf8;
/*!40101 SET character_set_client = @saved_cs_client */;

--
-- Dumping data for table `icscert_product`
--

LOCK TABLES `icscert_product` WRITE;
/*!40000 ALTER TABLE `icscert_product` DISABLE KEYS */;
INSERT INTO `icscert_product` VALUES (508,552,562),(509,553,563),(510,554,564),(511,555,565),(512,556,566),(513,557,567),(514,558,568),(515,559,569),(516,560,570),(517,561,571),(518,562,572),(519,563,573),(520,564,574),(521,565,575),(522,566,576),(523,567,577),(524,568,578),(525,569,579),(526,570,580),(527,571,581),(528,572,582),(529,573,583),(530,574,584),(531,575,585),(532,576,586),(533,577,587),(534,578,588),(535,579,589),(536,580,590),(537,581,591),(538,582,592),(539,583,593),(540,584,594),(541,585,595),(542,586,596),(543,587,597),(544,588,598),(545,589,599),(546,590,600),(547,591,601),(548,592,602),(549,593,603),(550,594,604),(551,595,605),(552,596,606),(553,597,607),(554,598,608),(555,599,609),(556,600,582),(557,601,611),(558,602,612),(559,603,613),(560,604,614),(561,605,615),(562,606,616),(563,607,617),(564,608,618),(565,609,619),(566,610,620),(567,611,621),(568,612,622),(569,613,623),(570,614,624),(571,615,625),(572,616,626),(573,617,627),(574,618,628),(575,619,629),(576,621,630),(577,622,631),(578,623,632),(579,624,633),(580,625,595),(581,626,635),(582,627,636),(583,628,637),(584,629,638),(585,630,639),(586,631,640),(587,632,603),(588,633,642),(589,634,643),(590,635,644),(591,636,645),(592,637,646),(593,638,647),(594,639,648),(595,640,649),(596,641,650),(597,642,611),(598,643,652),(599,644,653),(600,645,654),(601,646,595),(602,647,656),(603,648,657),(604,649,658),(605,650,659),(606,651,660),(607,652,661),(608,653,662),(609,654,616),(610,655,664),(611,656,665),(612,657,666),(613,658,667),(614,659,668),(615,660,669),(616,661,670),(617,662,671),(618,663,672),(619,664,673),(620,665,674),(621,666,675),(622,667,676),(623,668,677),(624,669,678),(625,670,679),(626,671,680),(627,672,681),(628,673,682),(629,674,683),(630,675,684),(631,676,685),(632,677,686),(633,678,623),(634,679,688),(635,680,689),(636,681,690),(637,682,691),(638,683,692),(639,684,693),(640,685,693),(641,686,695),(642,687,696),(643,688,638),(644,689,603),(645,690,699),(646,691,700),(647,692,701),(648,693,702),(649,694,572),(650,695,704),(651,696,705),(652,697,706),(653,698,707),(654,699,708),(655,700,709),(656,701,710);
/*!40000 ALTER TABLE `icscert_product` ENABLE KEYS */;
UNLOCK TABLES;

--
-- Table structure for table `patch`
--

DROP TABLE IF EXISTS `patch`;
/*!40101 SET @saved_cs_client     = @@character_set_client */;
/*!40101 SET character_set_client = utf8 */;
CREATE TABLE `patch` (
  `id` smallint(5) unsigned NOT NULL AUTO_INCREMENT,
  `patch` char(255) DEFAULT NULL,
  PRIMARY KEY (`id`),
  UNIQUE KEY `UC_patch` (`patch`)
) ENGINE=InnoDB AUTO_INCREMENT=706 DEFAULT CHARSET=utf8;
/*!40101 SET character_set_client = @saved_cs_client */;

--
-- Dumping data for table `patch`
--

LOCK TABLES `patch` WRITE;
/*!40000 ALTER TABLE `patch` DISABLE KEYS */;
INSERT INTO `patch` VALUES (117,'Default Patch Name');
/*!40000 ALTER TABLE `patch` ENABLE KEYS */;
UNLOCK TABLES;

--
-- Table structure for table `product`
--

DROP TABLE IF EXISTS `product`;
/*!40101 SET @saved_cs_client     = @@character_set_client */;
/*!40101 SET character_set_client = utf8 */;
CREATE TABLE `product` (
  `id` smallint(5) unsigned NOT NULL AUTO_INCREMENT,
  `name` char(255) DEFAULT NULL,
  `deviceYN` tinyint(4) DEFAULT NULL,
  `deviceType` smallint(5) unsigned NOT NULL,
  `deviceComment` text,
  `vendor` smallint(5) unsigned NOT NULL,
  PRIMARY KEY (`id`),
  KEY `fk_product_deviceType` (`deviceType`),
  KEY `fk_product_vendor` (`vendor`),
  CONSTRAINT `fk_product_deviceType` FOREIGN KEY (`deviceType`) REFERENCES `devicetype` (`id`),
  CONSTRAINT `fk_product_vendor` FOREIGN KEY (`vendor`) REFERENCES `vendor` (`id`)
) ENGINE=InnoDB AUTO_INCREMENT=711 DEFAULT CHARSET=utf8;
/*!40101 SET character_set_client = @saved_cs_client */;

--
-- Dumping data for table `product`
--

LOCK TABLES `product` WRITE;
/*!40000 ALTER TABLE `product` DISABLE KEYS */;
INSERT INTO `product` VALUES (562,'CBAS Web',0,1,'Device Comment',701),(563,'MELSEC-Q series Ethernet module',0,1,'Device Comment',702),(564,'Modicon M580, Modicon M340, Modicon Premium, and Modicon Quantum',0,1,'Device Comment',703),(565,'Alpha7 PC Loader',0,1,'Device Comment',704),(566,'Network Configurator for DeviceNet ',0,1,'Device Comment',705),(567,'SIMATIC WinCC and SIMATIC PCS 7',0,1,'Device Comment',706),(568,'LOGO! Soft Comfort',0,1,'Device Comment',706),(569,'LOGO!8 BM',0,1,'Device Comment',706),(570,'SINAMICS PERFECT HARMONY GH180 Drives NXG I and NXG II',0,1,'Device Comment',706),(571,'SINAMICS PERFECT HARMONY GH180 Fieldbus Network',0,1,'Device Comment',706),(572,'SCALANCE W1750D',0,1,'Device Comment',706),(573,'SIMATIC PCS 7, WinCC Runtime Professional, WinCC (TIA Portal)',0,1,'Device Comment',706),(574,'SIMATIC WinCC Runtime Advanced, WinCC Runtime Professional, WinCC (TIA Portal); HMI Panels',0,1,'Device Comment',706),(575,'SiteOmat',0,1,'Device Comment',714),(576,'Communicator',0,1,'Device Comment',715),(577,'AirLink ALEOS',0,1,'Device Comment',716),(578,'Tasy EMR',0,1,'Device Comment',717),(579,'CompactLogix 5370',0,1,'Device Comment',718),(580,'FCR Capsula X/Carbon X',0,1,'Device Comment',719),(581,'MicroLogix 1400 and CompactLogix 5370 Controllers',0,1,'Device Comment',718),(582,'Delta Industrial Automation CNCSoft',0,1,'Device Comment',721),(583,'Series 750-88x and 750-87x',0,1,'Device Comment',722),(584,'Programmable Logic Controllers',0,1,'Device Comment',723),(585,'SIMOCODE pro V EIP',0,1,'Device Comment',706),(586,'Spectrum Power 4.7',0,1,'Device Comment',706),(587,'SIMATIC, SINEC-NMS, SINEMA, SINEMURIK Industrial Control Products with OPC UA',0,1,'Device Comment',706),(588,'SINEMA Remote Connect (Client and Server)',0,1,'Device Comment',706),(589,'RUGGEDCOM ROX II',0,1,'Device Comment',706),(590,'CP, SIMATIC, SIMOCODE, SINAMICS, SITOP, and TIM',0,1,'Device Comment',706),(591,'CX-Programmer within CX-One',0,1,'Device Comment',705),(592,'Stratix 5400/5410/5700, ArmorStratix 5700',0,1,'Device Comment',718),(593,'Stratix 5400/5410/5700/8000/8300, ArmorStratix 5700',0,1,'Device Comment',718),(594,'Stratix 5950',0,1,'Device Comment',718),(595,'WebAccess/SCADA',0,1,'Device Comment',734),(596,'PowerFlex 525 AC Drives',0,1,'Device Comment',718),(597,'SCALANCE X',0,1,'Device Comment',706),(598,'RAD-80211-XD',0,1,'Device Comment',737),(599,'Datagate MK2, Storm 24, Pixelator',0,1,'Device Comment',738),(600,'MyCareLink Monitor, CareLink Monitor, CareLink 2090 Programmer, specific Medtronic implanted cardiac devices listed below',0,1,'Device Comment',739),(601,'InduSoft Web Studio, InTouch Edge HMI',0,1,'Device Comment',740),(602,'Weather MicroServer',0,1,'Device Comment',741),(603,'LAquis SCADA',0,1,'Device Comment',742),(604,'Sentinel UltraPro',0,1,'Device Comment',743),(605,'WirelessHART-Gateways',0,1,'Device Comment',744),(606,'RSLinx Classic',0,1,'Device Comment',718),(607,'Telecontrol Gateway and Smart Telecontrol Unit family, IEC104 Security Proxy',0,1,'Device Comment',746),(608,'IKS, EDS',0,1,'Device Comment',747),(609,'Data Center Manager SDK',0,1,'Device Comment',748),(610,'Delta Industrial Automation CNCSoft',0,1,'Device Comment',721),(611,'Cscape',0,1,'Device Comment',750),(612,'Allen-Bradley PowerMonitor 1000',0,1,'Device Comment',718),(613,'Internet FAX Analog Telephone Adapter (ATA)',0,1,'Device Comment',752),(614,'gpsd, microjson',0,1,'Device Comment',753),(615,'PI Vision',0,1,'Device Comment',754),(616,'EN100 Ethernet Communication Module and SIPROTEC 5 Relays',0,1,'Device Comment',706),(617,'WibuKey Digital Rights Management (DRM)',0,1,'Device Comment',756),(618,'SIMATIC S7-300 CPU',0,1,'Device Comment',706),(619,'Intel Active Management Technology (AMT) of SIMATIC IPCs',0,1,'Device Comment',706),(620,'CP1604 and CP1616',0,1,'Device Comment',706),(621,'SICAM A8000 RTU',0,1,'Device Comment',706),(622,'EN100 Ethernet module',0,1,'Device Comment',706),(623,'InduSoft Web Studio and InTouch Edge HMI (formerly InTouch Machine Edition)',0,1,'Device Comment',762),(624,'EtherNet/IP Web Server Modules',0,1,'Device Comment',718),(625,'LeviStudioU',0,1,'Device Comment',764),(626,'SIMATIC S7-1500 CPU',0,1,'Device Comment',706),(627,'PR100088 Modbus gateway',0,1,'Device Comment',766),(628,'PremiSys',0,1,'Device Comment',767),(629,'EVLink Parking',0,1,'Device Comment',703),(630,'FACSLyric',0,1,'Device Comment',769),(631,'License Manager Service',0,1,'Device Comment',770),(632,'MELSEC-Q series PLCs',0,1,'Device Comment',702),(633,'Wonderware System Platform',0,1,'Device Comment',740),(634,'WebAccess/SCADA',0,1,'Device Comment',734),(635,'FL SWITCH',0,1,'Device Comment',737),(636,'Infinity Delta ',0,1,'Device Comment',775),(637,'Facility Explorer',0,1,'Device Comment',776),(638,'CX-Supervisor',0,1,'Device Comment',777),(639,'CP400 Panel Builder TextEditor 2.0',0,1,'Device Comment',778),(640,'X-320M',0,1,'Device Comment',779),(641,'LAquis SCADA',0,1,'Device Comment',780),(642,'DeltaV Distributed Control System Workstations',0,1,'Device Comment',781),(643,'CX-Protocol within CX-One',0,1,'Device Comment',705),(644,'PNOZmulti Configurator',0,1,'Device Comment',783),(645,'Niagara Enterprise Security, Niagara AX, and Niagara 4',0,1,'Device Comment',784),(646,'Zelio Soft 2',0,1,'Device Comment',703),(647,'IIoT Monitor',0,1,'Device Comment',703),(648,'Pro-face GP-Pro EX',0,1,'Device Comment',703),(649,'Vnet/IP Open Communication Driver',0,1,'Device Comment',770),(650,'Nova-M',0,1,'Device Comment',789),(651,'Cscape',0,1,'Device Comment',750),(652,'EcoStruxure',0,1,'Device Comment',703),(653,'Null',0,1,'Device Comment',792),(654,'GATE-E2',0,1,'Device Comment',778),(655,'WebAccess/SCADA',0,1,'Device Comment',734),(656,'CODESYS Control V3 products',0,1,'Device Comment',795),(657,'CODESYS V3 products',0,1,'Device Comment',795),(658,'TIM 1531 IRC',0,1,'Device Comment',706),(659,'CMS-770',0,1,'Device Comment',778),(660,'M2M ETHERNET',0,1,'Device Comment',778),(661,'9790 CareLink Programmer, 2090 CareLink Programmer, 29901 Encore Programmer',0,1,'Device Comment',739),(662,'Eurotherm by Schneider Electric GUIcon',0,1,'Device Comment',703),(663,'EN100 Ethernet Communication Module and SIPROTEC 5 relays',0,1,'Device Comment',706),(664,'E2 Camera Series',0,1,'Device Comment',803),(665,'Mark VIe, EX2100e, EX2100e_Reg, and LS2100e ',0,1,'Device Comment',804),(666,'SINAMICS PERFECT HARMONY GH180',0,1,'Device Comment',805),(667,'SINUMERIK Controllers',0,1,'Device Comment',706),(668,'Philips HealthSuite Health Android App',0,1,'Device Comment',717),(669,'Proficy GDS',0,1,'Device Comment',808),(670,'MicroLogix 1400 Controllers and 1756 ControlLogix Communications Modules',0,1,'Device Comment',718),(671,'CX-One',0,1,'Device Comment',705),(672,'SCADA WebServer',0,1,'Device Comment',811),(673,'VT-Designer',0,1,'Device Comment',812),(674,'Vijeo Citect, Citect SCADA',0,1,'Device Comment',762),(675,'Sherlock',0,1,'Device Comment',814),(676,'Modicon M221',0,1,'Device Comment',703),(677,'IEC 61850 system configurator, DIGSI 5, DIGSI 4, SICAM PAS/PQS, SICAM PQ Analyzer, and SICAM SCC',0,1,'Device Comment',706),(678,'S7-400 CPUs',0,1,'Device Comment',706),(679,'SIMATIC Panels and SIMATIC WinCC (TIA Portal)',0,1,'Device Comment',706),(680,'SCALANCE S',0,1,'Device Comment',706),(681,'SIMATIC S7',0,1,'Device Comment',706),(682,'SIMATIC STEP 7 (TIA Portal)',0,1,'Device Comment',706),(683,'SIMATIC IT Production Suite',0,1,'Device Comment',706),(684,'SIMATIC Panels',0,1,'Device Comment',706),(685,'iSite and IntelliSpace PACS',0,1,'Device Comment',717),(686,'Accu-Chek Inform II, CoaguChek Pro II/XS Plus/XS Pro, cobas h 232 POC handheld medical devices',0,1,'Device Comment',825),(687,'InduSoft Web Studio and InTouch Edge HMI (formerly InTouch Machine Edition)',0,1,'Device Comment',826),(688,'Software Update (SESU)',0,1,'Device Comment',703),(689,'CirCarLife',0,1,'Device Comment',828),(690,'CASE Suite',0,1,'Device Comment',829),(691,'CT50-Ex',0,1,'Device Comment',744),(692,'Reliance 4 SCADA/HMI',0,1,'Device Comment',831),(693,'WebAccess',0,1,'Device Comment',734),(694,'WebAccess',0,1,'Device Comment',734),(695,'SAGA1-L series ',0,1,'Device Comment',834),(696,'F25 Series',0,1,'Device Comment',835),(697,'CX-Supervisor',0,1,'Device Comment',705),(698,'LAquis SCADA',0,1,'Device Comment',837),(699,'NVRmini2, NVRsolo',0,1,'Device Comment',838),(700,'CMS',0,1,'Device Comment',838),(701,'Delta Industrial Automation TPEditor',0,1,'Device Comment',840),(702,'Gigasoft component of iFix',0,1,'Device Comment',804),(703,'SCALANCE W1750D',0,1,'Device Comment',706),(704,'ROX II',0,1,'Device Comment',706),(705,'SIMATIC S7-1200 CPU Family Version 4',0,1,'Device Comment',706),(706,'SIMATIC S7-1500, SIMATIC S7-1500 Software Controller and SIMATIC ET 200SP Open Controller',0,1,'Device Comment',706),(707,'XMeye P2P Cloud Server',0,1,'Device Comment',846),(708,'Fuji Electric Energy Savings Estimator',0,1,'Device Comment',704),(709,'Carestream Vue RIS',0,1,'Device Comment',848),(710,'PeerVue Web Server',0,1,'Device Comment',849);
/*!40000 ALTER TABLE `product` ENABLE KEYS */;
UNLOCK TABLES;

--
-- Table structure for table `product_countries`
--

DROP TABLE IF EXISTS `product_countries`;
/*!40101 SET @saved_cs_client     = @@character_set_client */;
/*!40101 SET character_set_client = utf8 */;
CREATE TABLE `product_countries` (
  `id_product_countries` int(11) NOT NULL AUTO_INCREMENT,
  `id_product` smallint(5) unsigned NOT NULL,
  `id_countries` smallint(5) unsigned NOT NULL,
  PRIMARY KEY (`id_product_countries`),
  UNIQUE KEY `UQ_product_countries__id_product__id_countries` (`id_product`,`id_countries`),
  KEY `FK_product_countries__id_countries` (`id_countries`),
  CONSTRAINT `FK_product_countries__id_countries` FOREIGN KEY (`id_countries`) REFERENCES `countries` (`id`),
  CONSTRAINT `FK_product_countries__id_product` FOREIGN KEY (`id_product`) REFERENCES `product` (`id`)
) ENGINE=InnoDB AUTO_INCREMENT=1045 DEFAULT CHARSET=utf8;
/*!40101 SET character_set_client = @saved_cs_client */;

--
-- Dumping data for table `product_countries`
--

LOCK TABLES `product_countries` WRITE;
/*!40000 ALTER TABLE `product_countries` DISABLE KEYS */;
INSERT INTO `product_countries` VALUES (880,562,258),(881,563,253),(882,564,253),(883,565,253),(884,566,253),(885,567,253),(886,568,253),(887,569,253),(888,570,253),(889,571,253),(890,572,253),(891,573,253),(892,574,253),(893,575,253),(894,576,253),(895,577,253),(896,578,30),(897,578,142),(898,579,253),(899,580,253),(900,581,253),(901,582,253),(902,583,253),(903,584,249),(904,585,253),(905,586,253),(906,587,253),(907,588,253),(908,589,253),(909,590,253),(910,591,253),(911,592,253),(912,593,253),(913,594,253),(915,595,231),(914,595,250),(916,595,251),(917,596,253),(918,597,253),(919,598,253),(920,599,253),(921,600,253),(922,601,253),(923,602,231),(924,603,252),(925,604,253),(926,605,253),(927,606,253),(928,607,253),(929,608,253),(930,609,253),(932,611,253),(933,612,253),(934,613,253),(935,614,253),(936,615,253),(937,616,253),(938,617,253),(939,618,253),(940,619,253),(941,620,253),(942,621,253),(943,622,253),(944,623,253),(945,624,253),(946,625,253),(947,626,253),(948,627,253),(949,628,253),(950,629,253),(951,630,253),(952,631,253),(953,632,253),(954,633,253),(958,635,253),(959,636,253),(960,637,253),(961,638,253),(962,639,253),(963,640,253),(965,642,253),(966,643,253),(967,644,253),(968,645,253),(969,646,253),(970,647,253),(971,648,253),(972,649,249),(973,650,253),(975,652,253),(976,653,253),(977,654,253),(981,656,253),(982,657,253),(983,658,253),(984,659,253),(985,660,253),(986,661,253),(987,662,253),(991,664,13),(990,664,231),(989,664,251),(992,665,253),(993,666,253),(994,667,254),(997,668,80),(996,668,155),(998,668,230),(995,668,231),(999,669,253),(1000,670,253),(1001,671,253),(1002,672,251),(1003,673,253),(1004,674,253),(1005,675,253),(1006,676,253),(1007,677,253),(1008,678,253),(1009,679,253),(1010,680,253),(1011,681,253),(1012,682,253),(1013,683,253),(1014,684,253),(1015,685,253),(1016,686,255),(1018,688,253),(1019,689,256),(1020,690,253),(1021,691,253),(1022,692,253),(1024,693,231),(1023,693,250),(1025,693,251),(1029,695,257),(1030,696,231),(1033,699,253),(1034,700,253),(1035,701,253),(1036,702,253),(1038,704,253),(1039,705,253),(1040,706,253),(1041,707,253),(1042,708,253),(1043,709,253),(1044,710,253);
/*!40000 ALTER TABLE `product_countries` ENABLE KEYS */;
UNLOCK TABLES;

--
-- Table structure for table `product_sector`
--

DROP TABLE IF EXISTS `product_sector`;
/*!40101 SET @saved_cs_client     = @@character_set_client */;
/*!40101 SET character_set_client = utf8 */;
CREATE TABLE `product_sector` (
  `id_product_sector` smallint(5) unsigned NOT NULL AUTO_INCREMENT,
  `id_product` smallint(5) unsigned NOT NULL,
  `id_sector` smallint(5) unsigned NOT NULL,
  PRIMARY KEY (`id_product_sector`),
  UNIQUE KEY `UQ_product_sector__id_product__id_sector` (`id_product`,`id_sector`),
  KEY `fk_product_sector__id_sector` (`id_sector`),
  CONSTRAINT `fk_product_sector__id_product` FOREIGN KEY (`id_product`) REFERENCES `product` (`id`),
  CONSTRAINT `fk_product_sector__id_sector` FOREIGN KEY (`id_sector`) REFERENCES `sector` (`id`)
) ENGINE=InnoDB AUTO_INCREMENT=1859 DEFAULT CHARSET=utf8;
/*!40101 SET character_set_client = @saved_cs_client */;

--
-- Dumping data for table `product_sector`
--

LOCK TABLES `product_sector` WRITE;
/*!40000 ALTER TABLE `product_sector` DISABLE KEYS */;
INSERT INTO `product_sector` VALUES (1433,562,1561),(1434,562,1562),(1435,562,1563),(1436,563,1564),(1437,564,1565),(1438,565,1564),(1439,566,1564),(1440,567,1568),(1441,567,1569),(1442,567,1570),(1443,567,1571),(1444,568,1561),(1445,568,1573),(1446,569,1561),(1447,569,1573),(1448,570,1568),(1449,570,1569),(1450,570,1570),(1453,570,1571),(1452,570,1573),(1451,570,1579),(1454,571,1568),(1455,571,1569),(1456,571,1570),(1459,571,1571),(1458,571,1573),(1457,571,1579),(1460,572,1568),(1461,572,1569),(1462,572,1570),(1840,572,1571),(1464,572,1573),(1463,572,1579),(1465,572,1593),(1467,573,1564),(1466,573,1568),(1468,573,1569),(1469,573,1570),(1470,573,1571),(1472,574,1564),(1471,574,1568),(1473,574,1569),(1474,574,1570),(1475,574,1571),(1476,575,1561),(1477,575,1569),(1478,575,1573),(1479,576,1564),(1480,576,1569),(1481,577,1561),(1485,577,1562),(1484,577,1569),(1487,577,1571),(1486,577,1573),(1482,577,1610),(1483,577,1611),(1488,578,1579),(1489,579,1564),(1490,580,1579),(1491,581,1564),(1492,582,1564),(1493,583,1561),(1494,583,1564),(1495,583,1569),(1496,583,1573),(1497,584,1625),(1499,585,1564),(1498,585,1568),(1500,585,1569),(1501,585,1570),(1502,585,1571),(1504,586,1564),(1503,586,1568),(1505,586,1569),(1506,586,1570),(1507,586,1571),(1509,587,1564),(1508,587,1568),(1510,587,1569),(1511,587,1570),(1512,587,1571),(1513,588,1641),(1514,589,1569),(1516,589,1573),(1515,589,1579),(1517,590,1561),(1518,590,1564),(1519,590,1569),(1520,590,1570),(1521,590,1571),(1522,591,1564),(1523,592,1564),(1524,592,1569),(1525,592,1571),(1526,593,1564),(1527,593,1569),(1528,593,1571),(1529,594,1564),(1530,594,1569),(1531,594,1571),(1532,595,1564),(1533,595,1569),(1534,595,1571),(1535,596,1564),(1537,597,1564),(1536,597,1568),(1538,597,1569),(1539,597,1570),(1540,597,1593),(1542,598,1564),(1541,598,1610),(1543,598,1671),(1544,599,1561),(1545,600,1579),(1546,601,1561),(1547,601,1564),(1548,601,1569),(1549,601,1573),(1550,601,1593),(1551,602,1671),(1553,603,1561),(1552,603,1568),(1554,603,1569),(1555,603,1570),(1557,603,1571),(1556,603,1573),(1560,604,1562),(1561,604,1579),(1558,604,1610),(1562,604,1671),(1559,604,1687),(1563,605,1564),(1564,605,1671),(1565,606,1564),(1566,606,1569),(1567,606,1571),(1568,607,1569),(1569,608,1564),(1570,608,1569),(1571,608,1699),(1572,609,1671),(1574,611,1564),(1575,612,1569),(1577,613,1671),(1576,613,1704),(1581,614,1573),(1578,614,1610),(1580,614,1611),(1579,614,1707),(1582,614,1710),(1583,615,1711),(1584,616,1569),(1585,617,1561),(1587,617,1564),(1588,617,1569),(1591,617,1573),(1590,617,1579),(1586,617,1610),(1589,617,1687),(1593,618,1564),(1592,618,1568),(1594,618,1569),(1595,618,1570),(1596,618,1571),(1598,619,1564),(1597,619,1568),(1599,619,1569),(1600,619,1570),(1601,619,1571),(1603,620,1564),(1602,620,1568),(1604,620,1569),(1605,620,1733),(1606,621,1569),(1607,622,1569),(1609,623,1561),(1610,623,1564),(1611,623,1569),(1612,623,1570),(1613,623,1573),(1795,623,1593),(1608,623,1736),(1614,623,1742),(1615,624,1564),(1616,625,1564),(1617,625,1569),(1618,625,1571),(1620,626,1564),(1619,626,1568),(1621,626,1569),(1622,626,1570),(1623,626,1571),(1624,627,1610),(1625,628,1561),(1626,628,1562),(1628,628,1571),(1627,628,1579),(1629,629,1757),(1630,630,1579),(1631,631,1564),(1632,631,1569),(1633,631,1570),(1634,632,1564),(1636,633,1564),(1635,633,1568),(1637,633,1569),(1638,633,1570),(1639,633,1767),(1644,635,1564),(1643,635,1610),(1645,635,1671),(1646,636,1579),(1647,637,1564),(1648,638,1569),(1816,638,1625),(1650,639,1564),(1649,639,1568),(1652,639,1569),(1653,639,1570),(1654,639,1767),(1651,639,1779),(1655,640,1671),(1663,642,1564),(1662,642,1568),(1664,642,1569),(1665,643,1625),(1666,644,1794),(1667,645,1561),(1669,645,1562),(1668,645,1564),(1670,645,1798),(1671,646,1564),(1672,647,1561),(1673,647,1564),(1674,647,1569),(1675,647,1803),(1676,648,1569),(1677,649,1625),(1678,650,1794),(1680,652,1561),(1683,652,1562),(1681,652,1569),(1682,652,1570),(1685,652,1571),(1684,652,1573),(1686,653,1570),(1687,653,1573),(1688,653,1816),(1689,654,1564),(1693,656,1564),(1694,656,1569),(1695,657,1564),(1697,658,1564),(1696,658,1568),(1698,658,1569),(1699,658,1570),(1700,658,1571),(1701,659,1794),(1702,660,1794),(1703,661,1579),(1704,662,1564),(1706,664,1561),(1707,664,1569),(1709,664,1579),(1708,664,1687),(1710,665,1569),(1711,666,1568),(1712,666,1569),(1713,666,1570),(1716,666,1571),(1714,666,1579),(1715,666,1757),(1717,667,1845),(1718,668,1579),(1724,669,1562),(1720,669,1564),(1719,669,1568),(1722,669,1569),(1723,669,1570),(1726,669,1571),(1725,669,1573),(1721,669,1779),(1727,670,1564),(1728,670,1570),(1730,670,1571),(1729,670,1573),(1731,671,1625),(1732,672,1564),(1733,673,1561),(1734,673,1564),(1735,673,1569),(1737,673,1573),(1736,673,1671),(1738,674,1561),(1739,674,1564),(1740,674,1569),(1741,675,1564),(1742,676,1561),(1744,677,1564),(1743,677,1568),(1745,677,1569),(1746,677,1570),(1747,677,1571),(1749,678,1564),(1748,678,1568),(1750,678,1569),(1751,678,1570),(1752,678,1579),(1753,678,1881),(1754,679,1568),(1755,679,1569),(1756,679,1570),(1757,679,1593),(1765,680,1562),(1760,680,1564),(1758,680,1568),(1763,680,1569),(1764,680,1570),(1766,680,1573),(1759,680,1610),(1762,680,1707),(1761,680,1779),(1767,680,1895),(1769,681,1564),(1768,681,1568),(1770,681,1569),(1771,681,1570),(1772,681,1895),(1774,682,1564),(1773,682,1568),(1775,682,1569),(1776,682,1570),(1777,682,1895),(1779,683,1564),(1778,683,1568),(1780,683,1569),(1781,683,1570),(1782,683,1571),(1784,684,1564),(1783,684,1568),(1785,684,1569),(1786,684,1570),(1787,684,1579),(1788,684,1881),(1789,685,1579),(1790,686,1579),(1796,688,1561),(1797,688,1564),(1798,688,1569),(1799,689,1573),(1800,690,1564),(1802,691,1564),(1801,691,1610),(1803,691,1671),(1804,692,1564),(1805,692,1569),(1806,692,1573),(1807,692,1593),(1808,693,1564),(1809,693,1569),(1810,693,1571),(1814,695,1610),(1815,696,1794),(1823,699,1561),(1825,699,1562),(1827,699,1573),(1826,699,1579),(1824,699,1687),(1828,700,1561),(1830,700,1562),(1831,700,1579),(1829,700,1687),(1832,700,1960),(1833,701,1625),(1834,702,1565),(1841,704,1569),(1842,704,1579),(1843,704,1699),(1844,705,1568),(1845,705,1569),(1846,705,1570),(1848,705,1573),(1847,705,1579),(1849,705,1593),(1851,706,1564),(1850,706,1568),(1852,706,1569),(1853,706,1570),(1854,706,1571),(1855,707,1794),(1856,708,1625),(1857,709,1579),(1858,710,1579);
/*!40000 ALTER TABLE `product_sector` ENABLE KEYS */;
UNLOCK TABLES;

--
-- Temporary table structure for view `products_by_sector`
--

DROP TABLE IF EXISTS `products_by_sector`;
/*!50001 DROP VIEW IF EXISTS `products_by_sector`*/;
SET @saved_cs_client     = @@character_set_client;
SET character_set_client = utf8;
/*!50001 CREATE VIEW `products_by_sector` AS SELECT 
 1 AS `pname`,
 1 AS `sname`*/;
SET character_set_client = @saved_cs_client;

--
-- Table structure for table `sector`
--

DROP TABLE IF EXISTS `sector`;
/*!40101 SET @saved_cs_client     = @@character_set_client */;
/*!40101 SET character_set_client = utf8 */;
CREATE TABLE `sector` (
  `id` smallint(5) unsigned NOT NULL AUTO_INCREMENT,
  `name` char(255) DEFAULT NULL,
  PRIMARY KEY (`id`),
  UNIQUE KEY `UC_sector` (`name`)
) ENGINE=InnoDB AUTO_INCREMENT=1987 DEFAULT CHARSET=utf8;
/*!40101 SET character_set_client = @saved_cs_client */;

--
-- Dumping data for table `sector`
--

LOCK TABLES `sector` WRITE;
/*!40000 ALTER TABLE `sector` DISABLE KEYS */;
INSERT INTO `sector` VALUES (1641,'Agriculture and Food; Chemical; Critical Manufacturing; Energy; Water/Wastewater'),(1798,'and Information Technology'),(1710,'and other sectors'),(1699,'and Transportation Systems'),(1742,'and Water and Wastewater'),(1593,'and Water and Wastewater Systems'),(1816,'andWater and Wastewater Systems'),(1568,'Chemical'),(1561,'Commercial Facilities'),(1704,'Communication'),(1610,'Communications'),(1736,'CRITICAL INFRASTRUCTURE SECTORS:  Chemical'),(1564,'Critical Manufacturing'),(1779,'Dams'),(1707,'Defense Industrial Base'),(1611,'Emergency Services'),(1569,'Energy'),(1687,'Financial Services'),(1570,'Food and Agriculture'),(1733,'Food and Agriculture,Water and Wastewater Systems'),(1562,'Government Facilities'),(1579,'Healthcare and Public Health'),(1563,'Healthcare and Public Health '),(1671,'Information Technology'),(1794,'Multiple'),(1565,'Multiple Sectors'),(1711,'Multiple '),(1625,'Null'),(1757,'Transportation'),(1803,'Transportation Services'),(1573,'Transportation Systems'),(1960,'Transportation Systems.'),(1881,'Transportation.'),(1767,'Water and Wastewater'),(1571,'Water and Wastewater Systems'),(1895,'Water and Wastewater Systems. '),(1845,'•Critical Manufacturing•Worldwide•Germany');
/*!40000 ALTER TABLE `sector` ENABLE KEYS */;
UNLOCK TABLES;

--
-- Temporary table structure for view `sector_instances`
--

DROP TABLE IF EXISTS `sector_instances`;
/*!50001 DROP VIEW IF EXISTS `sector_instances`*/;
SET @saved_cs_client     = @@character_set_client;
SET character_set_client = utf8;
/*!50001 CREATE VIEW `sector_instances` AS SELECT 
 1 AS `sname`,
 1 AS `quantity`*/;
SET character_set_client = @saved_cs_client;

--
-- Table structure for table `sfp1`
--

DROP TABLE IF EXISTS `sfp1`;
/*!40101 SET @saved_cs_client     = @@character_set_client */;
/*!40101 SET character_set_client = utf8 */;
CREATE TABLE `sfp1` (
  `id` smallint(5) unsigned NOT NULL AUTO_INCREMENT,
  `name` char(255) DEFAULT NULL,
  PRIMARY KEY (`id`),
  UNIQUE KEY `UC_sfp1` (`name`)
) ENGINE=InnoDB AUTO_INCREMENT=1735 DEFAULT CHARSET=utf8;
/*!40101 SET character_set_client = @saved_cs_client */;

--
-- Dumping data for table `sfp1`
--

LOCK TABLES `sfp1` WRITE;
/*!40000 ALTER TABLE `sfp1` DISABLE KEYS */;
INSERT INTO `sfp1` VALUES (1454,'Access Control'),(1497,'API'),(1419,'Authentication'),(1625,'Channel'),(1422,'Cryptography'),(1713,'Entry Points'),(1440,'Exception Management'),(1415,'Information Leak'),(1425,'Memory Access'),(1481,'Memory Management'),(1414,'None'),(1441,'Other'),(1504,'Path Resolution'),(1423,'Resource Management'),(1648,'Risky Values'),(1416,'Tainted Input');
/*!40000 ALTER TABLE `sfp1` ENABLE KEYS */;
UNLOCK TABLES;

--
-- Temporary table structure for view `sfp1_sfp2`
--

DROP TABLE IF EXISTS `sfp1_sfp2`;
/*!50001 DROP VIEW IF EXISTS `sfp1_sfp2`*/;
SET @saved_cs_client     = @@character_set_client;
SET character_set_client = utf8;
/*!50001 CREATE VIEW `sfp1_sfp2` AS SELECT 
 1 AS `name_sfp2`,
 1 AS `name_sfp1`*/;
SET character_set_client = @saved_cs_client;

--
-- Table structure for table `sfp2`
--

DROP TABLE IF EXISTS `sfp2`;
/*!40101 SET @saved_cs_client     = @@character_set_client */;
/*!40101 SET character_set_client = utf8 */;
CREATE TABLE `sfp2` (
  `id` smallint(5) unsigned NOT NULL AUTO_INCREMENT,
  `name` char(255) DEFAULT NULL,
  `sfp1` smallint(5) unsigned NOT NULL,
  PRIMARY KEY (`id`),
  UNIQUE KEY `UC_sfp2` (`name`),
  KEY `fk_sfp2_sfp1` (`sfp1`),
  CONSTRAINT `fk_sfp2_sfp1` FOREIGN KEY (`sfp1`) REFERENCES `sfp1` (`id`)
) ENGINE=InnoDB AUTO_INCREMENT=1729 DEFAULT CHARSET=utf8;
/*!40101 SET character_set_client = @saved_cs_client */;

--
-- Dumping data for table `sfp2`
--

LOCK TABLES `sfp2` WRITE;
/*!40000 ALTER TABLE `sfp2` DISABLE KEYS */;
INSERT INTO `sfp2` VALUES (1408,'None',1414),(1409,'State Disclosure',1415),(1410,'Tainted Input to Command',1416),(1412,'Exposed Data',1415),(1413,'Hardcoded Sensitive Data',1419),(1415,'Authentication Bypass',1419),(1416,'Weak Cryptography',1422),(1417,'Unrestricted Consumption',1423),(1419,'Faulty Buffer Access',1425),(1421,'Missing Authentication',1419),(1422,'Tainted Input to Variable',1416),(1424,'Incorrect Input Handling',1416),(1434,'Unchecked Status Condition',1440),(1435,'Architecture',1441),(1443,'Tainted Input to Environment',1416),(1448,'Access Management',1454),(1471,'Incorrect Buffer Length Computation',1425),(1475,'Faulty Memory Release',1481),(1479,'Faulty Resource Use',1423),(1491,'Use of an Improper API',1497),(1498,'Path Traversal',1504),(1512,'Unrestricted Authentication',1419),(1528,'Design',1441),(1619,'Channel Attack',1625),(1642,'Glitch in Computation',1648),(1661,'Faulty Endpoint Authentication',1419),(1672,'Insecure Authentication Policy',1419),(1707,'Unexpected Entry Points',1713),(1710,'Insecure Resource Permissions',1454),(1717,'Implementation',1441);
/*!40000 ALTER TABLE `sfp2` ENABLE KEYS */;
UNLOCK TABLES;

--
-- Table structure for table `vendor`
--

DROP TABLE IF EXISTS `vendor`;
/*!40101 SET @saved_cs_client     = @@character_set_client */;
/*!40101 SET character_set_client = utf8 */;
CREATE TABLE `vendor` (
  `id` smallint(5) unsigned NOT NULL AUTO_INCREMENT,
  `location` char(255) DEFAULT NULL,
  `name` char(255) DEFAULT NULL,
  PRIMARY KEY (`id`),
  UNIQUE KEY `UC_vendor` (`name`)
) ENGINE=InnoDB AUTO_INCREMENT=850 DEFAULT CHARSET=utf8;
/*!40101 SET character_set_client = @saved_cs_client */;

--
-- Dumping data for table `vendor`
--

LOCK TABLES `vendor` WRITE;
/*!40000 ALTER TABLE `vendor` DISABLE KEYS */;
INSERT INTO `vendor` VALUES (701,'United States','Computrols'),(702,'Japan','Mitsubishi Electric'),(703,'France','Schneider Electric'),(704,'Japan','Fuji Electric'),(705,'Japan','Omron'),(706,'Germany','Siemens'),(714,'Israel','Orpak (acquired by Gilbarco Veeder-Root)'),(715,'United States','General Electric'),(716,'Canada','Sierra Wireless'),(717,'Netherlands','Philips'),(718,'United States','Rockwell Automation'),(719,'Japan','Fujifilm'),(721,'Taiwan','Delta Electronics (Delta)'),(722,'United States, Germany, Switzerland, Poland, China, India','WAGO'),(723,'Null','ABB, Phoenix Contact, Schneider Electric, Siemens, WAGO'),(734,'Taiwan','Advantech'),(737,'Germany','Phoenix Contact'),(738,'Australia','ENTTEC'),(739,'Ireland','Medtronic'),(740,'United Kingdom','AVEVA'),(741,'United States','Columbia Weather Systems, Inc.'),(742,'Brazil','LCDS—Leão Consultoria e Desenvolvimento de Sistemas LTDA ME'),(743,'Netherlands','Gemalto'),(744,'Germany','PEPPERL+FUCHS'),(746,'Germany','PSI GridConnect GmbH (formerly known as PSI Nentec GmbH)'),(747,'Taiwan','Moxa'),(748,'United States','Intel'),(750,'United States','Horner Automation'),(752,'United States','Pangea Communications'),(753,'Open-source Project','gpsd Open Source Project'),(754,'United States','OSIsoft'),(756,'Germany','WIBU-SYSTEMS AG'),(762,'COMPANY HEADQUARTERS LOCATION:  United Kingdom','AVEVA Software, LLC (AVEVA)'),(764,'China','WECON Technology Co., Ltd (WECON)'),(766,'Germany','Kunbus'),(767,'United States','IDenticard'),(769,'United States','Becton, Dickinson and Company (BD)'),(770,'Japan','Yokogawa'),(775,'Germany','Dräger'),(776,'Ireland','Johnson Controls'),(777,'Japan ','Omron '),(778,'Switzerland','ABB'),(779,'United States','ControlByWeb'),(780,'Brazil','LCDS - Leão Consultoria e Desenvolvimento de Sistemas Ltda ME'),(781,'United States','Emerson'),(783,'Germany','Pilz GmbH & Co. KG (Pilz)'),(784,'United States','Tridium'),(789,'United States','Hetronic'),(792,'United States','Null'),(795,'Germany','3S-Smart Software Solutions GmbH'),(803,'Germany','Geutebrück GmbH'),(804,'United States ','GE'),(805,'Germany','McAfee'),(808,'United States','General Electric (GE)'),(811,'Switzerland','SpiderControl'),(812,'China','INVT Electric'),(814,'Canada','Teledyne DALSA'),(825,'Switzerland ','Roche Diagnostics '),(826,'United Kingdom','AVEVA Software, LLC. (AVEVA)'),(828,'Spain','Circontrol'),(829,'Switzerland','Fr. Sauter AG'),(831,'Czech Republic','GEOVAP'),(834,'Taiwan','GAIN Electronic Co. Ltd'),(835,'Taiwan','Telecrane'),(837,'Brazil','LCDS – Leão Consultoria e Desenvolvimento de Sistemas LTDA ME'),(838,'Taiwan','NUUO'),(840,'Taiwan','Delta Electronics'),(846,'China','Hangzhou Xiongmai Technology Co., Ltd'),(848,'United States','Carestream'),(849,'United States','Change Healthcare');
/*!40000 ALTER TABLE `vendor` ENABLE KEYS */;
UNLOCK TABLES;

--
-- Final view structure for view `products_by_sector`
--

/*!50001 DROP VIEW IF EXISTS `products_by_sector`*/;
/*!50001 SET @saved_cs_client          = @@character_set_client */;
/*!50001 SET @saved_cs_results         = @@character_set_results */;
/*!50001 SET @saved_col_connection     = @@collation_connection */;
/*!50001 SET character_set_client      = latin1 */;
/*!50001 SET character_set_results     = latin1 */;
/*!50001 SET collation_connection      = latin1_swedish_ci */;
/*!50001 CREATE ALGORITHM=UNDEFINED */
/*!50013 DEFINER=`root`@`localhost` SQL SECURITY DEFINER */
/*!50001 VIEW `products_by_sector` AS select `product`.`name` AS `pname`,`sector`.`name` AS `sname` from ((`product` join `sector`) join `product_sector`) where ((`product`.`id` = `product_sector`.`id_product`) and (`product_sector`.`id_sector` = `sector`.`id`)) */;
/*!50001 SET character_set_client      = @saved_cs_client */;
/*!50001 SET character_set_results     = @saved_cs_results */;
/*!50001 SET collation_connection      = @saved_col_connection */;

--
-- Final view structure for view `sector_instances`
--

/*!50001 DROP VIEW IF EXISTS `sector_instances`*/;
/*!50001 SET @saved_cs_client          = @@character_set_client */;
/*!50001 SET @saved_cs_results         = @@character_set_results */;
/*!50001 SET @saved_col_connection     = @@collation_connection */;
/*!50001 SET character_set_client      = latin1 */;
/*!50001 SET character_set_results     = latin1 */;
/*!50001 SET collation_connection      = latin1_swedish_ci */;
/*!50001 CREATE ALGORITHM=UNDEFINED */
/*!50013 DEFINER=`root`@`localhost` SQL SECURITY DEFINER */
/*!50001 VIEW `sector_instances` AS select `products_by_sector`.`sname` AS `sname`,count(0) AS `quantity` from `products_by_sector` group by `products_by_sector`.`sname` */;
/*!50001 SET character_set_client      = @saved_cs_client */;
/*!50001 SET character_set_results     = @saved_cs_results */;
/*!50001 SET collation_connection      = @saved_col_connection */;

--
-- Final view structure for view `sfp1_sfp2`
--

/*!50001 DROP VIEW IF EXISTS `sfp1_sfp2`*/;
/*!50001 SET @saved_cs_client          = @@character_set_client */;
/*!50001 SET @saved_cs_results         = @@character_set_results */;
/*!50001 SET @saved_col_connection     = @@collation_connection */;
/*!50001 SET character_set_client      = latin1 */;
/*!50001 SET character_set_results     = latin1 */;
/*!50001 SET collation_connection      = latin1_swedish_ci */;
/*!50001 CREATE ALGORITHM=UNDEFINED */
/*!50013 DEFINER=`root`@`localhost` SQL SECURITY DEFINER */
/*!50001 VIEW `sfp1_sfp2` AS select `sfp2`.`name` AS `name_sfp2`,`sfp1`.`name` AS `name_sfp1` from (`sfp1` join `sfp2`) where (`sfp2`.`sfp1` = `sfp1`.`id`) */;
/*!50001 SET character_set_client      = @saved_cs_client */;
/*!50001 SET character_set_results     = @saved_cs_results */;
/*!50001 SET collation_connection      = @saved_col_connection */;
/*!40103 SET TIME_ZONE=@OLD_TIME_ZONE */;

/*!40101 SET SQL_MODE=@OLD_SQL_MODE */;
/*!40014 SET FOREIGN_KEY_CHECKS=@OLD_FOREIGN_KEY_CHECKS */;
/*!40014 SET UNIQUE_CHECKS=@OLD_UNIQUE_CHECKS */;
/*!40101 SET CHARACTER_SET_CLIENT=@OLD_CHARACTER_SET_CLIENT */;
/*!40101 SET CHARACTER_SET_RESULTS=@OLD_CHARACTER_SET_RESULTS */;
/*!40101 SET COLLATION_CONNECTION=@OLD_COLLATION_CONNECTION */;
/*!40111 SET SQL_NOTES=@OLD_SQL_NOTES */;

-- Dump completed on 2019-05-22 18:16:09
