-- MySQL dump 10.13  Distrib 5.7.26, for Linux (x86_64)
--
-- Host: localhost    Database: cassiopee
-- ------------------------------------------------------
-- Server version	5.7.26-0ubuntu0.18.04.1

/*!40101 SET @OLD_CHARACTER_SET_CLIENT=@@CHARACTER_SET_CLIENT */;
/*!40101 SET @OLD_CHARACTER_SET_RESULTS=@@CHARACTER_SET_RESULTS */;
/*!40101 SET @OLD_COLLATION_CONNECTION=@@COLLATION_CONNECTION */;
/*!40101 SET NAMES utf8 */;
/*!40103 SET @OLD_TIME_ZONE=@@TIME_ZONE */;
/*!40103 SET TIME_ZONE='+00:00' */;
/*!40014 SET @OLD_UNIQUE_CHECKS=@@UNIQUE_CHECKS, UNIQUE_CHECKS=0 */;
/*!40014 SET @OLD_FOREIGN_KEY_CHECKS=@@FOREIGN_KEY_CHECKS, FOREIGN_KEY_CHECKS=0 */;
/*!40101 SET @OLD_SQL_MODE=@@SQL_MODE, SQL_MODE='NO_AUTO_VALUE_ON_ZERO' */;
/*!40111 SET @OLD_SQL_NOTES=@@SQL_NOTES, SQL_NOTES=0 */;

--
-- Table structure for table `countries`
--

DROP TABLE IF EXISTS `countries`;
/*!40101 SET @saved_cs_client     = @@character_set_client */;
/*!40101 SET character_set_client = utf8 */;
CREATE TABLE `countries` (
  `id` smallint(5) unsigned NOT NULL AUTO_INCREMENT,
  `code` varchar(2) DEFAULT '',
  `name` char(255) NOT NULL DEFAULT '',
  PRIMARY KEY (`id`),
  UNIQUE KEY `UC_countries` (`name`)
) ENGINE=InnoDB AUTO_INCREMENT=268 DEFAULT CHARSET=utf8;
/*!40101 SET character_set_client = @saved_cs_client */;

--
-- Dumping data for table `countries`
--

LOCK TABLES `countries` WRITE;
/*!40000 ALTER TABLE `countries` DISABLE KEYS */;
INSERT INTO `countries` VALUES (1,'AF','Afghanistan'),(2,'AL','Albania'),(3,'DZ','Algeria'),(4,'DS','American Samoa'),(5,'AD','Andorra'),(6,'AO','Angola'),(7,'AI','Anguilla'),(8,'AQ','Antarctica'),(9,'AG','Antigua and Barbuda'),(10,'AR','Argentina'),(11,'AM','Armenia'),(12,'AW','Aruba'),(13,'AU','Australia'),(14,'AT','Austria'),(15,'AZ','Azerbaijan'),(16,'BS','Bahamas'),(17,'BH','Bahrain'),(18,'BD','Bangladesh'),(19,'BB','Barbados'),(20,'BY','Belarus'),(21,'BE','Belgium'),(22,'BZ','Belize'),(23,'BJ','Benin'),(24,'BM','Bermuda'),(25,'BT','Bhutan'),(26,'BO','Bolivia'),(27,'BA','Bosnia and Herzegovina'),(28,'BW','Botswana'),(29,'BV','Bouvet Island'),(30,'BR','Brazil'),(31,'IO','British Indian Ocean Territory'),(32,'BN','Brunei Darussalam'),(33,'BG','Bulgaria'),(34,'BF','Burkina Faso'),(35,'BI','Burundi'),(36,'KH','Cambodia'),(37,'CM','Cameroon'),(38,'CA','Canada'),(39,'CV','Cape Verde'),(40,'KY','Cayman Islands'),(41,'CF','Central African Republic'),(42,'TD','Chad'),(43,'CL','Chile'),(44,'CN','China'),(45,'CX','Christmas Island'),(46,'CC','Cocos (Keeling) Islands'),(47,'CO','Colombia'),(48,'KM','Comoros'),(49,'CG','Congo'),(50,'CK','Cook Islands'),(51,'CR','Costa Rica'),(52,'HR','Croatia (Hrvatska)'),(53,'CU','Cuba'),(54,'CY','Cyprus'),(55,'CZ','Czech Republic'),(56,'DK','Denmark'),(57,'DJ','Djibouti'),(58,'DM','Dominica'),(59,'DO','Dominican Republic'),(60,'TP','East Timor'),(61,'EC','Ecuador'),(62,'EG','Egypt'),(63,'SV','El Salvador'),(64,'GQ','Equatorial Guinea'),(65,'ER','Eritrea'),(66,'EE','Estonia'),(67,'ET','Ethiopia'),(68,'FK','Falkland Islands (Malvinas)'),(69,'FO','Faroe Islands'),(70,'FJ','Fiji'),(71,'FI','Finland'),(72,'FR','France'),(73,'FX','France, Metropolitan'),(74,'GF','French Guiana'),(75,'PF','French Polynesia'),(76,'TF','French Southern Territories'),(77,'GA','Gabon'),(78,'GM','Gambia'),(79,'GE','Georgia'),(80,'DE','Germany'),(81,'GH','Ghana'),(82,'GI','Gibraltar'),(83,'GK','Guernsey'),(84,'GR','Greece'),(85,'GL','Greenland'),(86,'GD','Grenada'),(87,'GP','Guadeloupe'),(88,'GU','Guam'),(89,'GT','Guatemala'),(90,'GN','Guinea'),(91,'GW','Guinea-Bissau'),(92,'GY','Guyana'),(93,'HT','Haiti'),(94,'HM','Heard and Mc Donald Islands'),(95,'HN','Honduras'),(96,'HK','Hong Kong'),(97,'HU','Hungary'),(98,'IS','Iceland'),(99,'IN','India'),(100,'IM','Isle of Man'),(101,'ID','Indonesia'),(102,'IR','Iran (Islamic Republic of)'),(103,'IQ','Iraq'),(104,'IE','Ireland'),(105,'IL','Israel'),(106,'IT','Italy'),(107,'CI','Ivory Coast'),(108,'JE','Jersey'),(109,'JM','Jamaica'),(110,'JP','Japan'),(111,'JO','Jordan'),(112,'KZ','Kazakhstan'),(113,'KE','Kenya'),(114,'KI','Kiribati'),(115,'KP','Korea, Democratic People\'s Republic of'),(116,'KR','Korea, Republic of'),(117,'XK','Kosovo'),(118,'KW','Kuwait'),(119,'KG','Kyrgyzstan'),(120,'LA','Lao People\'s Democratic Republic'),(121,'LV','Latvia'),(122,'LB','Lebanon'),(123,'LS','Lesotho'),(124,'LR','Liberia'),(125,'LY','Libyan Arab Jamahiriya'),(126,'LI','Liechtenstein'),(127,'LT','Lithuania'),(128,'LU','Luxembourg'),(129,'MO','Macau'),(130,'MK','Macedonia'),(131,'MG','Madagascar'),(132,'MW','Malawi'),(133,'MY','Malaysia'),(134,'MV','Maldives'),(135,'ML','Mali'),(136,'MT','Malta'),(137,'MH','Marshall Islands'),(138,'MQ','Martinique'),(139,'MR','Mauritania'),(140,'MU','Mauritius'),(141,'TY','Mayotte'),(142,'MX','Mexico'),(143,'FM','Micronesia, Federated States of'),(144,'MD','Moldova, Republic of'),(145,'MC','Monaco'),(146,'MN','Mongolia'),(147,'ME','Montenegro'),(148,'MS','Montserrat'),(149,'MA','Morocco'),(150,'MZ','Mozambique'),(151,'MM','Myanmar'),(152,'NA','Namibia'),(153,'NR','Nauru'),(154,'NP','Nepal'),(155,'NL','Netherlands'),(156,'AN','Netherlands Antilles'),(157,'NC','New Caledonia'),(158,'NZ','New Zealand'),(159,'NI','Nicaragua'),(160,'NE','Niger'),(161,'NG','Nigeria'),(162,'NU','Niue'),(163,'NF','Norfolk Island'),(164,'MP','Northern Mariana Islands'),(165,'NO','Norway'),(166,'OM','Oman'),(167,'PK','Pakistan'),(168,'PW','Palau'),(169,'PS','Palestine'),(170,'PA','Panama'),(171,'PG','Papua New Guinea'),(172,'PY','Paraguay'),(173,'PE','Peru'),(174,'PH','Philippines'),(175,'PN','Pitcairn'),(176,'PL','Poland'),(177,'PT','Portugal'),(178,'PR','Puerto Rico'),(179,'QA','Qatar'),(180,'RE','Reunion'),(181,'RO','Romania'),(182,'RU','Russian Federation'),(183,'RW','Rwanda'),(184,'KN','Saint Kitts and Nevis'),(185,'LC','Saint Lucia'),(186,'VC','Saint Vincent and the Grenadines'),(187,'WS','Samoa'),(188,'SM','San Marino'),(189,'ST','Sao Tome and Principe'),(190,'SA','Saudi Arabia'),(191,'SN','Senegal'),(192,'RS','Serbia'),(193,'SC','Seychelles'),(194,'SL','Sierra Leone'),(195,'SG','Singapore'),(196,'SK','Slovakia'),(197,'SI','Slovenia'),(198,'SB','Solomon Islands'),(199,'SO','Somalia'),(200,'ZA','South Africa'),(201,'GS','South Georgia South Sandwich Islands'),(202,'SS','South Sudan'),(203,'ES','Spain'),(204,'LK','Sri Lanka'),(205,'SH','St. Helena'),(206,'PM','St. Pierre and Miquelon'),(207,'SD','Sudan'),(208,'SR','Suriname'),(209,'SJ','Svalbard and Jan Mayen Islands'),(210,'SZ','Swaziland'),(211,'SE','Sweden'),(212,'CH','Switzerland'),(213,'SY','Syrian Arab Republic'),(214,'TW','Taiwan'),(215,'TJ','Tajikistan'),(216,'TZ','Tanzania, United Republic of'),(217,'TH','Thailand'),(218,'TG','Togo'),(219,'TK','Tokelau'),(220,'TO','Tonga'),(221,'TT','Trinidad and Tobago'),(222,'TN','Tunisia'),(223,'TR','Turkey'),(224,'TM','Turkmenistan'),(225,'TC','Turks and Caicos Islands'),(226,'TV','Tuvalu'),(227,'UG','Uganda'),(228,'UA','Ukraine'),(229,'AE','United Arab Emirates'),(230,'GB','United Kingdom'),(231,'US','United States'),(232,'UM','United States minor outlying islands'),(233,'UY','Uruguay'),(234,'UZ','Uzbekistan'),(235,'VU','Vanuatu'),(236,'VA','Vatican City State'),(237,'VE','Venezuela'),(238,'VN','Vietnam'),(239,'VG','Virgin Islands (British)'),(240,'VI','Virgin Islands (U.S.)'),(241,'WF','Wallis and Futuna Islands'),(242,'EH','Western Sahara'),(243,'YE','Yemen'),(244,'ZR','Zaire'),(245,'ZM','Zambia'),(246,'ZW','Zimbabwe'),(247,'WW','Worldwide'),(249,NULL,'Null'),(250,NULL,'East Asia'),(251,NULL,'and Europe'),(252,NULL,'South America'),(253,NULL,'COUNTRIES/AREAS DEPLOYED:  Worldwide'),(254,NULL,'•Critical Manufacturing•Worldwide•Germany'),(255,NULL,'Worldwide '),(256,NULL,'Europe and Asia'),(257,NULL,'United States '),(258,NULL,'North America'),(259,NULL,'European Union'),(260,NULL,'Chemical,United States'),(261,NULL,'Asia and Europe'),(262,NULL,'Inconnu'),(263,NULL,'and India'),(264,NULL,'•Chemical'),(265,NULL,'Energy'),(266,NULL,'Food and Agriculture'),(267,NULL,'and Water and Wastewater Systems•Worldwide•Germany');
/*!40000 ALTER TABLE `countries` ENABLE KEYS */;
UNLOCK TABLES;

--
-- Temporary table structure for view `countries_instances`
--

DROP TABLE IF EXISTS `countries_instances`;
/*!50001 DROP VIEW IF EXISTS `countries_instances`*/;
SET @saved_cs_client     = @@character_set_client;
SET character_set_client = utf8;
/*!50001 CREATE VIEW `countries_instances` AS SELECT 
 1 AS `countries`,
 1 AS `quantity`*/;
SET character_set_client = @saved_cs_client;

--
-- Table structure for table `cve`
--

DROP TABLE IF EXISTS `cve`;
/*!40101 SET @saved_cs_client     = @@character_set_client */;
/*!40101 SET character_set_client = utf8 */;
CREATE TABLE `cve` (
  `id` smallint(5) unsigned NOT NULL AUTO_INCREMENT,
  `date_creation` date DEFAULT NULL,
  `cvss` smallint(5) unsigned NOT NULL,
  `cwe` smallint(5) unsigned NOT NULL,
  `name` char(255) DEFAULT NULL,
  `link` text,
  `date_publication` date DEFAULT NULL,
  PRIMARY KEY (`id`),
  KEY `fk_cve_cvss` (`cvss`),
  KEY `fk_cve_cwe` (`cwe`),
  CONSTRAINT `fk_cve_cvss` FOREIGN KEY (`cvss`) REFERENCES `cvss` (`id`),
  CONSTRAINT `fk_cve_cwe` FOREIGN KEY (`cwe`) REFERENCES `cwe` (`id`)
) ENGINE=InnoDB AUTO_INCREMENT=5292 DEFAULT CHARSET=utf8;
/*!40101 SET character_set_client = @saved_cs_client */;

--
-- Dumping data for table `cve`
--

LOCK TABLES `cve` WRITE;
/*!40000 ALTER TABLE `cve` DISABLE KEYS */;
INSERT INTO `cve` VALUES (4311,'2019-01-01',4380,4365,'CVE-2019-6530','http://web.nvd.nist.gov/view/vuln/detail?vulnId=CVE-2019-6530',NULL),(4312,'2019-01-01',4380,4366,'CVE-2019-6532','http://web.nvd.nist.gov/view/vuln/detail?vulnId=CVE-2019-6532',NULL),(4313,'2018-01-01',4382,4367,'CVE-2018-7559','http://web.nvd.nist.gov/view/vuln/detail?vulnId=CVE-2018-7559','2018-06-13'),(4314,'2019-01-01',4383,4368,'CVE-2019-10998','http://web.nvd.nist.gov/view/vuln/detail?vulnId=CVE-2019-10998',NULL),(4315,'2019-01-01',4384,4369,'CVE-2019-10997','http://web.nvd.nist.gov/view/vuln/detail?vulnId=CVE-2019-10997',NULL),(4316,'2019-01-01',4385,4370,'CVE-2019-9744','http://web.nvd.nist.gov/view/vuln/detail?vulnId=CVE-2019-9744','2019-03-26'),(4317,'2019-01-01',4386,4371,'CVE-2019-10957','http://web.nvd.nist.gov/view/vuln/detail?vulnId=CVE-2019-10957',NULL),(4318,'2019-01-01',4387,4372,'CVE-2019-10956','http://web.nvd.nist.gov/view/vuln/detail?vulnId=CVE-2019-10956',NULL),(4319,'2019-01-01',4387,4373,'CVE-2019-10958','http://web.nvd.nist.gov/view/vuln/detail?vulnId=CVE-2019-10958',NULL),(4320,'2019-01-01',4389,4374,'CVE-2019-10981','http://web.nvd.nist.gov/view/vuln/detail?vulnId=CVE-2019-10981','2019-05-31'),(4321,'2019-01-01',4390,4375,'CVE-2019-10967','http://web.nvd.nist.gov/view/vuln/detail?vulnId=CVE-2019-10967','2019-05-28'),(4322,'2019-01-01',4391,4376,'CVE-2019-10965','http://web.nvd.nist.gov/view/vuln/detail?vulnId=CVE-2019-10965','2019-05-28'),(4323,'2019-01-01',4392,4377,'CVE-2019-10847','http://web.nvd.nist.gov/view/vuln/detail?vulnId=CVE-2019-10847','2019-05-24'),(4324,'2019-01-01',4393,4378,'CVE-2019-10848','http://web.nvd.nist.gov/view/vuln/detail?vulnId=CVE-2019-10848','2019-05-24'),(4325,'2019-01-01',4394,4379,'CVE-2019-10846','http://web.nvd.nist.gov/view/vuln/detail?vulnId=CVE-2019-10846','2019-05-23'),(4326,'2019-01-01',4395,4380,'CVE-2019-10854','http://web.nvd.nist.gov/view/vuln/detail?vulnId=CVE-2019-10854','2019-05-23'),(4327,'2019-01-01',4396,4381,'CVE-2019-10849','http://web.nvd.nist.gov/view/vuln/detail?vulnId=CVE-2019-10849','2019-05-23'),(4328,'2019-01-01',4397,4382,'CVE-2019-10851','http://web.nvd.nist.gov/view/vuln/detail?vulnId=CVE-2019-10851','2019-05-23'),(4329,'2019-01-01',4398,4383,'CVE-2019-10852','http://web.nvd.nist.gov/view/vuln/detail?vulnId=CVE-2019-10852','2019-05-23'),(4330,'2019-01-01',4399,4384,'CVE-2019-10853','http://web.nvd.nist.gov/view/vuln/detail?vulnId=CVE-2019-10853','2019-05-23'),(4331,'2019-01-01',4393,4385,'CVE-2019-10855','http://web.nvd.nist.gov/view/vuln/detail?vulnId=CVE-2019-10855','2019-05-23'),(4332,'2019-01-01',4384,4386,'CVE-2019-10977','http://web.nvd.nist.gov/view/vuln/detail?vulnId=CVE-2019-10977','2019-05-23'),(4333,'2018-01-01',4402,4387,'CVE-2018-6821','http://web.nvd.nist.gov/view/vuln/detail?vulnId=CVE-2018-6821',NULL),(4334,'2019-01-01',4403,4388,'CVE-2019-10975','http://web.nvd.nist.gov/view/vuln/detail?vulnId=CVE-2019-10975',NULL),(4335,'2019-01-01',4380,4389,'CVE-2019-10971','http://web.nvd.nist.gov/view/vuln/detail?vulnId=CVE-2019-10971',NULL),(4336,'2019-01-01',4405,4390,'CVE-2019-10922','http://web.nvd.nist.gov/view/vuln/detail?vulnId=CVE-2019-10922','2019-05-14'),(4337,'2019-01-01',4406,4391,'CVE-2019-10924','http://web.nvd.nist.gov/view/vuln/detail?vulnId=CVE-2019-10924','2019-05-14'),(4338,'2019-01-01',4407,4392,'CVE-2019-10919','http://web.nvd.nist.gov/view/vuln/detail?vulnId=CVE-2019-10919','2019-05-14'),(4339,'2019-01-01',4396,4393,'CVE-2019-10920','http://web.nvd.nist.gov/view/vuln/detail?vulnId=CVE-2019-10920','2019-05-14'),(4340,'2019-01-01',4396,4394,'CVE-2019-10921','http://web.nvd.nist.gov/view/vuln/detail?vulnId=CVE-2019-10921','2019-05-14'),(4341,'2019-01-01',4384,4395,'CVE-2019-6578','http://web.nvd.nist.gov/view/vuln/detail?vulnId=CVE-2019-6578','2019-05-14'),(4342,'2019-01-01',4384,4396,'CVE-2019-6574','http://web.nvd.nist.gov/view/vuln/detail?vulnId=CVE-2019-6574','2019-05-14'),(4343,'2018-01-01',4405,4397,'CVE-2018-7084','http://web.nvd.nist.gov/view/vuln/detail?vulnId=CVE-2018-7084','2019-05-10'),(4344,'2018-01-01',4396,4398,'CVE-2018-7083','http://web.nvd.nist.gov/view/vuln/detail?vulnId=CVE-2018-7083','2019-05-10'),(4345,'2018-01-01',4396,4399,'CVE-2018-16417','http://web.nvd.nist.gov/view/vuln/detail?vulnId=CVE-2018-16417',NULL),(4346,'2018-01-01',4387,4400,'CVE-2018-7082','http://web.nvd.nist.gov/view/vuln/detail?vulnId=CVE-2018-7082','2019-05-10'),(4347,'2018-01-01',4416,4401,'CVE-2018-7064','http://web.nvd.nist.gov/view/vuln/detail?vulnId=CVE-2018-7064','2019-05-10'),(4348,'2019-01-01',4417,4402,'CVE-2019-10916','http://web.nvd.nist.gov/view/vuln/detail?vulnId=CVE-2019-10916','2019-05-14'),(4349,'2019-01-01',4403,4403,'CVE-2019-10917','http://web.nvd.nist.gov/view/vuln/detail?vulnId=CVE-2019-10917','2019-05-14'),(4350,'2019-01-01',4395,4404,'CVE-2019-10918','http://web.nvd.nist.gov/view/vuln/detail?vulnId=CVE-2019-10918','2019-05-14'),(4351,'2019-01-01',4420,4405,'CVE-2019-6572','http://web.nvd.nist.gov/view/vuln/detail?vulnId=CVE-2019-6572','2019-05-14'),(4352,'2019-01-01',4421,4406,'CVE-2019-6576','http://web.nvd.nist.gov/view/vuln/detail?vulnId=CVE-2019-6576','2019-05-14'),(4353,'2019-01-01',4422,4407,'CVE-2019-6577','http://web.nvd.nist.gov/view/vuln/detail?vulnId=CVE-2019-6577','2019-05-14'),(4354,'2017-01-01',4405,4408,'CVE-2017-14728','http://web.nvd.nist.gov/view/vuln/detail?vulnId=CVE-2017-14728','2019-06-03'),(4355,'2017-01-01',4424,4409,'CVE-2017-14850','http://web.nvd.nist.gov/view/vuln/detail?vulnId=CVE-2017-14850','2019-06-03'),(4356,'2017-01-01',4407,4410,'CVE-2017-14851','http://web.nvd.nist.gov/view/vuln/detail?vulnId=CVE-2017-14851','2019-06-03'),(4357,'2017-01-01',4426,4411,'CVE-2017-14852','https://nvd.nist.gov/vuln/detail/CVE-2017-14852','2019-06-03'),(4358,'2017-01-01',4427,4412,'CVE-2017-14853','https://nvd.nist.gov/vuln/detail/CVE-2017-14853','2019-06-03'),(4359,'2017-01-01',4428,4413,'CVE-2017-14854','http://web.nvd.nist.gov/view/vuln/detail?vulnId=CVE-2017-14854','2019-06-03'),(4360,'2019-01-01',4406,4414,'CVE-2019-6564','http://web.nvd.nist.gov/view/vuln/detail?vulnId=CVE-2019-6564','2019-05-09'),(4361,'2019-01-01',4406,4415,'CVE-2019-6546','http://web.nvd.nist.gov/view/vuln/detail?vulnId=CVE-2019-6546','2019-05-09'),(4362,'2019-01-01',4399,4416,'CVE-2019-6548','http://web.nvd.nist.gov/view/vuln/detail?vulnId=CVE-2019-6548','2019-05-09'),(4363,'2019-01-01',4432,4417,'CVE-2019-6544','http://web.nvd.nist.gov/view/vuln/detail?vulnId=CVE-2019-6544','2019-05-09'),(4364,'2019-01-01',4380,4418,'CVE-2019-6566','http://web.nvd.nist.gov/view/vuln/detail?vulnId=CVE-2019-6566','2019-05-09'),(4365,'2018-01-01',4417,4419,'CVE-2018-4061','http://web.nvd.nist.gov/view/vuln/detail?vulnId=CVE-2018-4061','2019-05-06'),(4366,'2018-01-01',4435,4420,'CVE-2018-4062','http://web.nvd.nist.gov/view/vuln/detail?vulnId=CVE-2018-4062','2019-05-06'),(4367,'2018-01-01',4417,4421,'CVE-2018-4063','http://web.nvd.nist.gov/view/vuln/detail?vulnId=CVE-2018-4063','2019-05-06'),(4368,'2018-01-01',4424,4422,'CVE-2018-4065','http://web.nvd.nist.gov/view/vuln/detail?vulnId=CVE-2018-4065','2019-05-06'),(4369,'2018-01-01',4438,4423,'CVE-2018-4066','http://web.nvd.nist.gov/view/vuln/detail?vulnId=CVE-2018-4066','2019-05-06'),(4370,'2018-01-01',4439,4424,'CVE-2018-4067','http://web.nvd.nist.gov/view/vuln/detail?vulnId=CVE-2018-4067','2019-05-06'),(4371,'2018-01-01',4421,4425,'CVE-2018-4069','http://web.nvd.nist.gov/view/vuln/detail?vulnId=CVE-2018-4069','2019-05-06'),(4372,'2019-01-01',4441,4426,'CVE-2019-6562','http://web.nvd.nist.gov/view/vuln/detail?vulnId=CVE-2019-6562','2019-05-01'),(4373,'2019-01-01',4442,4427,'CVE-2019-10952','http://web.nvd.nist.gov/view/vuln/detail?vulnId=CVE-2019-10952','2019-05-01'),(4374,'2019-01-01',4443,4428,'CVE-2019-10954','http://web.nvd.nist.gov/view/vuln/detail?vulnId=CVE-2019-10954','2019-05-01'),(4375,'2019-01-01',4384,4429,'CVE-2019-10948','http://web.nvd.nist.gov/view/vuln/detail?vulnId=CVE-2019-10948','2019-04-30'),(4376,'2019-01-01',4405,4430,'CVE-2019-10950','http://web.nvd.nist.gov/view/vuln/detail?vulnId=CVE-2019-10950','2019-04-30'),(4377,'2019-01-01',4446,4431,'CVE-2019-10955','http://web.nvd.nist.gov/view/vuln/detail?vulnId=CVE-2019-10955','2019-04-25'),(4378,'2019-01-01',4406,4432,'CVE-2019-10947','http://web.nvd.nist.gov/view/vuln/detail?vulnId=CVE-2019-10947','2019-04-17'),(4379,'2019-01-01',4406,4433,'CVE-2019-10951','http://web.nvd.nist.gov/view/vuln/detail?vulnId=CVE-2019-10951','2019-04-17'),(4380,'2019-01-01',4449,4434,'CVE-2019-10949','http://web.nvd.nist.gov/view/vuln/detail?vulnId=CVE-2019-10949','2019-04-17'),(4381,'2019-01-01',4405,4435,'CVE-2019-10712','http://web.nvd.nist.gov/view/vuln/detail?vulnId=CVE-2019-10712','2019-05-07'),(4382,'2019-01-01',4384,4436,'CVE-2019-10953','http://web.nvd.nist.gov/view/vuln/detail?vulnId=CVE-2019-10953','2019-04-17'),(4383,'2017-01-01',4384,4437,'CVE-2017-12741','http://web.nvd.nist.gov/view/vuln/detail?vulnId=CVE-2017-12741','2019-04-17'),(4384,'2019-01-01',4453,4438,'CVE-2019-6579','http://web.nvd.nist.gov/view/vuln/detail?vulnId=CVE-2019-6579','2019-04-24'),(4385,'2019-01-01',4384,4439,'CVE-2019-6575','http://web.nvd.nist.gov/view/vuln/detail?vulnId=CVE-2019-6575','2019-05-14'),(4386,'2018-01-01',4455,4440,'CVE-2018-14618','http://web.nvd.nist.gov/view/vuln/detail?vulnId=CVE-2018-14618','2018-09-05'),(4387,'2018-01-01',4384,4441,'CVE-2018-16890','http://web.nvd.nist.gov/view/vuln/detail?vulnId=CVE-2018-16890','2019-02-06'),(4388,'2019-01-01',4399,4442,'CVE-2019-3822','http://web.nvd.nist.gov/view/vuln/detail?vulnId=CVE-2019-3822','2019-02-06'),(4389,'2019-01-01',4458,4443,'CVE-2019-6570','http://web.nvd.nist.gov/view/vuln/detail?vulnId=CVE-2019-6570','2019-04-17'),(4390,'2018-01-01',4405,4444,'CVE-2018-5379','http://web.nvd.nist.gov/view/vuln/detail?vulnId=CVE-2018-5379','2018-02-19'),(4391,'2018-01-01',4460,4445,'CVE-2018-5380','http://web.nvd.nist.gov/view/vuln/detail?vulnId=CVE-2018-5380','2018-02-19'),(4392,'2018-01-01',4384,4446,'CVE-2018-5381','http://web.nvd.nist.gov/view/vuln/detail?vulnId=CVE-2018-5381','2018-02-19'),(4393,'2019-01-01',4384,4447,'CVE-2019-6568','http://web.nvd.nist.gov/view/vuln/detail?vulnId=CVE-2019-6568','2019-05-14'),(4394,'2019-01-01',4463,4448,'CVE-2019-6556','http://web.nvd.nist.gov/view/vuln/detail?vulnId=CVE-2019-6556','2019-04-10'),(4395,'2018-01-01',4464,4449,'CVE-2018-15377','http://web.nvd.nist.gov/view/vuln/detail?vulnId=CVE-2018-15377','2018-10-05'),(4396,'2018-01-01',4465,4450,'CVE-2018-0466','http://web.nvd.nist.gov/view/vuln/detail?vulnId=CVE-2018-0466','2018-10-05'),(4397,'2018-01-01',4443,4451,'CVE-2018-0470','http://web.nvd.nist.gov/view/vuln/detail?vulnId=CVE-2018-0470','2018-10-05'),(4398,'2018-01-01',4384,4452,'CVE-2018-0473','http://web.nvd.nist.gov/view/vuln/detail?vulnId=CVE-2018-0473','2018-10-05'),(4399,'2018-01-01',4443,4453,'CVE-2018-0467','http://web.nvd.nist.gov/view/vuln/detail?vulnId=CVE-2018-0467','2018-10-05'),(4400,'2018-01-01',4465,4454,'CVE-2018-15373','http://web.nvd.nist.gov/view/vuln/detail?vulnId=CVE-2018-15373','2018-10-05'),(4401,'2018-01-01',4443,4455,'CVE-2018-0472','http://web.nvd.nist.gov/view/vuln/detail?vulnId=CVE-2018-0472','2018-10-05'),(4402,'2019-01-01',4405,4456,'CVE-2019-6552','http://web.nvd.nist.gov/view/vuln/detail?vulnId=CVE-2019-6552','2019-04-05'),(4403,'2019-01-01',4405,4457,'CVE-2019-6550','http://web.nvd.nist.gov/view/vuln/detail?vulnId=CVE-2019-6550','2019-04-05'),(4404,'2019-01-01',4384,4458,'CVE-2019-6554','http://web.nvd.nist.gov/view/vuln/detail?vulnId=CVE-2019-6554','2019-04-05'),(4405,'2018-01-01',4384,4459,'CVE-2018-19282','http://web.nvd.nist.gov/view/vuln/detail?vulnId=CVE-2018-19282','2019-04-04'),(4406,'2019-01-01',4475,4460,'CVE-2019-6569','http://web.nvd.nist.gov/view/vuln/detail?vulnId=CVE-2019-6569','2019-03-26'),(4407,'2019-01-01',4476,4461,'CVE-2019-9743','http://web.nvd.nist.gov/view/vuln/detail?vulnId=CVE-2019-9743','2019-03-26'),(4408,'2019-01-01',4384,4462,'CVE-2019-6542','http://web.nvd.nist.gov/view/vuln/detail?vulnId=CVE-2019-6542','2019-03-28'),(4409,'2019-01-01',4478,4463,'CVE-2019-6538','http://web.nvd.nist.gov/view/vuln/detail?vulnId=CVE-2019-6538','2019-03-25'),(4410,'2019-01-01',4479,4464,'CVE-2019-6540','http://web.nvd.nist.gov/view/vuln/detail?vulnId=CVE-2019-6540','2019-03-26'),(4411,'2019-01-01',4480,4465,'CVE-2019-6534','https://nvd.nist.gov/vuln/detail/CVE-2019-6534','2019-04-11'),(4412,'2018-01-01',4481,4466,'CVE-2018-18875','http://web.nvd.nist.gov/view/vuln/detail?vulnId=CVE-2018-18875',NULL),(4413,'2018-01-01',4393,4467,'CVE-2018-18876','http://web.nvd.nist.gov/view/vuln/detail?vulnId=CVE-2018-18876',NULL),(4414,'2018-01-01',4405,4468,'CVE-2018-18877','http://web.nvd.nist.gov/view/vuln/detail?vulnId=CVE-2018-18877',NULL),(4415,'2018-01-01',4384,4469,'CVE-2018-18878','http://web.nvd.nist.gov/view/vuln/detail?vulnId=CVE-2018-18878',NULL),(4416,'2018-01-01',4405,4470,'CVE-2018-18879','http://web.nvd.nist.gov/view/vuln/detail?vulnId=CVE-2018-18879',NULL),(4417,'2018-01-01',4481,4471,'CVE-2018-18880','http://web.nvd.nist.gov/view/vuln/detail?vulnId=CVE-2018-18880',NULL),(4418,'2019-01-01',4406,4472,'CVE-2019-6536','http://web.nvd.nist.gov/view/vuln/detail?vulnId=CVE-2019-6536','2019-03-27'),(4419,'2019-01-01',4480,4473,'CVE-2019-6534','https://nvd.nist.gov/vuln/detail/CVE-2019-6534','2019-04-11'),(4420,'2018-01-01',4393,4474,'CVE-2018-16059','http://web.nvd.nist.gov/view/vuln/detail?vulnId=CVE-2018-16059','2018-09-07'),(4421,'2019-01-01',4453,4475,'CVE-2019-6553','http://web.nvd.nist.gov/view/vuln/detail?vulnId=CVE-2019-6553','2019-04-04'),(4422,'2019-01-01',4491,4476,'CVE-2019-6528','http://web.nvd.nist.gov/view/vuln/detail?vulnId=CVE-2019-6528','2019-03-05'),(4423,'2019-01-01',4384,4477,'CVE-2019-6557','http://web.nvd.nist.gov/view/vuln/detail?vulnId=CVE-2019-6557','2019-03-05'),(4424,'2019-01-01',4385,4478,'CVE-2019-6561','http://web.nvd.nist.gov/view/vuln/detail?vulnId=CVE-2019-6561','2019-03-05'),(4425,'2019-01-01',4385,4479,'CVE-2019-6565','http://web.nvd.nist.gov/view/vuln/detail?vulnId=CVE-2019-6565','2019-03-05'),(4426,'2019-01-01',4384,4480,'CVE-2019-6520','http://web.nvd.nist.gov/view/vuln/detail?vulnId=CVE-2019-6520','2019-03-05'),(4427,'2019-01-01',4384,4481,'CVE-2019-6524','http://web.nvd.nist.gov/view/vuln/detail?vulnId=CVE-2019-6524','2019-03-05'),(4428,'2019-01-01',4384,4482,'CVE-2019-6526','http://web.nvd.nist.gov/view/vuln/detail?vulnId=CVE-2019-6526','2019-04-15'),(4429,'2019-01-01',4384,4483,'CVE-2019-6522','http://web.nvd.nist.gov/view/vuln/detail?vulnId=CVE-2019-6522','2019-03-05'),(4430,'2019-01-01',4396,4484,'CVE-2019-6518','http://web.nvd.nist.gov/view/vuln/detail?vulnId=CVE-2019-6518','2019-03-05'),(4431,'2019-01-01',4405,4485,'CVE-2019-6563','http://web.nvd.nist.gov/view/vuln/detail?vulnId=CVE-2019-6563','2019-03-05'),(4432,'2019-01-01',4384,4486,'CVE-2019-6559','http://web.nvd.nist.gov/view/vuln/detail?vulnId=CVE-2019-6559','2019-03-05'),(4433,'2019-01-01',4502,4487,'CVE-2019-0102','http://web.nvd.nist.gov/view/vuln/detail?vulnId=CVE-2019-0102','2019-02-18'),(4434,'2019-01-01',4503,4488,'CVE-2019-0103','http://web.nvd.nist.gov/view/vuln/detail?vulnId=CVE-2019-0103','2019-02-18'),(4435,'2019-01-01',4503,4489,'CVE-2019-0104','http://web.nvd.nist.gov/view/vuln/detail?vulnId=CVE-2019-0104','2019-02-18'),(4436,'2019-01-01',4505,4490,'CVE-2019-0105','http://web.nvd.nist.gov/view/vuln/detail?vulnId=CVE-2019-0105','2019-02-18'),(4437,'2019-01-01',4506,4491,'CVE-2019-0106','http://web.nvd.nist.gov/view/vuln/detail?vulnId=CVE-2019-0106','2019-02-18'),(4438,'2019-01-01',4507,4492,'CVE-2019-0107','http://web.nvd.nist.gov/view/vuln/detail?vulnId=CVE-2019-0107','2019-02-18'),(4439,'2019-01-01',4508,4493,'CVE-2019-0108','http://web.nvd.nist.gov/view/vuln/detail?vulnId=CVE-2019-0108','2019-02-18'),(4440,'2019-01-01',4509,4494,'CVE-2019-0109','http://web.nvd.nist.gov/view/vuln/detail?vulnId=CVE-2019-0109','2019-02-18'),(4441,'2019-01-01',4510,4495,'CVE-2019-0110','http://web.nvd.nist.gov/view/vuln/detail?vulnId=CVE-2019-0110','2019-02-18'),(4442,'2019-01-01',4511,4496,'CVE-2019-0111','http://web.nvd.nist.gov/view/vuln/detail?vulnId=CVE-2019-0111','2019-02-18'),(4443,'2019-01-01',4512,4497,'CVE-2019-0112','http://web.nvd.nist.gov/view/vuln/detail?vulnId=CVE-2019-0112','2019-02-18'),(4444,'2019-01-01',4513,4498,'CVE-2019-6547','http://web.nvd.nist.gov/view/vuln/detail?vulnId=CVE-2019-6547','2019-02-28'),(4445,'2019-01-01',4406,4499,'CVE-2019-6555','http://web.nvd.nist.gov/view/vuln/detail?vulnId=CVE-2019-6555','2019-02-28'),(4446,'2018-01-01',4424,4500,'CVE-2018-19615','http://web.nvd.nist.gov/view/vuln/detail?vulnId=CVE-2018-19615','2019-03-18'),(4447,'2018-01-01',4405,4501,'CVE-2018-19616','http://web.nvd.nist.gov/view/vuln/detail?vulnId=CVE-2018-19616','2018-12-26'),(4448,'2019-01-01',4384,4502,'CVE-2019-6551','http://web.nvd.nist.gov/view/vuln/detail?vulnId=CVE-2019-6551','2019-02-28'),(4449,'2018-01-01',4518,4503,'CVE-2018-17937','http://web.nvd.nist.gov/view/vuln/detail?vulnId=CVE-2018-17937','2019-03-13'),(4450,'2018-01-01',4519,4504,'CVE-2018-19006','http://web.nvd.nist.gov/view/vuln/detail?vulnId=CVE-2018-19006','2019-04-08'),(4451,'2018-01-01',4384,4505,'CVE-2018-16563','http://web.nvd.nist.gov/view/vuln/detail?vulnId=CVE-2018-16563','2019-03-21'),(4452,'2018-01-01',4521,4506,'CVE-2018-3989','http://web.nvd.nist.gov/view/vuln/detail?vulnId=CVE-2018-3989','2019-02-05'),(4453,'2018-01-01',4522,4507,'CVE-2018-3990','http://web.nvd.nist.gov/view/vuln/detail?vulnId=CVE-2018-3990','2019-02-05'),(4454,'2018-01-01',4453,4508,'CVE-2018-3991','http://web.nvd.nist.gov/view/vuln/detail?vulnId=CVE-2018-3991','2019-02-05'),(4455,'2018-01-01',4384,4509,'CVE-2018-16561','http://web.nvd.nist.gov/view/vuln/detail?vulnId=CVE-2018-16561','2019-04-17'),(4456,'2018-01-01',4421,4510,'CVE-2018-3616','http://web.nvd.nist.gov/view/vuln/detail?vulnId=CVE-2018-3616','2018-09-12'),(4457,'2018-01-01',4526,4511,'CVE-2018-3657','http://web.nvd.nist.gov/view/vuln/detail?vulnId=CVE-2018-3657','2018-09-12'),(4458,'2018-01-01',4442,4512,'CVE-2018-3658','http://web.nvd.nist.gov/view/vuln/detail?vulnId=CVE-2018-3658','2018-09-12'),(4459,'2018-01-01',4528,4513,'CVE-2018-13808','http://web.nvd.nist.gov/view/vuln/detail?vulnId=CVE-2018-13808','2019-04-17'),(4460,'2018-01-01',4424,4514,'CVE-2018-13809','http://web.nvd.nist.gov/view/vuln/detail?vulnId=CVE-2018-13809','2019-04-17'),(4461,'2018-01-01',4530,4515,'CVE-2018-13810','http://web.nvd.nist.gov/view/vuln/detail?vulnId=CVE-2018-13810','2019-04-17'),(4462,'2018-01-01',4442,4516,'CVE-2018-13798','http://web.nvd.nist.gov/view/vuln/detail?vulnId=CVE-2018-13798','2019-03-21'),(4463,'2018-01-01',4384,4517,'CVE-2018-11451','http://web.nvd.nist.gov/view/vuln/detail?vulnId=CVE-2018-11451','2019-03-22'),(4464,'2018-01-01',4533,4518,'CVE-2018-11452','http://web.nvd.nist.gov/view/vuln/detail?vulnId=CVE-2018-11452','2019-03-22'),(4465,'2019-01-01',4405,4519,'CVE-2019-6543','http://web.nvd.nist.gov/view/vuln/detail?vulnId=CVE-2019-6543','2019-02-12'),(4466,'2019-01-01',4405,4520,'CVE-2019-6545','http://web.nvd.nist.gov/view/vuln/detail?vulnId=CVE-2019-6545','2019-02-12'),(4467,'2018-01-01',4442,4521,'CVE-2018-19016','http://web.nvd.nist.gov/view/vuln/detail?vulnId=CVE-2018-19016','2019-03-27'),(4468,'2019-01-01',4406,4522,'CVE-2019-6539','http://web.nvd.nist.gov/view/vuln/detail?vulnId=CVE-2019-6539','2019-02-12'),(4469,'2019-01-01',4406,4523,'CVE-2019-6537','http://web.nvd.nist.gov/view/vuln/detail?vulnId=CVE-2019-6537','2019-02-12'),(4470,'2019-01-01',4406,4524,'CVE-2019-6541','http://web.nvd.nist.gov/view/vuln/detail?vulnId=CVE-2019-6541','2019-02-12'),(4471,'2018-01-01',4384,4525,'CVE-2018-16558','http://web.nvd.nist.gov/view/vuln/detail?vulnId=CVE-2018-16558','2019-04-17'),(4472,'2018-01-01',4384,4526,'CVE-2018-16559','http://web.nvd.nist.gov/view/vuln/detail?vulnId=CVE-2018-16559','2019-04-17'),(4473,'2019-01-01',4542,4527,'CVE-2019-6527','https://nvd.nist.gov/vuln/detail/CVE-2019-6527','2019-02-12'),(4474,'2019-01-01',4453,4528,'CVE-2019-6533','http://web.nvd.nist.gov/view/vuln/detail?vulnId=CVE-2019-6533','2019-02-12'),(4475,'2019-01-01',4544,4529,'CVE-2019-6529','http://web.nvd.nist.gov/view/vuln/detail?vulnId=CVE-2019-6529',NULL),(4476,'2019-01-01',4545,4530,'CVE-2019-6531','http://web.nvd.nist.gov/view/vuln/detail?vulnId=CVE-2019-6531','2019-04-02'),(4477,'2019-01-01',4387,4531,'CVE-2019-6549','http://web.nvd.nist.gov/view/vuln/detail?vulnId=CVE-2019-6549','2019-02-12'),(4478,'2019-01-01',4395,4532,'CVE-2019-3906','http://web.nvd.nist.gov/view/vuln/detail?vulnId=CVE-2019-3906','2019-01-18'),(4479,'2019-01-01',4396,4533,'CVE-2019-3907','http://web.nvd.nist.gov/view/vuln/detail?vulnId=CVE-2019-3907','2019-01-18'),(4480,'2019-01-01',4396,4534,'CVE-2019-3908','http://web.nvd.nist.gov/view/vuln/detail?vulnId=CVE-2019-3908','2019-01-18'),(4481,'2018-01-01',4405,4535,'CVE-2018-7800','http://web.nvd.nist.gov/view/vuln/detail?vulnId=CVE-2018-7800','2018-12-24'),(4482,'2018-01-01',4385,4536,'CVE-2018-7801','http://web.nvd.nist.gov/view/vuln/detail?vulnId=CVE-2018-7801','2018-12-24'),(4483,'2018-01-01',4552,4537,'CVE-2018-7802','http://web.nvd.nist.gov/view/vuln/detail?vulnId=CVE-2018-7802','2018-12-24'),(4484,'2019-01-01',4383,4538,'CVE-2019-6517','http://web.nvd.nist.gov/view/vuln/detail?vulnId=CVE-2019-6517','2019-02-06'),(4485,'2019-01-01',4399,4539,'CVE-2019-5909','http://web.nvd.nist.gov/view/vuln/detail?vulnId=CVE-2019-5909','2019-02-13'),(4486,'2019-01-01',4384,4540,'CVE-2019-6535','http://web.nvd.nist.gov/view/vuln/detail?vulnId=CVE-2019-6535','2019-02-05'),(4487,'2019-01-01',4556,4541,'CVE-2019-6525','http://web.nvd.nist.gov/view/vuln/detail?vulnId=CVE-2019-6525','2019-04-11'),(4488,'2019-01-01',4405,4542,'CVE-2019-6519','http://web.nvd.nist.gov/view/vuln/detail?vulnId=CVE-2019-6519','2019-02-05'),(4489,'2019-01-01',4426,4543,'CVE-2019-6521','http://web.nvd.nist.gov/view/vuln/detail?vulnId=CVE-2019-6521','2019-02-05'),(4490,'2019-01-01',4393,4544,'CVE-2019-6523','http://web.nvd.nist.gov/view/vuln/detail?vulnId=CVE-2019-6523','2019-02-05'),(4491,'2018-01-01',4385,4545,'CVE-2018-13993','http://web.nvd.nist.gov/view/vuln/detail?vulnId=CVE-2018-13993','2019-05-07'),(4492,'2018-01-01',4426,4546,'CVE-2018-13990','http://web.nvd.nist.gov/view/vuln/detail?vulnId=CVE-2018-13990','2019-05-06'),(4493,'2018-01-01',4562,4547,'CVE-2018-13992','http://web.nvd.nist.gov/view/vuln/detail?vulnId=CVE-2018-13992','2019-05-07'),(4494,'2018-01-01',4384,4548,'CVE-2018-13994','http://web.nvd.nist.gov/view/vuln/detail?vulnId=CVE-2018-13994','2019-05-07'),(4495,'2018-01-01',4393,4549,'CVE-2018-13991','http://web.nvd.nist.gov/view/vuln/detail?vulnId=CVE-2018-13991','2019-05-07'),(4496,'2017-01-01',4393,4550,'CVE-2017-3735','http://web.nvd.nist.gov/view/vuln/detail?vulnId=CVE-2017-3735','2017-11-02'),(4497,'2018-01-01',4566,4551,'CVE-2018-19010','http://web.nvd.nist.gov/view/vuln/detail?vulnId=CVE-2018-19010','2019-01-28'),(4498,'2018-01-01',4567,4552,'CVE-2018-19014','http://web.nvd.nist.gov/view/vuln/detail?vulnId=CVE-2018-19014','2019-01-28'),(4499,'2018-01-01',4568,4553,'CVE-2018-19012','http://web.nvd.nist.gov/view/vuln/detail?vulnId=CVE-2018-19012','2019-01-28'),(4500,'2017-01-01',4569,4554,'CVE-2017-16744','https://nvd.nist.gov/vuln/detail/CVE-2017-16744','2018-08-20'),(4501,'2017-01-01',4570,4555,'CVE-2017-16748','https://nvd.nist.gov/vuln/detail/CVE-2017-16748','2018-08-20'),(4502,'2018-01-01',4380,4556,'CVE-2018-19011','http://web.nvd.nist.gov/view/vuln/detail?vulnId=CVE-2018-19011','2019-01-22'),(4503,'2018-01-01',4572,4557,'CVE-2018-19013','http://web.nvd.nist.gov/view/vuln/detail?vulnId=CVE-2018-19013','2019-01-22'),(4504,'2018-01-01',4380,4558,'CVE-2018-19015','http://web.nvd.nist.gov/view/vuln/detail?vulnId=CVE-2018-19015','2019-01-28'),(4505,'2018-01-01',4380,4559,'CVE-2018-19017','http://web.nvd.nist.gov/view/vuln/detail?vulnId=CVE-2018-19017','2019-01-22'),(4506,'2018-01-01',4380,4560,'CVE-2018-19019','http://web.nvd.nist.gov/view/vuln/detail?vulnId=CVE-2018-19019','2019-01-22'),(4507,'2018-01-01',4505,4561,'CVE-2018-19018','http://web.nvd.nist.gov/view/vuln/detail?vulnId=CVE-2018-19018','2019-02-12'),(4508,'2018-01-01',4577,4562,'CVE-2018-19020','http://web.nvd.nist.gov/view/vuln/detail?vulnId=CVE-2018-19020','2019-02-12'),(4509,'2018-01-01',4578,4563,'CVE-2018-19008','http://web.nvd.nist.gov/view/vuln/detail?vulnId=CVE-2018-19008','2019-02-13'),(4510,'2018-01-01',4384,4564,'CVE-2018-18881','http://web.nvd.nist.gov/view/vuln/detail?vulnId=CVE-2018-18881','2019-03-18'),(4511,'2018-01-01',4580,4565,'CVE-2018-18882','http://web.nvd.nist.gov/view/vuln/detail?vulnId=CVE-2018-18882','2019-03-18'),(4512,'2018-01-01',4481,4566,'CVE-2018-18988','http://web.nvd.nist.gov/view/vuln/detail?vulnId=CVE-2018-18988','2019-02-01'),(4513,'2018-01-01',4449,4567,'CVE-2018-19004','http://web.nvd.nist.gov/view/vuln/detail?vulnId=CVE-2018-19004','2019-02-01'),(4514,'2018-01-01',4406,4568,'CVE-2018-19002','http://web.nvd.nist.gov/view/vuln/detail?vulnId=CVE-2018-19002','2019-02-05'),(4515,'2018-01-01',4481,4569,'CVE-2018-19029','http://web.nvd.nist.gov/view/vuln/detail?vulnId=CVE-2018-19029','2019-02-05'),(4516,'2018-01-01',4481,4570,'CVE-2018-18986','http://web.nvd.nist.gov/view/vuln/detail?vulnId=CVE-2018-18986','2019-02-05'),(4517,'2018-01-01',4393,4571,'CVE-2018-18990','http://web.nvd.nist.gov/view/vuln/detail?vulnId=CVE-2018-18990','2019-02-05'),(4518,'2018-01-01',4481,4572,'CVE-2018-18994','http://web.nvd.nist.gov/view/vuln/detail?vulnId=CVE-2018-18994','2019-03-27'),(4519,'2018-01-01',4588,4573,'CVE-2018-18992','http://web.nvd.nist.gov/view/vuln/detail?vulnId=CVE-2018-18992','2019-02-05'),(4520,'2018-01-01',4481,4574,'CVE-2018-18996','http://web.nvd.nist.gov/view/vuln/detail?vulnId=CVE-2018-18996','2019-02-05'),(4521,'2018-01-01',4481,4575,'CVE-2018-18998','http://web.nvd.nist.gov/view/vuln/detail?vulnId=CVE-2018-18998','2019-02-05'),(4522,'2018-01-01',4393,4576,'CVE-2018-19000','http://web.nvd.nist.gov/view/vuln/detail?vulnId=CVE-2018-19000','2019-02-05'),(4523,'2018-01-01',4592,4577,'CVE-2018-19021','http://web.nvd.nist.gov/view/vuln/detail?vulnId=CVE-2018-19021','2019-01-25'),(4524,'2018-01-01',4463,4578,'CVE-2018-19027','http://web.nvd.nist.gov/view/vuln/detail?vulnId=CVE-2018-19027','2019-01-30'),(4525,'2018-01-01',4508,4579,'CVE-2018-19009','http://web.nvd.nist.gov/view/vuln/detail?vulnId=CVE-2018-19009','2019-01-25'),(4526,'2018-01-01',4595,4580,'CVE-2018-18985','http://web.nvd.nist.gov/view/vuln/detail?vulnId=CVE-2018-18985','2019-01-31'),(4527,'2018-01-01',4406,4581,'CVE-2018-7817','http://web.nvd.nist.gov/view/vuln/detail?vulnId=CVE-2018-7817','2019-02-06'),(4528,'2018-01-01',4396,4582,'CVE-2018-7835','http://web.nvd.nist.gov/view/vuln/detail?vulnId=CVE-2018-7835','2018-12-24'),(4529,'2018-01-01',4598,4583,'CVE-2018-7836','http://web.nvd.nist.gov/view/vuln/detail?vulnId=CVE-2018-7836','2018-12-24'),(4530,'2018-01-01',4396,4584,'CVE-2018-7837','http://web.nvd.nist.gov/view/vuln/detail?vulnId=CVE-2018-7837','2018-12-24'),(4531,'2018-01-01',4600,4585,'CVE-2018-7839','http://web.nvd.nist.gov/view/vuln/detail?vulnId=CVE-2018-7839','2019-02-06'),(4532,'2018-01-01',4601,4586,'CVE-2018-7832','http://web.nvd.nist.gov/view/vuln/detail?vulnId=CVE-2018-7832','2018-12-24'),(4533,'2018-01-01',4384,4587,'CVE-2018-16196','http://web.nvd.nist.gov/view/vuln/detail?vulnId=CVE-2018-16196','2019-01-09'),(4534,'2018-01-01',4603,4588,'CVE-2018-19023','http://web.nvd.nist.gov/view/vuln/detail?vulnId=CVE-2018-19023','2019-01-31'),(4535,'2018-01-01',4463,4589,'CVE-2018-19005','http://web.nvd.nist.gov/view/vuln/detail?vulnId=CVE-2018-19005','2018-12-20'),(4536,'2018-01-01',4605,4590,'CVE-2018-7797','http://web.nvd.nist.gov/view/vuln/detail?vulnId=CVE-2018-7797','2018-12-17'),(4537,'2018-01-01',4384,4591,'CVE-2018-18981','http://web.nvd.nist.gov/view/vuln/detail?vulnId=CVE-2018-18981','2019-01-24'),(4538,'2018-01-01',4405,4592,'CVE-2018-18995','http://web.nvd.nist.gov/view/vuln/detail?vulnId=CVE-2018-18995','2019-01-03'),(4539,'2018-01-01',4446,4593,'CVE-2018-18997','http://web.nvd.nist.gov/view/vuln/detail?vulnId=CVE-2018-18997','2019-01-03'),(4540,'2018-01-01',4481,4594,'CVE-2018-18999','http://web.nvd.nist.gov/view/vuln/detail?vulnId=CVE-2018-18999','2018-12-19'),(4541,'2018-01-01',4405,4595,'CVE-2018-10612','http://web.nvd.nist.gov/view/vuln/detail?vulnId=CVE-2018-10612','2019-01-29'),(4542,'2018-01-01',4407,4596,'CVE-2018-20025','http://web.nvd.nist.gov/view/vuln/detail?vulnId=CVE-2018-20025','2019-02-19'),(4543,'2018-01-01',4612,4597,'CVE-2018-20026','http://web.nvd.nist.gov/view/vuln/detail?vulnId=CVE-2018-20026','2019-02-19'),(4544,'2018-01-01',4453,4598,'CVE-2018-13816','http://web.nvd.nist.gov/view/vuln/detail?vulnId=CVE-2018-13816','2018-12-12'),(4545,'2018-01-01',4502,4599,'CVE-2018-17928','http://web.nvd.nist.gov/view/vuln/detail?vulnId=CVE-2018-17928','2019-01-31'),(4546,'2018-01-01',4615,4600,'CVE-2018-17926','http://web.nvd.nist.gov/view/vuln/detail?vulnId=CVE-2018-17926','2019-01-31'),(4547,'2018-01-01',4616,4601,'CVE-2018-18984','http://web.nvd.nist.gov/view/vuln/detail?vulnId=CVE-2018-18984','2018-12-14'),(4548,'2018-01-01',4406,4602,'CVE-2018-7813','http://web.nvd.nist.gov/view/vuln/detail?vulnId=CVE-2018-7813','2019-02-06'),(4549,'2018-01-01',4406,4603,'CVE-2018-7815','http://web.nvd.nist.gov/view/vuln/detail?vulnId=CVE-2018-7815','2019-02-06'),(4550,'2018-01-01',4406,4604,'CVE-2018-7814','http://web.nvd.nist.gov/view/vuln/detail?vulnId=CVE-2018-7814','2019-02-06'),(4551,'2018-01-01',4384,4605,'CVE-2018-11451','http://web.nvd.nist.gov/view/vuln/detail?vulnId=CVE-2018-11451','2019-03-22'),(4552,'2018-01-01',4533,4606,'CVE-2018-11452','http://web.nvd.nist.gov/view/vuln/detail?vulnId=CVE-2018-11452','2019-03-22'),(4553,'2018-01-01',4387,4607,'CVE-2018-19007','http://web.nvd.nist.gov/view/vuln/detail?vulnId=CVE-2018-19007','2018-12-14'),(4554,'2018-01-01',4623,4608,'CVE-2018-19003','http://web.nvd.nist.gov/view/vuln/detail?vulnId=CVE-2018-19003','2018-12-14'),(4555,'2018-01-01',4510,4609,'CVE-2018-6690','http://web.nvd.nist.gov/view/vuln/detail?vulnId=CVE-2018-6690','2018-09-18'),(4556,'2018-01-01',4625,4610,'CVE-2018-19001','http://web.nvd.nist.gov/view/vuln/detail?vulnId=CVE-2018-19001','2018-12-07'),(4557,'2018-01-01',4626,4611,'CVE-2018-15362','http://web.nvd.nist.gov/view/vuln/detail?vulnId=CVE-2018-15362','2018-12-07'),(4558,'2018-01-01',4443,4612,'CVE-2018-17924','http://web.nvd.nist.gov/view/vuln/detail?vulnId=CVE-2018-17924','2018-12-07'),(4559,'2018-01-01',4463,4613,'CVE-2018-18993','http://web.nvd.nist.gov/view/vuln/detail?vulnId=CVE-2018-18993','2018-12-04'),(4560,'2018-01-01',4629,4614,'CVE-2018-18989','http://web.nvd.nist.gov/view/vuln/detail?vulnId=CVE-2018-18989','2018-12-04'),(4561,'2018-01-01',4424,4615,'CVE-2018-18991','http://web.nvd.nist.gov/view/vuln/detail?vulnId=CVE-2018-18991','2018-12-04'),(4562,'2018-01-01',4588,4616,'CVE-2018-18987','http://web.nvd.nist.gov/view/vuln/detail?vulnId=CVE-2018-18987','2018-11-30'),(4563,'2018-01-01',4588,4617,'CVE-2018-18983','http://web.nvd.nist.gov/view/vuln/detail?vulnId=CVE-2018-18983','2018-11-30'),(4564,'2018-01-01',4633,4618,'CVE-2018-7799','http://web.nvd.nist.gov/view/vuln/detail?vulnId=CVE-2018-7799','2018-11-02'),(4565,'2018-01-01',4380,4619,'CVE-2018-17930','http://web.nvd.nist.gov/view/vuln/detail?vulnId=CVE-2018-17930','2018-11-28'),(4566,'2018-01-01',4635,4620,'CVE-2018-7798','http://web.nvd.nist.gov/view/vuln/detail?vulnId=CVE-2018-7798','2018-11-02'),(4567,'2018-01-01',4636,4621,'CVE-2018-4858','http://web.nvd.nist.gov/view/vuln/detail?vulnId=CVE-2018-4858','2018-12-13'),(4568,'2018-01-01',4384,4622,'CVE-2018-16556','http://web.nvd.nist.gov/view/vuln/detail?vulnId=CVE-2018-16556','2019-05-14'),(4569,'2018-01-01',4638,4623,'CVE-2018-16557','http://web.nvd.nist.gov/view/vuln/detail?vulnId=CVE-2018-16557','2019-05-14'),(4570,'2018-01-01',4530,4624,'CVE-2018-13814','http://web.nvd.nist.gov/view/vuln/detail?vulnId=CVE-2018-13814','2018-12-13'),(4571,'2018-01-01',4640,4625,'CVE-2018-16555','http://web.nvd.nist.gov/view/vuln/detail?vulnId=CVE-2018-16555','2018-12-13'),(4572,'2018-01-01',4442,4626,'CVE-2018-13815','http://web.nvd.nist.gov/view/vuln/detail?vulnId=CVE-2018-13815','2018-12-13'),(4573,'2018-01-01',4642,4627,'CVE-2018-13811','http://web.nvd.nist.gov/view/vuln/detail?vulnId=CVE-2018-13811','2018-12-13'),(4574,'2018-01-01',4643,4628,'CVE-2018-13804','https://nvd.nist.gov/vuln/detail/CVE-2018-13804','2018-12-13'),(4575,'2018-01-01',4396,4629,'CVE-2018-13812','https://web.nvd.nist.gov/view/vuln/detail?vulnId=CVE-2018-13812','2018-12-13'),(4576,'2018-01-01',4645,4630,'CVE-2018-13813','https://web.nvd.nist.gov/view/vuln/detail?vulnId=CVE-2018-13813','2018-12-13'),(4577,'2018-01-01',4615,4631,'CVE-2018-17906','http://web.nvd.nist.gov/view/vuln/detail?vulnId=CVE-2018-17906','2018-11-19'),(4578,'2018-01-01',4479,4632,'CVE-2018-18561','http://web.nvd.nist.gov/view/vuln/detail?vulnId=CVE-2018-18561','2018-11-20'),(4579,'2018-01-01',4648,4633,'CVE-2018-18562','http://web.nvd.nist.gov/view/vuln/detail?vulnId=CVE-2018-18562','2018-11-20'),(4580,'2018-01-01',4648,4634,'CVE-2018-18563','http://web.nvd.nist.gov/view/vuln/detail?vulnId=CVE-2018-18563','2018-11-20'),(4581,'2018-01-01',4518,4635,'CVE-2018-18564','http://web.nvd.nist.gov/view/vuln/detail?vulnId=CVE-2018-18564','2018-11-20'),(4582,'2018-01-01',4651,4636,'CVE-2018-18565','http://web.nvd.nist.gov/view/vuln/detail?vulnId=CVE-2018-18565','2018-11-20'),(4583,'2018-01-01',4405,4637,'CVE-2018-17916','http://web.nvd.nist.gov/view/vuln/detail?vulnId=CVE-2018-17916','2018-11-02'),(4584,'2018-01-01',4405,4638,'CVE-2018-17914','http://web.nvd.nist.gov/view/vuln/detail?vulnId=CVE-2018-17914','2018-11-02'),(4585,'2018-01-01',4633,4639,'CVE-2018-7799','http://web.nvd.nist.gov/view/vuln/detail?vulnId=CVE-2018-7799','2018-11-02'),(4586,'2018-01-01',4453,4640,'CVE-2018-17918','http://web.nvd.nist.gov/view/vuln/detail?vulnId=CVE-2018-17918','2018-11-02'),(4587,'2018-01-01',4453,4641,'CVE-2018-17922','http://web.nvd.nist.gov/view/vuln/detail?vulnId=CVE-2018-17922','2018-11-02'),(4588,'2018-01-01',4396,4642,'CVE-2018-17912','http://web.nvd.nist.gov/view/vuln/detail?vulnId=CVE-2018-17912','2018-11-02'),(4589,'2018-01-01',4658,4643,'CVE-2018-14825','http://web.nvd.nist.gov/view/vuln/detail?vulnId=CVE-2018-14825','2018-09-24'),(4590,'2018-01-01',4424,4644,'CVE-2018-17904','http://web.nvd.nist.gov/view/vuln/detail?vulnId=CVE-2018-17904','2018-10-25'),(4591,'2018-01-01',4568,4645,'CVE-2018-17908','http://web.nvd.nist.gov/view/vuln/detail?vulnId=CVE-2018-17908','2018-10-29'),(4592,'2018-01-01',4406,4646,'CVE-2018-17910','http://web.nvd.nist.gov/view/vuln/detail?vulnId=CVE-2018-17910','2018-10-29'),(4593,'2018-01-01',4405,4647,'CVE-2018-14816','http://web.nvd.nist.gov/view/vuln/detail?vulnId=CVE-2018-14816','2018-10-23'),(4594,'2018-01-01',4384,4648,'CVE-2018-14820','http://web.nvd.nist.gov/view/vuln/detail?vulnId=CVE-2018-14820','2018-10-23'),(4595,'2018-01-01',4633,4649,'CVE-2018-14828','http://web.nvd.nist.gov/view/vuln/detail?vulnId=CVE-2018-14828','2018-10-23'),(4596,'2018-01-01',4405,4650,'CVE-2018-14806','http://web.nvd.nist.gov/view/vuln/detail?vulnId=CVE-2018-14806','2018-10-23'),(4597,'2018-01-01',4666,4651,'CVE-2018-17903','http://web.nvd.nist.gov/view/vuln/detail?vulnId=CVE-2018-17903','2018-10-24'),(4598,'2018-01-01',4667,4652,'CVE-2018-17921','http://web.nvd.nist.gov/view/vuln/detail?vulnId=CVE-2018-17921','2018-10-24'),(4599,'2018-01-01',4668,4653,'CVE-2018-17923','http://web.nvd.nist.gov/view/vuln/detail?vulnId=CVE-2018-17923','2018-10-24'),(4600,'2018-01-01',4603,4654,'CVE-2018-17935','http://web.nvd.nist.gov/view/vuln/detail?vulnId=CVE-2018-17935','2018-10-24'),(4601,'2018-01-01',4670,4655,'CVE-2018-17905','http://web.nvd.nist.gov/view/vuln/detail?vulnId=CVE-2018-17905','2018-11-05'),(4602,'2018-01-01',4671,4656,'CVE-2018-17907','http://web.nvd.nist.gov/view/vuln/detail?vulnId=CVE-2018-17907','2018-11-05'),(4603,'2018-01-01',4670,4657,'CVE-2018-17909','http://web.nvd.nist.gov/view/vuln/detail?vulnId=CVE-2018-17909','2018-11-05'),(4604,'2018-01-01',4578,4658,'CVE-2018-17913','http://web.nvd.nist.gov/view/vuln/detail?vulnId=CVE-2018-17913','2018-11-05'),(4605,'2018-01-01',4432,4659,'CVE-2018-17893','http://web.nvd.nist.gov/view/vuln/detail?vulnId=CVE-2018-17893','2018-10-16'),(4606,'2018-01-01',4481,4660,'CVE-2018-17895','http://web.nvd.nist.gov/view/vuln/detail?vulnId=CVE-2018-17895','2018-10-16'),(4607,'2018-01-01',4432,4661,'CVE-2018-17897','http://web.nvd.nist.gov/view/vuln/detail?vulnId=CVE-2018-17897','2018-10-16'),(4608,'2018-01-01',4588,4662,'CVE-2018-17899','http://web.nvd.nist.gov/view/vuln/detail?vulnId=CVE-2018-17899','2018-10-16'),(4609,'2018-01-01',4678,4663,'CVE-2018-17901','http://web.nvd.nist.gov/view/vuln/detail?vulnId=CVE-2018-17901','2018-10-16'),(4610,'2018-01-01',4406,4664,'CVE-2018-17911','http://web.nvd.nist.gov/view/vuln/detail?vulnId=CVE-2018-17911','2018-10-16'),(4611,'2018-01-01',4453,4665,'CVE-2018-1149','http://web.nvd.nist.gov/view/vuln/detail?vulnId=CVE-2018-1149','2018-09-19'),(4612,'2018-01-01',4453,4666,'CVE-2018-1150','http://web.nvd.nist.gov/view/vuln/detail?vulnId=CVE-2018-1150','2018-09-19'),(4613,'2018-01-01',4405,4667,'CVE-2018-17888','http://web.nvd.nist.gov/view/vuln/detail?vulnId=CVE-2018-17888','2018-10-12'),(4614,'2018-01-01',4405,4668,'CVE-2018-17890','http://web.nvd.nist.gov/view/vuln/detail?vulnId=CVE-2018-17890','2018-10-12'),(4615,'2018-01-01',4395,4669,'CVE-2018-17892','http://web.nvd.nist.gov/view/vuln/detail?vulnId=CVE-2018-17892','2018-10-12'),(4616,'2018-01-01',4405,4670,'CVE-2018-17894','http://web.nvd.nist.gov/view/vuln/detail?vulnId=CVE-2018-17894','2018-10-12'),(4617,'2018-01-01',4397,4671,'CVE-2018-17934','http://web.nvd.nist.gov/view/vuln/detail?vulnId=CVE-2018-17934','2018-11-27'),(4618,'2018-01-01',4687,4672,'CVE-2018-17936','http://web.nvd.nist.gov/view/vuln/detail?vulnId=CVE-2018-17936','2018-11-27'),(4619,'2018-01-01',4687,4673,'CVE-2018-18982','http://web.nvd.nist.gov/view/vuln/detail?vulnId=CVE-2018-18982','2018-11-27'),(4620,'2018-01-01',4463,4674,'CVE-2018-17929','http://web.nvd.nist.gov/view/vuln/detail?vulnId=CVE-2018-17929','2018-10-11'),(4621,'2018-01-01',4463,4675,'CVE-2018-17927','http://web.nvd.nist.gov/view/vuln/detail?vulnId=CVE-2018-17927','2018-10-11'),(4622,'2018-01-01',4678,4676,'CVE-2018-17925','http://web.nvd.nist.gov/view/vuln/detail?vulnId=CVE-2018-17925','2018-10-10'),(4623,'2017-01-01',4421,4677,'CVE-2017-13099','http://web.nvd.nist.gov/view/vuln/detail?vulnId=CVE-2017-13099','2017-12-12'),(4624,'2018-01-01',4395,4678,'CVE-2018-13801','http://web.nvd.nist.gov/view/vuln/detail?vulnId=CVE-2018-13801','2018-10-10'),(4625,'2018-01-01',4387,4679,'CVE-2018-13802','http://web.nvd.nist.gov/view/vuln/detail?vulnId=CVE-2018-13802','2018-10-10'),(4626,'2018-01-01',4455,4680,'CVE-2018-13800','http://web.nvd.nist.gov/view/vuln/detail?vulnId=CVE-2018-13800','2018-10-10'),(4627,'2018-01-01',4442,4681,'CVE-2018-13805','http://web.nvd.nist.gov/view/vuln/detail?vulnId=CVE-2018-13805','2019-03-21'),(4628,'2018-01-01',4393,4682,'CVE-2018-17917','http://web.nvd.nist.gov/view/vuln/detail?vulnId=CVE-2018-17917','2018-10-10'),(4629,'2018-01-01',4420,4683,'CVE-2018-17919','http://web.nvd.nist.gov/view/vuln/detail?vulnId=CVE-2018-17919','2018-10-10'),(4630,'2018-01-01',4399,4684,'CVE-2018-17915','http://web.nvd.nist.gov/view/vuln/detail?vulnId=CVE-2018-17915','2018-10-10'),(4631,'2018-01-01',4380,4685,'CVE-2018-14812','http://web.nvd.nist.gov/view/vuln/detail?vulnId=CVE-2018-14812','2018-10-24'),(4632,'2018-01-01',4701,4686,'CVE-2018-17891','http://web.nvd.nist.gov/view/vuln/detail?vulnId=CVE-2018-17891','2018-10-04'),(4633,'2018-01-01',4567,4687,'CVE-2018-10624','http://web.nvd.nist.gov/view/vuln/detail?vulnId=CVE-2018-10624','2018-08-01'),(4634,'2018-01-01',4405,4688,'CVE-2018-14818','http://web.nvd.nist.gov/view/vuln/detail?vulnId=CVE-2018-14818','2018-10-08'),(4635,'2018-01-01',4385,4689,'CVE-2018-14810','http://web.nvd.nist.gov/view/vuln/detail?vulnId=CVE-2018-14810','2018-10-08'),(4636,'2018-01-01',4705,4690,'CVE-2018-17889','http://web.nvd.nist.gov/view/vuln/detail?vulnId=CVE-2018-17889','2018-10-08'),(4637,'2018-01-01',4706,4691,'CVE-2018-14814','http://web.nvd.nist.gov/view/vuln/detail?vulnId=CVE-2018-14814','2019-03-27'),(4638,'2018-01-01',4678,4692,'CVE-2018-14800','http://web.nvd.nist.gov/view/vuln/detail?vulnId=CVE-2018-14800','2018-10-03'),(4639,'2017-01-01',4658,4693,'CVE-2017-7908','http://web.nvd.nist.gov/view/vuln/detail?vulnId=CVE-2017-7908','2018-10-02'),(4640,'2018-01-01',4405,4694,'CVE-2018-14826','http://web.nvd.nist.gov/view/vuln/detail?vulnId=CVE-2018-14826','2018-10-02'),(4641,'2018-01-01',4710,4695,'CVE-2018-14822','http://web.nvd.nist.gov/view/vuln/detail?vulnId=CVE-2018-14822','2018-10-02'),(4642,'2018-01-01',4393,4696,'CVE-2018-14788','http://web.nvd.nist.gov/view/vuln/detail?vulnId=CVE-2018-14788','2018-10-01'),(4643,'2018-01-01',4405,4697,'CVE-2018-14794','http://web.nvd.nist.gov/view/vuln/detail?vulnId=CVE-2018-14794','2018-10-01'),(4644,'2018-01-01',4405,4698,'CVE-2018-14790','http://web.nvd.nist.gov/view/vuln/detail?vulnId=CVE-2018-14790','2018-10-01'),(4645,'2018-01-01',4393,4699,'CVE-2018-14798','http://web.nvd.nist.gov/view/vuln/detail?vulnId=CVE-2018-14798','2018-10-01'),(4646,'2018-01-01',4405,4700,'CVE-2018-14802','http://web.nvd.nist.gov/view/vuln/detail?vulnId=CVE-2018-14802','2018-10-01'),(4647,'2018-01-01',4706,4701,'CVE-2018-14824','http://web.nvd.nist.gov/view/vuln/detail?vulnId=CVE-2018-14824','2018-09-27'),(4648,'2018-01-01',4384,4702,'CVE-2018-14796','http://web.nvd.nist.gov/view/vuln/detail?vulnId=CVE-2018-14796','2018-09-20'),(4649,'2018-01-01',4453,4703,'CVE-2018-14829','http://web.nvd.nist.gov/view/vuln/detail?vulnId=CVE-2018-14829','2018-09-20'),(4650,'2018-01-01',4384,4704,'CVE-2018-14821','http://web.nvd.nist.gov/view/vuln/detail?vulnId=CVE-2018-14821','2018-09-20'),(4651,'2018-01-01',4443,4705,'CVE-2018-14827','http://web.nvd.nist.gov/view/vuln/detail?vulnId=CVE-2018-14827','2018-09-20'),(4652,'2018-01-01',4588,4706,'CVE-2018-14792','http://web.nvd.nist.gov/view/vuln/detail?vulnId=CVE-2018-14792','2018-09-19'),(4653,'2018-01-01',4658,4707,'CVE-2018-14825','http://web.nvd.nist.gov/view/vuln/detail?vulnId=CVE-2018-14825','2018-09-24'),(4654,'2018-01-01',4481,4708,'CVE-2018-14809','http://web.nvd.nist.gov/view/vuln/detail?vulnId=CVE-2018-14809','2018-09-26'),(4655,'2018-01-01',4481,4709,'CVE-2018-14811','http://web.nvd.nist.gov/view/vuln/detail?vulnId=CVE-2018-14811','2018-09-26'),(4656,'2018-01-01',4481,4710,'CVE-2018-14813','http://web.nvd.nist.gov/view/vuln/detail?vulnId=CVE-2018-14813','2018-09-26'),(4657,'2018-01-01',4481,4711,'CVE-2018-14815','http://web.nvd.nist.gov/view/vuln/detail?vulnId=CVE-2018-14815','2018-09-26'),(4658,'2018-01-01',4481,4712,'CVE-2018-14817','http://web.nvd.nist.gov/view/vuln/detail?vulnId=CVE-2018-14817','2018-09-26'),(4659,'2018-01-01',4481,4713,'CVE-2018-14819','http://web.nvd.nist.gov/view/vuln/detail?vulnId=CVE-2018-14819','2018-09-26'),(4660,'2018-01-01',4481,4714,'CVE-2018-14823','http://web.nvd.nist.gov/view/vuln/detail?vulnId=CVE-2018-14823','2018-09-26'),(4661,'2018-01-01',4406,4715,'CVE-2018-10637','http://web.nvd.nist.gov/view/vuln/detail?vulnId=CVE-2018-10637','2018-09-13'),(4662,'2018-01-01',4380,4716,'CVE-2018-13806','http://web.nvd.nist.gov/view/vuln/detail?vulnId=CVE-2018-13806','2018-09-12'),(4663,'2018-01-01',4428,4717,'CVE-2018-13799','http://web.nvd.nist.gov/view/vuln/detail?vulnId=CVE-2018-13799','2018-09-12'),(4664,'2018-01-01',4443,4718,'CVE-2018-13807','http://web.nvd.nist.gov/view/vuln/detail?vulnId=CVE-2018-13807','2018-09-12'),(4665,'2017-01-01',4734,4719,'CVE-2017-14026','http://web.nvd.nist.gov/view/vuln/detail?vulnId=CVE-2017-14026','2018-09-06'),(4666,'2017-01-01',4426,4720,'CVE-2017-16714','http://web.nvd.nist.gov/view/vuln/detail?vulnId=CVE-2017-16714','2018-09-06'),(4667,'2018-01-01',4568,4721,'CVE-2018-14807','http://web.nvd.nist.gov/view/vuln/detail?vulnId=CVE-2018-14807','2018-10-18'),(4668,'2018-01-01',4737,4722,'CVE-2018-8850','http://web.nvd.nist.gov/view/vuln/detail?vulnId=CVE-2018-8850','2018-09-26'),(4669,'2018-01-01',4737,4723,'CVE-2018-8846','http://web.nvd.nist.gov/view/vuln/detail?vulnId=CVE-2018-8846','2018-09-26'),(4670,'2018-01-01',4393,4724,'CVE-2018-14803','http://web.nvd.nist.gov/view/vuln/detail?vulnId=CVE-2018-14803','2018-09-26'),(4671,'2018-01-01',4737,4725,'CVE-2018-8848','http://web.nvd.nist.gov/view/vuln/detail?vulnId=CVE-2018-8848','2018-09-26'),(4672,'2018-01-01',4396,4726,'CVE-2018-8842','http://web.nvd.nist.gov/view/vuln/detail?vulnId=CVE-2018-8842','2018-09-26'),(4673,'2018-01-01',4438,4727,'CVE-2018-8844','http://web.nvd.nist.gov/view/vuln/detail?vulnId=CVE-2018-8844','2018-09-26'),(4674,'2018-01-01',4743,4728,'CVE-2018-8852','http://web.nvd.nist.gov/view/vuln/detail?vulnId=CVE-2018-8852','2018-09-26'),(4675,'2018-01-01',4384,4729,'CVE-2018-8854','http://web.nvd.nist.gov/view/vuln/detail?vulnId=CVE-2018-8854','2018-09-26'),(4676,'2018-01-01',4405,4730,'CVE-2018-8856','http://web.nvd.nist.gov/view/vuln/detail?vulnId=CVE-2018-8856','2018-09-26'),(4677,'2014-01-01',4405,4731,'CVE-2014-9222','http://web.nvd.nist.gov/view/vuln/detail?vulnId=CVE-2014-9222','2014-12-24'),(4678,'2018-01-01',4747,4732,'CVE-2018-7789','http://web.nvd.nist.gov/view/vuln/detail?vulnId=CVE-2018-7789','2018-08-29'),(4679,'2018-01-01',4748,4733,'CVE-2018-7795','http://web.nvd.nist.gov/view/vuln/detail?vulnId=CVE-2018-7795','2018-08-30'),(4680,'2018-01-01',4405,4734,'CVE-2018-14805','https://nvd.nist.gov/vuln/detail/CVE-2018-14805','2018-08-29'),(4681,'2018-01-01',4750,4735,'CVE-2018-14786','http://web.nvd.nist.gov/view/vuln/detail?vulnId=CVE-2018-14786','2018-08-23'),(4682,'1999-01-01',4751,4736,'CVE-1999-0103','http://web.nvd.nist.gov/view/vuln/detail?vulnId=CVE-1999-0103','1996-02-08'),(4683,'2018-01-01',4752,4737,'CVE-2018-0651','http://web.nvd.nist.gov/view/vuln/detail?vulnId=CVE-2018-0651','2019-01-09'),(4684,'2018-01-01',4753,4738,'CVE-2018-14799','http://web.nvd.nist.gov/view/vuln/detail?vulnId=CVE-2018-14799','2018-08-22'),(4685,'2018-01-01',4754,4739,'CVE-2018-14801','http://web.nvd.nist.gov/view/vuln/detail?vulnId=CVE-2018-14801','2018-08-22'),(4686,'2017-01-01',4569,4740,'CVE-2017-16744','https://nvd.nist.gov/vuln/detail/CVE-2017-16744','2018-08-20'),(4687,'2017-01-01',4570,4741,'CVE-2017-16748','https://nvd.nist.gov/vuln/detail/CVE-2017-16748','2018-08-20'),(4688,'2018-01-01',4757,4742,'CVE-2018-14787','http://web.nvd.nist.gov/view/vuln/detail?vulnId=CVE-2018-14787','2018-08-22'),(4689,'2018-01-01',4758,4743,'CVE-2018-14789','http://web.nvd.nist.gov/view/vuln/detail?vulnId=CVE-2018-14789','2018-08-22'),(4690,'2018-01-01',4406,4744,'CVE-2018-11453','http://web.nvd.nist.gov/view/vuln/detail?vulnId=CVE-2018-11453','2018-10-10'),(4691,'2018-01-01',4760,4745,'CVE-2018-11454','http://web.nvd.nist.gov/view/vuln/detail?vulnId=CVE-2018-11454','2018-10-10'),(4692,'2017-01-01',4421,4746,'CVE-2017-3737','http://web.nvd.nist.gov/view/vuln/detail?vulnId=CVE-2017-3737','2017-12-07'),(4693,'2018-01-01',4385,4747,'CVE-2018-11455','http://web.nvd.nist.gov/view/vuln/detail?vulnId=CVE-2018-11455','2018-08-07'),(4694,'2018-01-01',4393,4748,'CVE-2018-11456','http://web.nvd.nist.gov/view/vuln/detail?vulnId=CVE-2018-11456','2018-08-07'),(4695,'2018-01-01',4405,4749,'CVE-2018-11228','http://web.nvd.nist.gov/view/vuln/detail?vulnId=CVE-2018-11228','2018-06-07'),(4696,'2018-01-01',4405,4750,'CVE-2018-11229','http://web.nvd.nist.gov/view/vuln/detail?vulnId=CVE-2018-11229','2018-06-07'),(4697,'2018-01-01',4405,4751,'CVE-2018-10630','https://nvd.nist.gov/vuln/detail/CVE-2018-10630','2018-08-10'),(4698,'2018-01-01',4395,4752,'CVE-2018-13341','http://web.nvd.nist.gov/view/vuln/detail?vulnId=CVE-2018-13341','2018-08-10'),(4699,'2018-01-01',4396,4753,'CVE-2018-14782','http://web.nvd.nist.gov/view/vuln/detail?vulnId=CVE-2018-14782','2018-08-10'),(4700,'2018-01-01',4405,4754,'CVE-2018-14783','http://web.nvd.nist.gov/view/vuln/detail?vulnId=CVE-2018-14783','2018-08-10'),(4701,'2018-01-01',4405,4755,'CVE-2018-14784','http://web.nvd.nist.gov/view/vuln/detail?vulnId=CVE-2018-14784','2018-08-10'),(4702,'2018-01-01',4396,4756,'CVE-2018-14785','http://web.nvd.nist.gov/view/vuln/detail?vulnId=CVE-2018-14785','2018-08-10'),(4703,'2018-01-01',4772,4757,'CVE-2018-10626','http://web.nvd.nist.gov/view/vuln/detail?vulnId=CVE-2018-10626','2018-08-10'),(4704,'2018-01-01',4773,4758,'CVE-2018-10622','http://web.nvd.nist.gov/view/vuln/detail?vulnId=CVE-2018-10622','2018-08-10'),(4705,'2018-01-01',4774,4759,'CVE-2018-10634','http://web.nvd.nist.gov/view/vuln/detail?vulnId=CVE-2018-10634','2018-08-13'),(4706,'2018-01-01',4775,4760,'CVE-2018-14781','http://web.nvd.nist.gov/view/vuln/detail?vulnId=CVE-2018-14781','2018-08-13'),(4707,'2018-01-01',4385,4761,'CVE-2018-10636','https://cve.mitre.org/cgi-bin/cvename.cgi?name=2018-10636',NULL),(4708,'2018-01-01',4777,4762,'CVE-2018-10598','https://cve.mitre.org/cgi-bin/cvename.cgi?name=2018-10598',NULL),(4709,'2018-01-01',4405,4763,'CVE-2018-10618','http://web.nvd.nist.gov/view/vuln/detail?vulnId=CVE-2018-10618','2018-08-01'),(4710,'2018-01-01',4567,4764,'CVE-2018-10624','http://web.nvd.nist.gov/view/vuln/detail?vulnId=CVE-2018-10624','2018-08-01'),(4711,'2018-01-01',4385,4765,'CVE-2018-10602','https://cve.mitre.org/cgi-bin/cvename.cgi?name=2018-10602',NULL),(4712,'2018-01-01',4385,4766,'CVE-2018-10606','https://cve.mitre.org/cgi-bin/cvename.cgi?name=2018-10606',NULL),(4713,'2018-01-01',4385,4767,'CVE-2018-10610','https://cve.mitre.org/cgi-bin/cvename.cgi?name=2018-10610',NULL),(4714,'2018-01-01',4783,4768,'CVE-2018-10614','https://cve.mitre.org/cgi-bin/cvename.cgi?name=2018-10614',NULL),(4715,'2015-01-01',4424,4769,'CVE-2015-9251','http://web.nvd.nist.gov/view/vuln/detail?vulnId=CVE-2015-9251','2018-01-18'),(4716,'2015-01-01',4405,4770,'CVE-2015-8277','http://web.nvd.nist.gov/view/vuln/detail?vulnId=CVE-2015-8277','2016-02-23'),(4717,'2018-01-01',4405,4771,'CVE-2018-10620','http://web.nvd.nist.gov/view/vuln/detail?vulnId=CVE-2018-10620','2018-07-19'),(4718,'2018-01-01',4405,4772,'CVE-2018-10628','http://web.nvd.nist.gov/view/vuln/detail?vulnId=CVE-2018-10628','2018-07-24'),(4719,'2018-01-01',4405,4773,'CVE-2018-10627','http://web.nvd.nist.gov/view/vuln/detail?vulnId=CVE-2018-10627','2018-07-24'),(4720,'2018-01-01',4405,4774,'CVE-2018-8859','http://web.nvd.nist.gov/view/vuln/detail?vulnId=CVE-2018-8859','2018-07-24'),(4721,'2018-01-01',4405,4775,'CVE-2018-8851','http://web.nvd.nist.gov/view/vuln/detail?vulnId=CVE-2018-8851','2018-07-24'),(4722,'2018-01-01',4405,4776,'CVE-2018-8855','http://web.nvd.nist.gov/view/vuln/detail?vulnId=CVE-2018-8855','2018-07-24'),(4723,'2018-01-01',4384,4777,'CVE-2018-10632','http://web.nvd.nist.gov/view/vuln/detail?vulnId=CVE-2018-10632','2018-07-24'),(4724,'2018-01-01',4578,4778,'CVE-2018-10616','http://web.nvd.nist.gov/view/vuln/detail?vulnId=CVE-2018-10616','2018-07-18'),(4725,'2018-01-01',4794,4779,'CVE-2018-12981','http://web.nvd.nist.gov/view/vuln/detail?vulnId=CVE-2018-12981','2018-07-12'),(4726,'2018-01-01',4794,4780,'CVE-2018-12980','http://web.nvd.nist.gov/view/vuln/detail?vulnId=CVE-2018-12980','2018-07-12'),(4727,'2018-01-01',4455,4781,'CVE-2018-12979','http://web.nvd.nist.gov/view/vuln/detail?vulnId=CVE-2018-12979','2018-07-12'),(4728,'2018-01-01',4432,4782,'CVE-2018-8847','http://web.nvd.nist.gov/view/vuln/detail?vulnId=CVE-2018-8847','2018-07-13'),(4729,'2018-01-01',4481,4783,'CVE-2018-10633','http://web.nvd.nist.gov/view/vuln/detail?vulnId=CVE-2018-10633','2018-07-11'),(4730,'2018-01-01',4405,4784,'CVE-2018-10635','http://web.nvd.nist.gov/view/vuln/detail?vulnId=CVE-2018-10635','2018-07-11'),(4731,'2018-01-01',4800,4785,'CVE-2018-10604','http://web.nvd.nist.gov/view/vuln/detail?vulnId=CVE-2018-10604','2018-07-24'),(4732,'2018-01-01',4801,4786,'CVE-2018-10600','http://web.nvd.nist.gov/view/vuln/detail?vulnId=CVE-2018-10600','2018-07-24'),(4733,'2018-01-01',4802,4787,'CVE-2018-10608','http://web.nvd.nist.gov/view/vuln/detail?vulnId=CVE-2018-10608','2018-07-24'),(4734,'2018-01-01',4443,4788,'CVE-2018-0228','http://web.nvd.nist.gov/view/vuln/detail?vulnId=CVE-2018-0228','2018-04-19'),(4735,'2018-01-01',4804,4789,'CVE-2018-0227','http://web.nvd.nist.gov/view/vuln/detail?vulnId=CVE-2018-0227','2018-04-19'),(4736,'2018-01-01',4443,4790,'CVE-2018-0231','http://web.nvd.nist.gov/view/vuln/detail?vulnId=CVE-2018-0231','2018-04-19'),(4737,'2018-01-01',4443,4791,'CVE-2018-0240','http://web.nvd.nist.gov/view/vuln/detail?vulnId=CVE-2018-0240','2018-04-19'),(4738,'2018-01-01',4443,4792,'CVE-2018-0296','http://web.nvd.nist.gov/view/vuln/detail?vulnId=CVE-2018-0296','2018-06-07'),(4739,'2018-01-01',4808,4793,'CVE-2018-8870','http://web.nvd.nist.gov/view/vuln/detail?vulnId=CVE-2018-8870','2018-07-02'),(4740,'2018-01-01',4809,4794,'CVE-2018-8868','http://web.nvd.nist.gov/view/vuln/detail?vulnId=CVE-2018-8868','2018-07-02'),(4741,'2018-01-01',4481,4795,'CVE-2018-10594','http://web.nvd.nist.gov/view/vuln/detail?vulnId=CVE-2018-10594','2018-06-26'),(4742,'2017-01-01',4443,4796,'CVE-2017-9312','https://nvd.nist.gov/vuln/detail/CVE-2017-9312','2018-06-25'),(4743,'2017-01-01',4384,4797,'CVE-2017-2852','http://web.nvd.nist.gov/view/vuln/detail?vulnId=CVE-2017-2852','2018-06-01'),(4744,'2017-01-01',4453,4798,'CVE-2017-2853','http://web.nvd.nist.gov/view/vuln/detail?vulnId=CVE-2017-2853','2018-04-05'),(4745,'2017-01-01',4384,4799,'CVE-2017-2858','http://web.nvd.nist.gov/view/vuln/detail?vulnId=CVE-2017-2858','2018-06-01'),(4746,'2017-01-01',4384,4800,'CVE-2017-2860','http://web.nvd.nist.gov/view/vuln/detail?vulnId=CVE-2017-2860','2018-06-01'),(4747,'2017-01-01',4384,4801,'CVE-2017-2861','http://web.nvd.nist.gov/view/vuln/detail?vulnId=CVE-2017-2861','2018-04-05'),(4748,'2017-01-01',4817,4802,'CVE-2017-2867','http://web.nvd.nist.gov/view/vuln/detail?vulnId=CVE-2017-2867','2018-04-05'),(4749,'2017-01-01',4453,4803,'CVE-2017-2868','http://web.nvd.nist.gov/view/vuln/detail?vulnId=CVE-2017-2868','2018-04-05'),(4750,'2017-01-01',4453,4804,'CVE-2017-2869','http://web.nvd.nist.gov/view/vuln/detail?vulnId=CVE-2017-2869','2018-04-05'),(4751,'2018-01-01',4667,4805,'CVE-2018-4833','http://web.nvd.nist.gov/view/vuln/detail?vulnId=CVE-2018-4833','2018-06-14'),(4752,'2018-01-01',4453,4806,'CVE-2018-7784','http://web.nvd.nist.gov/view/vuln/detail?vulnId=CVE-2018-7784','2018-07-03'),(4753,'2018-01-01',4453,4807,'CVE-2018-7785','http://web.nvd.nist.gov/view/vuln/detail?vulnId=CVE-2018-7785','2018-07-03'),(4754,'2018-01-01',4424,4808,'CVE-2018-7786','http://web.nvd.nist.gov/view/vuln/detail?vulnId=CVE-2018-7786','2018-07-03'),(4755,'2018-01-01',4393,4809,'CVE-2018-7787','http://web.nvd.nist.gov/view/vuln/detail?vulnId=CVE-2018-7787','2018-07-03'),(4756,'2018-01-01',4825,4810,'CVE-2018-4842','http://web.nvd.nist.gov/view/vuln/detail?vulnId=CVE-2018-4842','2018-06-14'),(4757,'2018-01-01',4826,4811,'CVE-2018-4848','http://web.nvd.nist.gov/view/vuln/detail?vulnId=CVE-2018-4848','2018-11-27'),(4758,'2018-01-01',4556,4812,'CVE-2018-10619','http://web.nvd.nist.gov/view/vuln/detail?vulnId=CVE-2018-10619','2018-06-07'),(4759,'2018-01-01',4518,4813,'CVE-2018-10597','http://web.nvd.nist.gov/view/vuln/detail?vulnId=CVE-2018-10597','2018-06-05'),(4760,'2018-01-01',4829,4814,'CVE-2018-10599','http://web.nvd.nist.gov/view/vuln/detail?vulnId=CVE-2018-10599','2018-06-05'),(4761,'2018-01-01',4651,4815,'CVE-2018-10601','http://web.nvd.nist.gov/view/vuln/detail?vulnId=CVE-2018-10601','2018-06-05'),(4762,'2017-01-01',4405,4816,'CVE-2017-7931','http://web.nvd.nist.gov/view/vuln/detail?vulnId=CVE-2017-7931','2018-06-06'),(4763,'2017-01-01',4385,4817,'CVE-2017-7906','http://web.nvd.nist.gov/view/vuln/detail?vulnId=CVE-2017-7906','2018-06-06'),(4764,'2017-01-01',4405,4818,'CVE-2017-7933','http://web.nvd.nist.gov/view/vuln/detail?vulnId=CVE-2017-7933','2018-06-06'),(4765,'2018-01-01',4481,4819,'CVE-2018-10623','http://web.nvd.nist.gov/view/vuln/detail?vulnId=CVE-2018-10623','2018-06-18'),(4766,'2018-01-01',4481,4820,'CVE-2018-10617','http://web.nvd.nist.gov/view/vuln/detail?vulnId=CVE-2018-10617','2018-06-18'),(4767,'2018-01-01',4481,4821,'CVE-2018-10621','http://web.nvd.nist.gov/view/vuln/detail?vulnId=CVE-2018-10621','2018-06-18'),(4768,'2018-01-01',4481,4822,'CVE-2018-10611','http://web.nvd.nist.gov/view/vuln/detail?vulnId=CVE-2018-10611','2018-06-04'),(4769,'2018-01-01',4393,4823,'CVE-2018-10613','http://web.nvd.nist.gov/view/vuln/detail?vulnId=CVE-2018-10613','2018-06-04'),(4770,'2018-01-01',4839,4824,'CVE-2018-10615','http://web.nvd.nist.gov/view/vuln/detail?vulnId=CVE-2018-10615','2018-06-04'),(4771,'2018-01-01',4405,4825,'CVE-2018-10592','http://web.nvd.nist.gov/view/vuln/detail?vulnId=CVE-2018-10592','2018-07-31'),(4772,'2018-01-01',4407,4826,'CVE-2018-17900','http://web.nvd.nist.gov/view/vuln/detail?vulnId=CVE-2018-17900','2018-10-12'),(4773,'2018-01-01',4442,4827,'CVE-2018-17902','http://web.nvd.nist.gov/view/vuln/detail?vulnId=CVE-2018-17902','2018-10-12'),(4774,'2018-01-01',4843,4828,'CVE-2018-17896','http://web.nvd.nist.gov/view/vuln/detail?vulnId=CVE-2018-17896','2018-10-12'),(4775,'2018-01-01',4442,4829,'CVE-2018-17898','http://web.nvd.nist.gov/view/vuln/detail?vulnId=CVE-2018-17898','2018-10-12'),(4776,'2018-01-01',4393,4830,'CVE-2018-7526','http://web.nvd.nist.gov/view/vuln/detail?vulnId=CVE-2018-7526','2018-05-24'),(4777,'2018-01-01',4396,4831,'CVE-2018-7518','http://web.nvd.nist.gov/view/vuln/detail?vulnId=CVE-2018-7518','2018-05-24'),(4778,'2018-01-01',4396,4832,'CVE-2018-7510','http://web.nvd.nist.gov/view/vuln/detail?vulnId=CVE-2018-7510','2018-06-06'),(4779,'2016-01-01',4405,4833,'CVE-2016-2177','http://web.nvd.nist.gov/view/vuln/detail?vulnId=CVE-2016-2177','2016-06-19'),(4780,'2016-01-01',4633,4834,'CVE-2016-10395','http://web.nvd.nist.gov/view/vuln/detail?vulnId=CVE-2016-10395','2017-06-15'),(4781,'2017-01-01',4424,4835,'CVE-2017-5571','http://web.nvd.nist.gov/view/vuln/detail?vulnId=CVE-2017-5571','2017-03-03'),(4782,'2018-01-01',4851,4836,'CVE-2018-10593','http://web.nvd.nist.gov/view/vuln/detail?vulnId=CVE-2018-10593','2018-05-24'),(4783,'2018-01-01',4852,4837,'CVE-2018-10595','http://web.nvd.nist.gov/view/vuln/detail?vulnId=CVE-2018-10595','2018-05-24'),(4784,'2018-01-01',4853,4838,'CVE-2018-10603','http://web.nvd.nist.gov/view/vuln/detail?vulnId=CVE-2018-10603','2018-07-31'),(4785,'2018-01-01',4395,4839,'CVE-2018-10605','http://web.nvd.nist.gov/view/vuln/detail?vulnId=CVE-2018-10605','2018-10-01'),(4786,'2018-01-01',4638,4840,'CVE-2018-10607','http://web.nvd.nist.gov/view/vuln/detail?vulnId=CVE-2018-10607','2018-07-31'),(4787,'2018-01-01',4605,4841,'CVE-2018-10609','http://web.nvd.nist.gov/view/vuln/detail?vulnId=CVE-2018-10609','2018-07-31'),(4788,'2018-01-01',4616,4842,'CVE-2018-8849','http://web.nvd.nist.gov/view/vuln/detail?vulnId=CVE-2018-8849','2018-05-18'),(4789,'2018-01-01',4858,4843,'CVE-2018-10631','http://web.nvd.nist.gov/view/vuln/detail?vulnId=CVE-2018-10631','2018-07-13'),(4790,'2018-01-01',4384,4844,'CVE-2018-8867','http://web.nvd.nist.gov/view/vuln/detail?vulnId=CVE-2018-8867','2018-05-18'),(4791,'2018-01-01',4417,4845,'CVE-2018-10730','http://web.nvd.nist.gov/view/vuln/detail?vulnId=CVE-2018-10730','2018-05-17'),(4792,'2018-01-01',4393,4846,'CVE-2018-10729','http://web.nvd.nist.gov/view/vuln/detail?vulnId=CVE-2017-10729','2017-07-05'),(4793,'2018-01-01',4399,4847,'CVE-2018-10728','http://web.nvd.nist.gov/view/vuln/detail?vulnId=CVE-2017-10728','2017-07-05'),(4794,'2018-01-01',4817,4848,'CVE-2018-10731','http://web.nvd.nist.gov/view/vuln/detail?vulnId=CVE-2017-10731','2017-07-05'),(4795,'2018-01-01',4384,4849,'CVE-2018-4850','http://web.nvd.nist.gov/view/vuln/detail?vulnId=CVE-2018-4850','2018-05-16'),(4796,'2018-01-01',4481,4850,'CVE-2018-8871','http://web.nvd.nist.gov/view/vuln/detail?vulnId=CVE-2018-8871','2018-05-25'),(4797,'2018-01-01',4393,4851,'CVE-2018-7501','http://web.nvd.nist.gov/view/vuln/detail?vulnId=CVE-2018-7501','2018-05-15'),(4798,'2018-01-01',4396,4852,'CVE-2018-10590','http://web.nvd.nist.gov/view/vuln/detail?vulnId=CVE-2018-10590','2018-05-15'),(4799,'2018-01-01',4405,4853,'CVE-2018-7505','http://web.nvd.nist.gov/view/vuln/detail?vulnId=CVE-2018-7505','2018-05-15'),(4800,'2018-01-01',4396,4854,'CVE-2018-7503','http://web.nvd.nist.gov/view/vuln/detail?vulnId=CVE-2018-7503','2018-05-15'),(4801,'2018-01-01',4405,4855,'CVE-2018-10589','http://web.nvd.nist.gov/view/vuln/detail?vulnId=CVE-2018-10589','2018-05-15'),(4802,'2018-01-01',4405,4856,'CVE-2018-7499','http://web.nvd.nist.gov/view/vuln/detail?vulnId=CVE-2018-7499','2018-05-15'),(4803,'2018-01-01',4405,4857,'CVE-2018-8845','http://web.nvd.nist.gov/view/vuln/detail?vulnId=CVE-2018-8845','2018-05-15'),(4804,'2018-01-01',4405,4858,'CVE-2018-7497','http://web.nvd.nist.gov/view/vuln/detail?vulnId=CVE-2018-7497','2018-05-15'),(4805,'2018-01-01',4384,4859,'CVE-2018-7495','http://web.nvd.nist.gov/view/vuln/detail?vulnId=CVE-2018-7495','2018-05-15'),(4806,'2018-01-01',4875,4860,'CVE-2018-10591','http://web.nvd.nist.gov/view/vuln/detail?vulnId=CVE-2018-10591','2018-05-15'),(4807,'2018-01-01',4568,4861,'CVE-2018-8841','http://web.nvd.nist.gov/view/vuln/detail?vulnId=CVE-2018-8841','2018-05-15'),(4808,'2018-01-01',4877,4862,'CVE-2018-8714','https://nvd.nist.gov/vuln/detail/CVE-2018-8714','2018-05-17'),(4809,'2018-01-01',4878,4863,'CVE-2018-8843','http://web.nvd.nist.gov/view/vuln/detail?vulnId=CVE-2018-8843','2019-02-13'),(4810,'2017-01-01',4879,4864,'CVE-2017-13754','http://web.nvd.nist.gov/view/vuln/detail?vulnId=CVE-2017-13754','2017-09-07'),(4811,'2015-01-01',4405,4865,'CVE-2015-8277','http://web.nvd.nist.gov/view/vuln/detail?vulnId=CVE-2015-8277','2016-02-23'),(4812,'2018-01-01',4881,4866,'CVE-2018-6020','http://web.nvd.nist.gov/view/vuln/detail?vulnId=CVE-2018-6020','2018-05-09'),(4813,'2018-01-01',4882,4867,'CVE-2018-6021','http://web.nvd.nist.gov/view/vuln/detail?vulnId=CVE-2018-6021','2018-05-09'),(4814,'2017-01-01',4384,4868,'CVE-2017-12741','https://nvd.nist.gov/vuln/detail/CVE-2017-12741','2019-04-17'),(4815,'2017-01-01',4566,4869,'CVE-2017-2680','https://nvd.nist.gov/vuln/detail/CVE-2017-2680','2018-03-06'),(4816,'2018-01-01',4399,4870,'CVE-2018-7891','http://web.nvd.nist.gov/view/vuln/detail?vulnId=CVE-2018-7891','2018-04-30'),(4817,'2018-01-01',4886,4871,'CVE-2018-4849','http://web.nvd.nist.gov/view/vuln/detail?vulnId=CVE-2018-4849','2018-05-03'),(4818,'2018-01-01',4887,4872,'CVE-2018-8853','http://web.nvd.nist.gov/view/vuln/detail?vulnId=CVE-2018-8853','2018-05-04'),(4819,'2018-01-01',4887,4873,'CVE-2018-8861','http://web.nvd.nist.gov/view/vuln/detail?vulnId=CVE-2018-8861','2018-05-04'),(4820,'2018-01-01',4568,4874,'CVE-2018-8857','http://web.nvd.nist.gov/view/vuln/detail?vulnId=CVE-2018-8857','2018-05-04'),(4821,'2018-01-01',4405,4875,'CVE-2018-8869','http://web.nvd.nist.gov/view/vuln/detail?vulnId=CVE-2018-8869','2018-05-04'),(4822,'2018-01-01',4405,4876,'CVE-2018-8865','http://web.nvd.nist.gov/view/vuln/detail?vulnId=CVE-2018-8865','2018-05-04'),(4823,'2018-01-01',4892,4877,'CVE-2018-8839','http://web.nvd.nist.gov/view/vuln/detail?vulnId=CVE-2018-8839','2018-04-30'),(4824,'2018-01-01',4753,4878,'CVE-2018-7527','https://nvd.nist.gov/vuln/detail/CVE-2018-7527','2018-04-26'),(4825,'2018-01-01',4502,4879,'CVE-2018-8866','https://nvd.nist.gov/vuln/detail/CVE-2018-8866','2018-05-09'),(4826,'2018-01-01',4479,4880,'CVE-2018-8860','https://nvd.nist.gov/vuln/detail/CVE-2018-8860','2018-05-09'),(4827,'2018-01-01',4395,4881,'CVE-2018-17933','http://web.nvd.nist.gov/view/vuln/detail?vulnId=CVE-2018-17933','2018-10-30'),(4828,'2018-01-01',4383,4882,'CVE-2018-17931','http://web.nvd.nist.gov/view/vuln/detail?vulnId=CVE-2018-17931','2018-10-30'),(4829,'2018-01-01',4898,4883,'CVE-2018-8858','http://web.nvd.nist.gov/view/vuln/detail?vulnId=CVE-2018-8858','2018-10-30'),(4830,'2018-01-01',4899,4884,'CVE-2018-3624','http://web.nvd.nist.gov/view/vuln/detail?vulnId=CVE-2018-3624','2018-04-05'),(4831,'2018-01-01',4588,4885,'CVE-2018-8833','http://web.nvd.nist.gov/view/vuln/detail?vulnId=CVE-2018-8833','2018-04-25'),(4832,'2018-01-01',4588,4886,'CVE-2018-8835','http://web.nvd.nist.gov/view/vuln/detail?vulnId=CVE-2018-8835','2018-04-25'),(4833,'2018-01-01',4588,4887,'CVE-2018-8837','http://web.nvd.nist.gov/view/vuln/detail?vulnId=CVE-2018-8837','2018-04-25'),(4834,'2018-01-01',4903,4888,'CVE-2018-4847','https://cve.mitre.org/cgi-bin/cvename.cgi?name=CVE-2018-4847',NULL),(4835,'2017-01-01',4667,4889,'CVE-2017-12712','https://nvd.nist.gov/vuln/detail/CVE-2017-12712','2018-04-25'),(4836,'2017-01-01',4905,4890,'CVE-2017-12714','https://nvd.nist.gov/vuln/detail/CVE-2017-12714','2018-04-25'),(4837,'2018-01-01',4405,4891,'CVE-2018-8840','http://web.nvd.nist.gov/view/vuln/detail?vulnId=CVE-2018-8840','2018-04-18'),(4838,'2018-01-01',4817,4892,'CVE-2018-8872','http://web.nvd.nist.gov/view/vuln/detail?vulnId=CVE-2018-8872','2018-05-04'),(4839,'2018-01-01',4908,4893,'CVE-2018-7522','http://web.nvd.nist.gov/view/vuln/detail?vulnId=CVE-2018-7522','2018-05-04'),(4840,'2018-01-01',4443,4894,'CVE-2018-0158','http://web.nvd.nist.gov/view/vuln/detail?vulnId=CVE-2018-0158','2018-03-28'),(4841,'2018-01-01',4405,4895,'CVE-2018-0151','http://web.nvd.nist.gov/view/vuln/detail?vulnId=CVE-2018-0151','2018-03-28'),(4842,'2018-01-01',4502,4896,'CVE-2018-0167','http://web.nvd.nist.gov/view/vuln/detail?vulnId=CVE-2018-0167','2018-04-19'),(4843,'2018-01-01',4502,4897,'CVE-2018-0175','http://web.nvd.nist.gov/view/vuln/detail?vulnId=CVE-2018-0175','2018-04-19'),(4844,'2018-01-01',4405,4898,'CVE-2018-0171','http://web.nvd.nist.gov/view/vuln/detail?vulnId=CVE-2018-0171','2018-03-28'),(4845,'2018-01-01',4443,4899,'CVE-2018-0156','http://web.nvd.nist.gov/view/vuln/detail?vulnId=CVE-2018-0156','2018-03-28'),(4846,'2018-01-01',4443,4900,'CVE-2018-0174','http://web.nvd.nist.gov/view/vuln/detail?vulnId=CVE-2018-0174','2018-03-28'),(4847,'2018-01-01',4443,4901,'CVE-2018-0172','http://web.nvd.nist.gov/view/vuln/detail?vulnId=CVE-2018-0172','2018-03-28'),(4848,'2018-01-01',4443,4902,'CVE-2018-0173','http://web.nvd.nist.gov/view/vuln/detail?vulnId=CVE-2018-0173','2018-03-28'),(4849,'2018-01-01',4443,4903,'CVE-2018-0158','http://web.nvd.nist.gov/view/vuln/detail?vulnId=CVE-2018-0158','2018-03-28'),(4850,'2018-01-01',4502,4904,'CVE-2018-0167','http://web.nvd.nist.gov/view/vuln/detail?vulnId=CVE-2018-0167','2018-04-19'),(4851,'2018-01-01',4502,4905,'CVE-2018-0175','http://web.nvd.nist.gov/view/vuln/detail?vulnId=CVE-2018-0175','2018-04-19'),(4852,'2018-01-01',4405,4906,'CVE-2018-0171','http://web.nvd.nist.gov/view/vuln/detail?vulnId=CVE-2018-0171','2018-03-28'),(4853,'2018-01-01',4443,4907,'CVE-2018-0156','http://web.nvd.nist.gov/view/vuln/detail?vulnId=CVE-2018-0156','2018-03-28'),(4854,'2018-01-01',4443,4908,'CVE-2018-0155','http://web.nvd.nist.gov/view/vuln/detail?vulnId=CVE-2018-0155','2018-03-28'),(4855,'2018-01-01',4443,4909,'CVE-2018-0174','http://web.nvd.nist.gov/view/vuln/detail?vulnId=CVE-2018-0174','2018-03-28'),(4856,'2018-01-01',4443,4910,'CVE-2018-0172','http://web.nvd.nist.gov/view/vuln/detail?vulnId=CVE-2018-0172','2018-03-28'),(4857,'2018-01-01',4443,4911,'CVE-2018-0173','http://web.nvd.nist.gov/view/vuln/detail?vulnId=CVE-2018-0173','2018-03-28'),(4858,'2018-01-01',4502,4912,'CVE-2018-0167','http://web.nvd.nist.gov/view/vuln/detail?vulnId=CVE-2018-0167','2018-04-19'),(4859,'2018-01-01',4502,4913,'CVE-2018-0175','http://web.nvd.nist.gov/view/vuln/detail?vulnId=CVE-2018-0175','2018-04-19'),(4860,'2018-01-01',4929,4914,'CVE-2018-8838','http://web.nvd.nist.gov/view/vuln/detail?vulnId=CVE-2018-8838','2018-04-17'),(4861,'2018-01-01',4775,4915,'CVE-2018-8862','http://web.nvd.nist.gov/view/vuln/detail?vulnId=CVE-2018-8862','2018-05-25'),(4862,'2018-01-01',4775,4916,'CVE-2018-8864','http://web.nvd.nist.gov/view/vuln/detail?vulnId=CVE-2018-8864','2018-05-25'),(4863,'2018-01-01',4678,4917,'CVE-2018-8834','http://web.nvd.nist.gov/view/vuln/detail?vulnId=CVE-2018-8834','2018-04-17'),(4864,'2018-01-01',4678,4918,'CVE-2018-7514','http://web.nvd.nist.gov/view/vuln/detail?vulnId=CVE-2018-7514','2018-04-17'),(4865,'2018-01-01',4678,4919,'CVE-2018-7530','http://web.nvd.nist.gov/view/vuln/detail?vulnId=CVE-2018-7530','2018-04-17'),(4866,'2018-01-01',4396,4920,'CVE-2018-7506','http://web.nvd.nist.gov/view/vuln/detail?vulnId=CVE-2018-7506','2018-04-06'),(4867,'2018-01-01',4936,4921,'CVE-2018-5463','http://web.nvd.nist.gov/view/vuln/detail?vulnId=CVE-2018-5463','2018-04-09'),(4868,'2017-01-01',4405,4922,'CVE-2017-11496','http://web.nvd.nist.gov/view/vuln/detail?vulnId=CVE-2017-11496','2017-10-02'),(4869,'2017-01-01',4405,4923,'CVE-2017-11497','http://web.nvd.nist.gov/view/vuln/detail?vulnId=CVE-2017-11497','2017-10-02'),(4870,'2017-01-01',4405,4924,'CVE-2017-12819','http://web.nvd.nist.gov/view/vuln/detail?vulnId=CVE-2017-12819','2017-10-03'),(4871,'2017-01-01',4405,4925,'CVE-2017-12821','http://web.nvd.nist.gov/view/vuln/detail?vulnId=CVE-2017-12821','2017-10-03'),(4872,'2017-01-01',4384,4926,'CVE-2017-11498','http://web.nvd.nist.gov/view/vuln/detail?vulnId=CVE-2017-11498','2017-10-02'),(4873,'2017-01-01',4384,4927,'CVE-2017-12818','http://web.nvd.nist.gov/view/vuln/detail?vulnId=CVE-2017-12818','2017-10-03'),(4874,'2017-01-01',4384,4928,'CVE-2017-12820','http://web.nvd.nist.gov/view/vuln/detail?vulnId=CVE-2017-12820','2017-10-03'),(4875,'2017-01-01',4944,4929,'CVE-2017-12822','http://web.nvd.nist.gov/view/vuln/detail?vulnId=CVE-2017-12822','2017-10-03'),(4876,'2018-01-01',4442,4930,'CVE-2018-8836','http://web.nvd.nist.gov/view/vuln/detail?vulnId=CVE-2018-8836','2018-04-03'),(4877,'2018-01-01',4405,4931,'CVE-2018-4841','http://web.nvd.nist.gov/view/vuln/detail?vulnId=CVE-2018-4841','2018-03-29'),(4878,'2018-01-01',4384,4932,'CVE-2018-4832','http://web.nvd.nist.gov/view/vuln/detail?vulnId=CVE-2018-4832','2018-10-10'),(4879,'2018-01-01',4948,4933,'CVE-2018-7240','http://web.nvd.nist.gov/view/vuln/detail?vulnId=CVE-2018-7240','2018-04-18'),(4880,'2018-01-01',4949,4934,'CVE-2018-7241','http://web.nvd.nist.gov/view/vuln/detail?vulnId=CVE-2018-7241','2018-12-05'),(4881,'2018-01-01',4949,4935,'CVE-2018-7242','http://web.nvd.nist.gov/view/vuln/detail?vulnId=CVE-2018-7242','2018-12-05'),(4882,'2018-01-01',4393,4936,'CVE-2018-5451','http://web.nvd.nist.gov/view/vuln/detail?vulnId=CVE-2018-5451','2018-03-28'),(4883,'2018-01-01',4393,4937,'CVE-2018-7498','http://web.nvd.nist.gov/view/vuln/detail?vulnId=CVE-2018-7498','2018-03-28'),(4884,'2018-01-01',4953,4938,'CVE-2018-4844','https://cve.mitre.org/cgi-bin/cvename.cgi?name=CVE-2018-4844',NULL),(4885,'2018-01-01',4633,4939,'CVE-2018-7502','http://web.nvd.nist.gov/view/vuln/detail?vulnId=CVE-2018-7502','2018-03-26'),(4886,'2018-01-01',4405,4940,'CVE-2018-7532','http://web.nvd.nist.gov/view/vuln/detail?vulnId=CVE-2018-7532','2018-03-22'),(4887,'2018-01-01',4710,4941,'CVE-2018-7528','http://web.nvd.nist.gov/view/vuln/detail?vulnId=CVE-2018-7528','2018-03-22'),(4888,'2018-01-01',4385,4942,'CVE-2018-7524','http://web.nvd.nist.gov/view/vuln/detail?vulnId=CVE-2018-7524','2018-03-22'),(4889,'2018-01-01',4405,4943,'CVE-2018-7520','http://web.nvd.nist.gov/view/vuln/detail?vulnId=CVE-2018-7520','2018-03-22'),(4890,'2018-01-01',4959,4944,'CVE-2018-7516','http://web.nvd.nist.gov/view/vuln/detail?vulnId=CVE-2018-7516','2018-03-22'),(4891,'2018-01-01',4385,4945,'CVE-2018-7512','http://web.nvd.nist.gov/view/vuln/detail?vulnId=CVE-2018-7512','2018-03-22'),(4892,'2018-01-01',4905,4946,'CVE-2018-4843','http://web.nvd.nist.gov/view/vuln/detail?vulnId=CVE-2018-4843','2019-05-14'),(4893,'2018-01-01',4678,4947,'CVE-2018-7513','http://web.nvd.nist.gov/view/vuln/detail?vulnId=CVE-2018-7513','2018-03-21'),(4894,'2018-01-01',4678,4948,'CVE-2018-7521','http://web.nvd.nist.gov/view/vuln/detail?vulnId=CVE-2018-7521','2018-03-21'),(4895,'2018-01-01',4678,4949,'CVE-2018-7515','http://web.nvd.nist.gov/view/vuln/detail?vulnId=CVE-2018-7515','2018-03-21'),(4896,'2018-01-01',4678,4950,'CVE-2018-7523','http://web.nvd.nist.gov/view/vuln/detail?vulnId=CVE-2018-7523','2018-03-21'),(4897,'2018-01-01',4678,4951,'CVE-2018-7517','http://web.nvd.nist.gov/view/vuln/detail?vulnId=CVE-2018-7517','2018-03-21'),(4898,'2018-01-01',4678,4952,'CVE-2018-7525','http://web.nvd.nist.gov/view/vuln/detail?vulnId=CVE-2018-7525','2018-03-21'),(4899,'2018-01-01',4678,4953,'CVE-2018-7519','http://web.nvd.nist.gov/view/vuln/detail?vulnId=CVE-2018-7519','2018-03-21'),(4900,'2018-01-01',4384,4954,'CVE-2018-7529','http://web.nvd.nist.gov/view/vuln/detail?vulnId=CVE-2018-7529','2018-03-14'),(4901,'2018-01-01',4380,4955,'CVE-2018-7533','http://web.nvd.nist.gov/view/vuln/detail?vulnId=CVE-2018-7533','2018-03-14'),(4902,'2018-01-01',4533,4956,'CVE-2018-7531','http://web.nvd.nist.gov/view/vuln/detail?vulnId=CVE-2018-7531','2018-03-14'),(4903,'2018-01-01',4424,4957,'CVE-2018-7504','http://web.nvd.nist.gov/view/vuln/detail?vulnId=CVE-2018-7504','2018-03-14'),(4904,'2018-01-01',4706,4958,'CVE-2018-7496','http://web.nvd.nist.gov/view/vuln/detail?vulnId=CVE-2018-7496','2018-03-14'),(4905,'2018-01-01',4974,4959,'CVE-2018-7500','http://web.nvd.nist.gov/view/vuln/detail?vulnId=CVE-2018-7500','2018-03-14'),(4906,'2018-01-01',4640,4960,'CVE-2018-7508','http://web.nvd.nist.gov/view/vuln/detail?vulnId=CVE-2018-7508','2018-03-14'),(4907,'2018-01-01',4804,4961,'CVE-2018-4840','https://cve.mitre.org/cgi-bin/cvename.cgi?name=CVE-2018-4840',NULL),(4908,'2018-01-01',4977,4962,'CVE-2018-4839','https://cve.mitre.org/cgi-bin/cvename.cgi?name=CVE-2018-4839',NULL),(4909,'2018-01-01',4804,4963,'CVE-2018-4838','https://cve.mitre.org/cgi-bin/cvename.cgi?name=CVE-2018-4838',NULL),(4910,'2018-01-01',4455,4964,'CVE-2018-5465','http://web.nvd.nist.gov/view/vuln/detail?vulnId=CVE-2018-5465','2018-03-06'),(4911,'2018-01-01',4636,4965,'CVE-2018-5467','http://web.nvd.nist.gov/view/vuln/detail?vulnId=CVE-2018-5467','2018-03-06'),(4912,'2018-01-01',4705,4966,'CVE-2018-5471','http://web.nvd.nist.gov/view/vuln/detail?vulnId=CVE-2018-5471','2018-03-06'),(4913,'2018-01-01',4982,4967,'CVE-2018-5461','http://web.nvd.nist.gov/view/vuln/detail?vulnId=CVE-2018-5461','2018-03-06'),(4914,'2018-01-01',4455,4968,'CVE-2018-5469','http://web.nvd.nist.gov/view/vuln/detail?vulnId=CVE-2018-5469','2018-03-06'),(4915,'2018-01-01',4633,4969,'CVE-2018-7239','http://web.nvd.nist.gov/view/vuln/detail?vulnId=CVE-2018-7239','2018-03-09'),(4916,'2018-01-01',4588,4970,'CVE-2018-7511','http://web.nvd.nist.gov/view/vuln/detail?vulnId=CVE-2018-7511','2018-03-20'),(4917,'2018-01-01',4405,4971,'CVE-2018-5455','http://web.nvd.nist.gov/view/vuln/detail?vulnId=CVE-2018-5455','2018-03-05'),(4918,'2018-01-01',4384,4972,'CVE-2018-5453','http://web.nvd.nist.gov/view/vuln/detail?vulnId=CVE-2018-5453','2018-03-05'),(4919,'2018-01-01',4566,4973,'CVE-2018-5449','http://web.nvd.nist.gov/view/vuln/detail?vulnId=CVE-2018-5449','2018-03-05'),(4920,'2018-01-01',4588,4974,'CVE-2018-5476','http://web.nvd.nist.gov/view/vuln/detail?vulnId=CVE-2018-5476','2018-03-15'),(4921,'2017-01-01',4421,4975,'CVE-2017-15361','http://web.nvd.nist.gov/view/vuln/detail?vulnId=CVE-2017-15361','2017-10-22'),(4922,'2018-01-01',4991,4976,'CVE-2018-7494','http://web.nvd.nist.gov/view/vuln/detail?vulnId=CVE-2018-7494','2018-05-04'),(4923,'2018-01-01',4991,4977,'CVE-2018-7507','http://web.nvd.nist.gov/view/vuln/detail?vulnId=CVE-2018-7507','2018-05-04'),(4924,'2018-01-01',4991,4978,'CVE-2018-7509','http://web.nvd.nist.gov/view/vuln/detail?vulnId=CVE-2018-7509','2018-05-04'),(4925,'2018-01-01',4384,4979,'CVE-2018-5452','http://web.nvd.nist.gov/view/vuln/detail?vulnId=CVE-2018-5452','2018-03-07'),(4926,'2018-01-01',4773,4980,'CVE-2018-5446','http://web.nvd.nist.gov/view/vuln/detail?vulnId=CVE-2018-5446','2018-05-04'),(4927,'2018-01-01',4996,4981,'CVE-2018-5448','http://web.nvd.nist.gov/view/vuln/detail?vulnId=CVE-2018-5448','2018-05-04'),(4928,'2018-01-01',4997,4982,'CVE-2018-10596','http://web.nvd.nist.gov/view/vuln/detail?vulnId=CVE-2018-10596','2018-07-02'),(4929,'2018-01-01',4612,4983,'CVE-2018-5477','http://web.nvd.nist.gov/view/vuln/detail?vulnId=CVE-2018-5477','2018-02-20'),(4930,'2018-01-01',4405,4984,'CVE-2018-5439','http://web.nvd.nist.gov/view/vuln/detail?vulnId=CVE-2018-5439','2018-02-19'),(4931,'2018-01-01',4405,4985,'CVE-2018-5475','http://web.nvd.nist.gov/view/vuln/detail?vulnId=CVE-2018-5475','2018-02-19'),(4932,'2018-01-01',4405,4986,'CVE-2018-5473','http://web.nvd.nist.gov/view/vuln/detail?vulnId=CVE-2018-5473','2018-02-19'),(4933,'2017-01-01',5002,4987,'CVE-2017-9968','http://web.nvd.nist.gov/view/vuln/detail?vulnId=CVE-2017-9968','2018-02-12'),(4934,'2017-01-01',5003,4988,'CVE-2017-9969','http://web.nvd.nist.gov/view/vuln/detail?vulnId=CVE-2017-9969','2018-02-12'),(4935,'2017-01-01',4387,4989,'CVE-2017-9970','http://web.nvd.nist.gov/view/vuln/detail?vulnId=CVE-2017-9970','2018-02-12'),(4936,'2018-01-01',4405,4990,'CVE-2018-5459','http://web.nvd.nist.gov/view/vuln/detail?vulnId=CVE-2018-5459','2018-02-13'),(4937,'2017-01-01',5006,4991,'CVE-2017-9967','http://web.nvd.nist.gov/view/vuln/detail?vulnId=CVE-2017-9967','2018-02-12'),(4938,'2018-01-01',4505,4992,'CVE-2018-5457','http://web.nvd.nist.gov/view/vuln/detail?vulnId=CVE-2018-5457','2018-02-06'),(4939,'2018-01-01',4426,4993,'CVE-2018-5442','http://web.nvd.nist.gov/view/vuln/detail?vulnId=CVE-2018-5442','2018-02-05'),(4940,'2018-01-01',4405,4994,'CVE-2018-5440','http://web.nvd.nist.gov/view/vuln/detail?vulnId=CVE-2018-5440','2018-02-15'),(4941,'2017-01-01',4384,4995,'CVE-2017-11498','http://web.nvd.nist.gov/view/vuln/detail?vulnId=CVE-2017-11498','2017-10-02'),(4942,'2017-01-01',4405,4996,'CVE-2017-11497','http://web.nvd.nist.gov/view/vuln/detail?vulnId=CVE-2017-11497','2017-10-02'),(4943,'2017-01-01',4405,4997,'CVE-2017-11496','http://web.nvd.nist.gov/view/vuln/detail?vulnId=CVE-2017-11496','2017-10-02'),(4944,'2017-01-01',4384,4998,'CVE-2017-12818','http://web.nvd.nist.gov/view/vuln/detail?vulnId=CVE-2017-12818','2017-10-03'),(4945,'2017-01-01',4405,4999,'CVE-2017-12821','http://web.nvd.nist.gov/view/vuln/detail?vulnId=CVE-2017-12821','2017-10-03'),(4946,'2017-01-01',4384,5000,'CVE-2017-12820','http://web.nvd.nist.gov/view/vuln/detail?vulnId=CVE-2017-12820','2017-10-03'),(4947,'2017-01-01',5016,5001,'CVE-2017-12822','http://web.nvd.nist.gov/view/vuln/detail?vulnId=CVE-2017-12822','2017-10-03'),(4948,'2018-01-01',4406,5002,'CVE-2018-5441','http://web.nvd.nist.gov/view/vuln/detail?vulnId=CVE-2018-5441','2018-01-30'),(4949,'2018-01-01',4393,5003,'CVE-2018-4835','http://web.nvd.nist.gov/view/vuln/detail?vulnId=CVE-2017-4835','2018-03-16'),(4950,'2018-01-01',4395,5004,'CVE-2018-4836','http://web.nvd.nist.gov/view/vuln/detail?vulnId=CVE-2017-4836','2018-03-16'),(4951,'2018-01-01',4442,5005,'CVE-2018-4837','http://web.nvd.nist.gov/view/vuln/detail?vulnId=CVE-2017-4837','2018-03-16'),(4952,'2018-01-01',4405,5006,'CVE-2018-5447','http://web.nvd.nist.gov/view/vuln/detail?vulnId=CVE-2018-5447','2018-01-25'),(4953,'2018-01-01',4405,5007,'CVE-2018-4834','http://web.nvd.nist.gov/view/vuln/detail?vulnId=CVE-2018-4834','2019-03-26'),(4954,'2018-01-01',5023,5008,'CVE-2018-5438','https://nvd.nist.gov/vuln/detail/CVE-2018-5438','2018-03-20'),(4955,'2018-01-01',4393,5009,'CVE-2018-5445','http://web.nvd.nist.gov/view/vuln/detail?vulnId=CVE-2018-5445','2018-01-24'),(4956,'2018-01-01',4393,5010,'CVE-2018-5443','http://web.nvd.nist.gov/view/vuln/detail?vulnId=CVE-2018-5443','2018-01-24'),(4957,'2017-01-01',4566,5011,'CVE-2017-2680','http://web.nvd.nist.gov/view/vuln/detail?vulnId=CVE-2017-2680','2018-03-06'),(4958,'2017-01-01',4405,5012,'CVE-2017-11496','https://nvd.nist.gov/vuln/detail/CVE-2017-11496','2017-10-02'),(4959,'2017-01-01',4405,5013,'CVE-2017-11497','https://nvd.nist.gov/vuln/detail/CVE-2017-11497','2017-10-02'),(4960,'2017-01-01',4384,5014,'CVE-2017-11498','https://nvd.nist.gov/vuln/detail/CVE-2017-11498','2017-10-02'),(4961,'2017-01-01',4384,5015,'CVE-2017-12818','https://nvd.nist.gov/vuln/detail/CVE-2017-12818','2017-10-03'),(4962,'2017-01-01',4405,5016,'CVE-2017-12819','https://nvd.nist.gov/vuln/detail/CVE-2017-12819','2017-10-03'),(4963,'2017-01-01',4384,5017,'CVE-2017-12820','https://nvd.nist.gov/vuln/detail/CVE-2017-12820','2017-10-03'),(4964,'2017-01-01',4405,5018,'CVE-2017-12821','https://nvd.nist.gov/vuln/detail/CVE-2017-12821','2017-10-03'),(4965,'2017-01-01',4944,5019,'CVE-2017-12822','https://nvd.nist.gov/vuln/detail/CVE-2017-12822','2017-10-03'),(4966,'2017-01-01',4678,5020,'CVE-2017-16739','http://web.nvd.nist.gov/view/vuln/detail?vulnId=CVE-2017-16739','2018-01-12'),(4967,'2017-01-01',4678,5021,'CVE-2017-16737','http://web.nvd.nist.gov/view/vuln/detail?vulnId=CVE-2017-16737','2018-01-12'),(4968,'2017-01-01',4633,5022,'CVE-2017-14030','http://web.nvd.nist.gov/view/vuln/detail?vulnId=CVE-2017-14030','2018-01-12'),(4969,'2017-01-01',4405,5023,'CVE-2017-16743','http://web.nvd.nist.gov/view/vuln/detail?vulnId=CVE-2017-16743','2018-01-12'),(4970,'2017-01-01',4393,5024,'CVE-2017-16741','http://web.nvd.nist.gov/view/vuln/detail?vulnId=CVE-2017-16741','2018-01-12'),(4971,'2017-01-01',4443,5025,'CVE-2017-16740','http://web.nvd.nist.gov/view/vuln/detail?vulnId=CVE-2017-16740','2018-01-09'),(4972,'2017-01-01',4405,5026,'CVE-2017-9663','http://web.nvd.nist.gov/view/vuln/detail?vulnId=CVE-2017-9663','2018-01-09'),(4973,'2017-01-01',4385,5027,'CVE-2017-12697','http://web.nvd.nist.gov/view/vuln/detail?vulnId=CVE-2017-12697','2018-01-09'),(4974,'2017-01-01',4395,5028,'CVE-2017-12695','http://web.nvd.nist.gov/view/vuln/detail?vulnId=CVE-2017-12695','2018-01-09'),(4975,'2017-01-01',4878,5029,'CVE-2017-16751','http://web.nvd.nist.gov/view/vuln/detail?vulnId=CVE-2017-16751','2018-03-15'),(4976,'2017-01-01',4878,5030,'CVE-2017-16749','http://web.nvd.nist.gov/view/vuln/detail?vulnId=CVE-2017-16749','2018-03-15'),(4977,'2017-01-01',4878,5031,'CVE-2017-16747','http://web.nvd.nist.gov/view/vuln/detail?vulnId=CVE-2017-16747','2018-03-15'),(4978,'2017-01-01',4878,5032,'CVE-2017-16745','http://web.nvd.nist.gov/view/vuln/detail?vulnId=CVE-2017-16745','2018-03-15'),(4979,'2017-01-01',4384,5033,'CVE-2017-16728','http://web.nvd.nist.gov/view/vuln/detail?vulnId=CVE-2017-16728','2018-01-05'),(4980,'2017-01-01',4638,5034,'CVE-2017-16724','http://web.nvd.nist.gov/view/vuln/detail?vulnId=CVE-2017-16724','2018-01-05'),(4981,'2017-01-01',4481,5035,'CVE-2017-16720','http://web.nvd.nist.gov/view/vuln/detail?vulnId=CVE-2017-16720','2018-09-12'),(4982,'2017-01-01',4481,5036,'CVE-2017-16716','http://web.nvd.nist.gov/view/vuln/detail?vulnId=CVE-2017-16716','2018-01-05'),(4983,'2017-01-01',5052,5037,'CVE-2017-16753','http://web.nvd.nist.gov/view/vuln/detail?vulnId=CVE-2017-16753','2018-01-05'),(4984,'2017-01-01',4944,5038,'CVE-2017-16736','http://web.nvd.nist.gov/view/vuln/detail?vulnId=CVE-2017-16736','2018-01-11'),(4985,'2017-01-01',4881,5039,'CVE-2017-16732','http://web.nvd.nist.gov/view/vuln/detail?vulnId=CVE-2017-16732','2018-01-11'),(4986,'2017-01-01',4420,5040,'CVE-2017-16727','http://web.nvd.nist.gov/view/vuln/detail?vulnId=CVE-2017-16727','2017-12-21'),(4987,'2017-01-01',5056,5041,'CVE-2017-9964','http://web.nvd.nist.gov/view/vuln/detail?vulnId=CVE-2017-9964','2018-01-01'),(4988,'2017-01-01',4612,5042,'CVE-2017-9965','http://web.nvd.nist.gov/view/vuln/detail?vulnId=CVE-2017-9965','2018-02-12'),(4989,'2017-01-01',5058,5043,'CVE-2017-9966','http://web.nvd.nist.gov/view/vuln/detail?vulnId=CVE-2017-9966','2018-02-12'),(4990,'2017-01-01',4479,5044,'CVE-2017-16731','http://web.nvd.nist.gov/view/vuln/detail?vulnId=CVE-2017-16731','2017-12-20'),(4991,'2017-01-01',4393,5045,'CVE-2017-16733','http://web.nvd.nist.gov/view/vuln/detail?vulnId=CVE-2017-16733','2017-12-20'),(4992,'2017-01-01',4442,5046,'CVE-2017-16735','http://web.nvd.nist.gov/view/vuln/detail?vulnId=CVE-2017-16735','2017-12-20'),(4993,'2017-01-01',5062,5047,'CVE-2017-12740','http://web.nvd.nist.gov/view/vuln/detail?vulnId=CVE-2017-12740','2017-12-25'),(4994,'2017-01-01',4481,5048,'CVE-2017-16717','http://web.nvd.nist.gov/view/vuln/detail?vulnId=CVE-2017-16717','2017-12-20'),(4995,'2017-01-01',4405,5049,'CVE-2017-16725','http://web.nvd.nist.gov/view/vuln/detail?vulnId=CVE-2017-16725','2017-12-20'),(4996,'2017-01-01',4384,5050,'CVE-2017-14022','http://web.nvd.nist.gov/view/vuln/detail?vulnId=CVE-2017-14022','2017-12-22'),(4997,'2017-01-01',5066,5051,'CVE-2017-16723','http://web.nvd.nist.gov/view/vuln/detail?vulnId=CVE-2017-16723','2017-12-11'),(4998,'2017-01-01',4384,5052,'CVE-2017-12741','http://web.nvd.nist.gov/view/vuln/detail?vulnId=CVE-2017-12741','2019-04-17'),(4999,'2016-01-01',4393,5053,'CVE-2016-4784','http://web.nvd.nist.gov/view/vuln/detail?vulnId=CVE-2016-4784','2018-03-22'),(5000,'2016-01-01',4393,5054,'CVE-2016-4785','http://web.nvd.nist.gov/view/vuln/detail?vulnId=CVE-2016-4785','2018-03-22'),(5001,'2016-01-01',4393,5055,'CVE-2016-7112','http://web.nvd.nist.gov/view/vuln/detail?vulnId=CVE-2016-7112','2018-03-22'),(5002,'2016-01-01',4442,5056,'CVE-2016-7113','http://web.nvd.nist.gov/view/vuln/detail?vulnId=CVE-2016-7113','2018-03-22'),(5003,'2016-01-01',4706,5057,'CVE-2016-7114','http://web.nvd.nist.gov/view/vuln/detail?vulnId=CVE-2016-7114','2018-03-22'),(5004,'2017-01-01',4424,5058,'CVE-2017-16721','http://web.nvd.nist.gov/view/vuln/detail?vulnId=CVE-2017-16721','2017-12-04'),(5005,'2017-01-01',4384,5059,'CVE-2017-16719','http://web.nvd.nist.gov/view/vuln/detail?vulnId=CVE-2017-16719','2017-11-16'),(5006,'2017-01-01',4426,5060,'CVE-2017-16715','http://web.nvd.nist.gov/view/vuln/detail?vulnId=CVE-2017-16715','2017-11-16'),(5007,'2017-01-01',4384,5061,'CVE-2017-14028','http://web.nvd.nist.gov/view/vuln/detail?vulnId=CVE-2017-14028','2017-11-16'),(5008,'2017-01-01',4393,5062,'CVE-2017-12737','http://web.nvd.nist.gov/view/vuln/detail?vulnId=CVE-2017-12737','2017-11-15'),(5009,'2017-01-01',4424,5063,'CVE-2017-12738','http://web.nvd.nist.gov/view/vuln/detail?vulnId=CVE-2017-12738','2017-11-15'),(5010,'2017-01-01',4405,5064,'CVE-2017-12739','http://web.nvd.nist.gov/view/vuln/detail?vulnId=CVE-2017-12739','2017-11-15'),(5011,'2017-01-01',5080,5065,'CVE-2017-13077','http://web.nvd.nist.gov/view/vuln/detail?vulnId=CVE-2017-13077','2017-10-17'),(5012,'2017-01-01',5080,5066,'CVE-2017-13078','http://web.nvd.nist.gov/view/vuln/detail?vulnId=CVE-2017-13078','2017-10-17'),(5013,'2017-01-01',5082,5067,'CVE-2017-13079','http://web.nvd.nist.gov/view/vuln/detail?vulnId=CVE-2017-13079','2017-10-17'),(5014,'2017-01-01',5080,5068,'CVE-2017-13080','http://web.nvd.nist.gov/view/vuln/detail?vulnId=CVE-2017-13080','2017-10-17'),(5015,'2017-01-01',5080,5069,'CVE-2017-13081','http://web.nvd.nist.gov/view/vuln/detail?vulnId=CVE-2017-13081','2017-10-17'),(5016,'2017-01-01',5085,5070,'CVE-2017-13082','http://web.nvd.nist.gov/view/vuln/detail?vulnId=CVE-2017-13082','2017-10-17'),(5017,'2017-01-01',5085,5071,'CVE-2017-13084','http://web.nvd.nist.gov/view/vuln/detail?vulnId=CVE-2017-13084','2017-10-17'),(5018,'2017-01-01',5085,5072,'CVE-2017-13086','http://web.nvd.nist.gov/view/vuln/detail?vulnId=CVE-2017-13086','2017-10-17'),(5019,'2017-01-01',5080,5073,'CVE-2017-13087','http://web.nvd.nist.gov/view/vuln/detail?vulnId=CVE-2017-13087','2017-10-17'),(5020,'2017-01-01',5080,5074,'CVE-2017-13088','http://web.nvd.nist.gov/view/vuln/detail?vulnId=CVE-2017-13088','2017-10-17'),(5021,'2017-01-01',4505,5075,'CVE-2017-14020','http://web.nvd.nist.gov/view/vuln/detail?vulnId=CVE-2017-14020','2018-07-31'),(5022,'2017-01-01',4405,5076,'CVE-2017-14024','http://web.nvd.nist.gov/view/vuln/detail?vulnId=CVE-2017-14024','2017-11-13'),(5023,'2017-01-01',4544,5077,'CVE-2017-6867','http://web.nvd.nist.gov/view/vuln/detail?vulnId=CVE-2017-6867','2017-05-11'),(5024,'2017-01-01',4588,5078,'CVE-2017-14016','http://web.nvd.nist.gov/view/vuln/detail?vulnId=CVE-2017-14016','2017-11-06'),(5025,'2017-01-01',4481,5079,'CVE-2017-12719','http://web.nvd.nist.gov/view/vuln/detail?vulnId=CVE-2017-12719','2017-11-06'),(5026,'2017-01-01',4600,5080,'CVE-2017-14025','http://web.nvd.nist.gov/view/vuln/detail?vulnId=CVE-2017-14025','2017-11-06'),(5027,'2017-01-01',4633,5081,'CVE-2017-14031','http://web.nvd.nist.gov/view/vuln/detail?vulnId=CVE-2017-14031','2017-11-06'),(5028,'2017-01-01',4406,5082,'CVE-2017-14029','http://web.nvd.nist.gov/view/vuln/detail?vulnId=CVE-2017-14029','2017-11-06'),(5029,'2017-01-01',4405,5083,'CVE-2017-14021','http://web.nvd.nist.gov/view/vuln/detail?vulnId=CVE-2017-14021','2017-10-31'),(5030,'2017-01-01',4405,5084,'CVE-2017-14027','http://web.nvd.nist.gov/view/vuln/detail?vulnId=CVE-2017-14027','2017-10-31'),(5031,'2017-01-01',5100,5085,'CVE-2017-13082','http://web.nvd.nist.gov/view/vuln/detail?vulnId=CVE-2017-13082','2017-10-17'),(5032,'2017-01-01',4385,5086,'CVE-2017-14010','http://web.nvd.nist.gov/view/vuln/detail?vulnId=CVE-2017-14010','2018-04-26'),(5033,'2017-01-01',4386,5087,'CVE-2017-14017','http://web.nvd.nist.gov/view/vuln/detail?vulnId=CVE-2017-14017','2017-10-19'),(5034,'2017-01-01',4480,5088,'CVE-2017-14019','http://web.nvd.nist.gov/view/vuln/detail?vulnId=CVE-2017-14019','2017-10-19'),(5035,'2017-01-01',4432,5089,'CVE-2017-14013','http://web.nvd.nist.gov/view/vuln/detail?vulnId=CVE-2017-14013','2017-10-17'),(5036,'2017-01-01',4432,5090,'CVE-2017-14007','http://web.nvd.nist.gov/view/vuln/detail?vulnId=CVE-2017-14007','2017-10-17'),(5037,'2017-01-01',4395,5091,'CVE-2017-14011','http://web.nvd.nist.gov/view/vuln/detail?vulnId=CVE-2017-14011','2017-10-17'),(5038,'2017-01-01',4397,5092,'CVE-2017-14009','http://web.nvd.nist.gov/view/vuln/detail?vulnId=CVE-2017-14009','2017-10-17'),(5039,'2017-01-01',4395,5093,'CVE-2017-14005','http://web.nvd.nist.gov/view/vuln/detail?vulnId=CVE-2017-14005','2017-10-17'),(5040,'2017-01-01',4384,5094,'CVE-2017-13999','https://nvd.nist.gov/vuln/detail/CVE-2017-13999','2017-10-17'),(5041,'2017-01-01',4562,5095,'CVE-2017-9625','http://web.nvd.nist.gov/view/vuln/detail?vulnId=CVE-2017-9625','2017-10-17'),(5042,'2017-01-01',4399,5096,'CVE-2017-12718','http://web.nvd.nist.gov/view/vuln/detail?vulnId=CVE-2017-12718','2018-02-15'),(5043,'2017-01-01',4442,5097,'CVE-2017-12722','http://web.nvd.nist.gov/view/vuln/detail?vulnId=CVE-2017-12722','2018-02-15'),(5044,'2017-01-01',4396,5098,'CVE-2017-9946','http://web.nvd.nist.gov/view/vuln/detail?vulnId=CVE-2017-9946','2017-10-23'),(5045,'2017-01-01',4393,5099,'CVE-2017-9947','http://web.nvd.nist.gov/view/vuln/detail?vulnId=CVE-2017-9947','2017-10-23'),(5046,'2017-01-01',4399,5100,'CVE-2017-14003','http://web.nvd.nist.gov/view/vuln/detail?vulnId=CVE-2017-14003','2017-10-11'),(5047,'2016-01-01',4794,5101,'CVE-2016-5789','https://nvd.nist.gov/vuln/detail/CVE-2016-5789','2017-10-12'),(5048,'2016-01-01',4405,5102,'CVE-2016-5791','https://nvd.nist.gov/vuln/detail/CVE-2016-5791','2017-10-12'),(5049,'2017-01-01',5118,5103,'CVE-2017-12732','http://web.nvd.nist.gov/view/vuln/detail?vulnId=CVE-2017-12732','2017-10-05'),(5050,'2017-01-01',4405,5104,'CVE-2017-9944','http://web.nvd.nist.gov/view/vuln/detail?vulnId=CVE-2017-9944','2017-12-25'),(5051,'2017-01-01',4502,5105,'CVE-2017-12736','http://web.nvd.nist.gov/view/vuln/detail?vulnId=CVE-2017-12736','2018-02-28'),(5052,'2017-01-01',4405,5106,'CVE-2017-13997','http://web.nvd.nist.gov/view/vuln/detail?vulnId=CVE-2017-13997','2017-10-02'),(5053,'2017-01-01',4426,5107,'CVE-2017-14000','http://web.nvd.nist.gov/view/vuln/detail?vulnId=CVE-2017-14000','2017-10-04'),(5054,'2017-01-01',4395,5108,'CVE-2017-14001','http://web.nvd.nist.gov/view/vuln/detail?vulnId=CVE-2017-14001','2017-09-25'),(5055,'2017-01-01',4453,5109,'CVE-2017-13995','http://web.nvd.nist.gov/view/vuln/detail?vulnId=CVE-2017-13995','2017-10-04'),(5056,'2017-01-01',4393,5110,'CVE-2017-9628','http://web.nvd.nist.gov/view/vuln/detail?vulnId=CVE-2017-9628','2017-10-04'),(5057,'2017-01-01',5126,5111,'CVE-2017-13996','https://nvd.nist.gov/vuln/detail/CVE-2017-13996','2017-10-05'),(5058,'2017-01-01',4399,5112,'CVE-2017-13992','https://nvd.nist.gov/vuln/detail/CVE-2017-13992','2017-10-05'),(5059,'2017-01-01',5128,5113,'CVE-2017-13994','https://nvd.nist.gov/vuln/detail/CVE-2017-13994','2017-10-05'),(5060,'2017-01-01',5129,5114,'CVE-2017-13998','https://nvd.nist.gov/vuln/detail/CVE-2017-13998','2017-10-05'),(5061,'2017-01-01',4633,5115,'CVE-2017-12730','http://web.nvd.nist.gov/view/vuln/detail?vulnId=CVE-2017-12730','2017-10-06'),(5062,'2017-01-01',4509,5116,'CVE-2017-12728','http://web.nvd.nist.gov/view/vuln/detail?vulnId=CVE-2017-12728','2017-10-04'),(5063,'2013-01-01',4384,5117,'CVE-2013-6466','http://web.nvd.nist.gov/view/vuln/detail?vulnId=CVE-2013-6466','2014-01-26'),(5064,'2017-01-01',4396,5118,'CVE-2017-12734','http://web.nvd.nist.gov/view/vuln/detail?vulnId=CVE-2017-12734','2017-08-30'),(5065,'2017-01-01',5134,5119,'CVE-2017-12735','http://web.nvd.nist.gov/view/vuln/detail?vulnId=CVE-2017-12735','2017-08-30'),(5066,'2017-01-01',5135,5120,'CVE-2017-9945','http://web.nvd.nist.gov/view/vuln/detail?vulnId=CVE-2017-9945','2017-08-30'),(5067,'2017-01-01',4405,5121,'CVE-2017-12733','http://web.nvd.nist.gov/view/vuln/detail?vulnId=CVE-2017-12733','2017-09-08'),(5068,'2017-01-01',4562,5122,'CVE-2017-12731','http://web.nvd.nist.gov/view/vuln/detail?vulnId=CVE-2017-12731','2017-09-08'),(5069,'2017-01-01',4405,5123,'CVE-2017-12729','http://web.nvd.nist.gov/view/vuln/detail?vulnId=CVE-2017-12729','2018-01-18'),(5070,'2016-01-01',5139,5124,'CVE-2016-5795','http://web.nvd.nist.gov/view/vuln/detail?vulnId=CVE-2016-5795','2017-08-31'),(5071,'2017-01-01',4510,5125,'CVE-2017-12699','http://web.nvd.nist.gov/view/vuln/detail?vulnId=CVE-2017-12699','2017-09-08'),(5072,'2017-01-01',5141,5126,'CVE-2017-5147','http://web.nvd.nist.gov/view/vuln/detail?vulnId=CVE-2017-5147','2017-09-08'),(5073,'2017-01-01',4393,5127,'CVE-2017-12710','http://web.nvd.nist.gov/view/vuln/detail?vulnId=CVE-2017-12710','2017-08-30'),(5074,'2017-01-01',4588,5128,'CVE-2017-12708','http://web.nvd.nist.gov/view/vuln/detail?vulnId=CVE-2017-12708','2017-08-30'),(5075,'2017-01-01',4588,5129,'CVE-2017-12706','http://web.nvd.nist.gov/view/vuln/detail?vulnId=CVE-2017-12706','2017-08-30'),(5076,'2017-01-01',4588,5130,'CVE-2017-12704','http://web.nvd.nist.gov/view/vuln/detail?vulnId=CVE-2017-12704','2017-08-30'),(5077,'2017-01-01',4588,5131,'CVE-2017-12702','http://web.nvd.nist.gov/view/vuln/detail?vulnId=CVE-2017-12702','2017-08-30'),(5078,'2017-01-01',4481,5132,'CVE-2017-12698','http://web.nvd.nist.gov/view/vuln/detail?vulnId=CVE-2017-12698','2017-08-30'),(5079,'2017-01-01',4633,5133,'CVE-2017-12713','http://web.nvd.nist.gov/view/vuln/detail?vulnId=CVE-2017-12713','2017-08-30'),(5080,'2017-01-01',4633,5134,'CVE-2017-12711','http://web.nvd.nist.gov/view/vuln/detail?vulnId=CVE-2017-12711','2017-08-30'),(5081,'2017-01-01',5150,5135,'CVE-2017-12717','http://web.nvd.nist.gov/view/vuln/detail?vulnId=CVE-2017-12717','2017-08-30'),(5082,'2017-01-01',4385,5136,'CVE-2017-12703','https://nvd.nist.gov/vuln/detail/CVE-2017-12703','2017-08-25'),(5083,'2017-01-01',4753,5137,'CVE-2017-12709','https://nvd.nist.gov/vuln/detail/CVE-2017-12709','2017-08-25'),(5084,'2016-01-01',5153,5138,'CVE-2016-5816','https://nvd.nist.gov/vuln/detail/CVE-2016-5816','2017-08-25'),(5085,'2017-01-01',5141,5139,'CVE-2017-9644','http://web.nvd.nist.gov/view/vuln/detail?vulnId=CVE-2017-9644','2017-08-25'),(5086,'2017-01-01',4398,5140,'CVE-2017-9640','http://web.nvd.nist.gov/view/vuln/detail?vulnId=CVE-2017-9640','2017-08-25'),(5087,'2017-01-01',5156,5141,'CVE-2017-9650','http://web.nvd.nist.gov/view/vuln/detail?vulnId=CVE-2017-9650','2017-08-25'),(5088,'2017-01-01',4481,5142,'CVE-2017-12707','http://web.nvd.nist.gov/view/vuln/detail?vulnId=CVE-2017-12707','2017-08-25'),(5089,'2017-01-01',4393,5143,'CVE-2017-12694','http://web.nvd.nist.gov/view/vuln/detail?vulnId=CVE-2017-12694','2017-08-25'),(5090,'2017-01-01',5150,5144,'CVE-2017-12705','http://web.nvd.nist.gov/view/vuln/detail?vulnId=CVE-2017-12705','2017-10-25'),(5091,'2017-01-01',4578,5145,'CVE-2017-9661','http://web.nvd.nist.gov/view/vuln/detail?vulnId=CVE-2017-9661','2017-08-14'),(5092,'2017-01-01',4406,5146,'CVE-2017-9646','http://web.nvd.nist.gov/view/vuln/detail?vulnId=CVE-2017-9646','2017-08-14'),(5093,'2017-01-01',4406,5147,'CVE-2017-9648','http://web.nvd.nist.gov/view/vuln/detail?vulnId=CVE-2017-9648','2017-08-14'),(5094,'2017-01-01',4481,5148,'CVE-2017-9659','http://web.nvd.nist.gov/view/vuln/detail?vulnId=CVE-2017-9659','2017-08-14'),(5095,'2017-01-01',4481,5149,'CVE-2017-9660','http://web.nvd.nist.gov/view/vuln/detail?vulnId=CVE-2017-9660','2017-08-14'),(5096,'2017-01-01',5165,5150,'CVE-2017-9662','http://web.nvd.nist.gov/view/vuln/detail?vulnId=CVE-2017-9662','2017-08-14'),(5097,'2017-01-01',4405,5151,'CVE-2017-9664','http://web.nvd.nist.gov/view/vuln/detail?vulnId=CVE-2017-9664','2018-05-24'),(5098,'2017-01-01',5167,5152,'CVE-2017-9655','http://web.nvd.nist.gov/view/vuln/detail?vulnId=CVE-2017-9655','2017-08-14'),(5099,'2017-01-01',4405,5153,'CVE-2017-9653','http://web.nvd.nist.gov/view/vuln/detail?vulnId=CVE-2017-9653','2017-08-14'),(5100,'2017-01-01',4507,5154,'CVE-2017-5170','http://web.nvd.nist.gov/view/vuln/detail?vulnId=CVE-2017-5170','2018-01-18'),(5101,'2017-01-01',5170,5155,'CVE-2017-9961','http://web.nvd.nist.gov/view/vuln/detail?vulnId=CVE-2017-9961','2017-09-25'),(5102,'2017-01-01',4405,5156,'CVE-2017-9638','http://web.nvd.nist.gov/view/vuln/detail?vulnId=CVE-2017-9638','2018-04-17'),(5103,'2017-01-01',4405,5157,'CVE-2017-9636','http://web.nvd.nist.gov/view/vuln/detail?vulnId=CVE-2017-9636','2018-04-17'),(5104,'2017-01-01',4405,5158,'CVE-2017-9634','http://web.nvd.nist.gov/view/vuln/detail?vulnId=CVE-2017-9634','2018-04-17'),(5105,'2017-01-01',4383,5159,'CVE-2017-9647','http://web.nvd.nist.gov/view/vuln/detail?vulnId=CVE-2017-9647','2017-08-07'),(5106,'2017-01-01',4502,5160,'CVE-2017-9633','http://web.nvd.nist.gov/view/vuln/detail?vulnId=CVE-2017-9633','2017-08-07'),(5107,'2017-01-01',5176,5161,'CVE-2017-9649','http://web.nvd.nist.gov/view/vuln/detail?vulnId=CVE-2017-9649','2017-09-20'),(5108,'2017-01-01',5176,5162,'CVE-2017-9645','http://web.nvd.nist.gov/view/vuln/detail?vulnId=CVE-2017-9645','2017-09-20'),(5109,'2017-01-01',4750,5163,'CVE-2017-9630','http://web.nvd.nist.gov/view/vuln/detail?vulnId=CVE-2017-9630','2017-08-07'),(5110,'2017-01-01',4396,5164,'CVE-2017-9632','http://web.nvd.nist.gov/view/vuln/detail?vulnId=CVE-2017-9632','2017-08-07'),(5111,'2017-01-01',5180,5165,'CVE-2017-7936','http://web.nvd.nist.gov/view/vuln/detail?vulnId=CVE-2017-7936','2017-08-07'),(5112,'2017-01-01',5181,5166,'CVE-2017-7932','http://web.nvd.nist.gov/view/vuln/detail?vulnId=CVE-2017-7932','2017-08-07'),(5113,'2017-01-01',5182,5167,'CVE-2017-7969','http://web.nvd.nist.gov/view/vuln/detail?vulnId=CVE-2017-7969','2017-09-25'),(5114,'2017-01-01',4479,5168,'CVE-2017-7970','http://web.nvd.nist.gov/view/vuln/detail?vulnId=CVE-2017-7970','2017-09-25'),(5115,'2017-01-01',5184,5169,'CVE-2017-7971','http://web.nvd.nist.gov/view/vuln/detail?vulnId=CVE-2017-7971','2017-09-25'),(5116,'2017-01-01',5185,5170,'CVE-2017-7972','http://web.nvd.nist.gov/view/vuln/detail?vulnId=CVE-2017-7972','2017-09-25'),(5117,'2017-01-01',4384,5171,'CVE-2017-7924','http://web.nvd.nist.gov/view/vuln/detail?vulnId=CVE-2017-7924','2017-09-20'),(5118,'2017-01-01',4405,5172,'CVE-2017-9939','http://web.nvd.nist.gov/view/vuln/detail?vulnId=CVE-2017-9939','2017-08-07'),(5119,'2017-01-01',4687,5173,'CVE-2017-9940','http://web.nvd.nist.gov/view/vuln/detail?vulnId=CVE-2017-9940','2017-08-07'),(5120,'2017-01-01',5134,5174,'CVE-2017-9941','http://web.nvd.nist.gov/view/vuln/detail?vulnId=CVE-2017-9941','2017-08-07'),(5121,'2017-01-01',4600,5175,'CVE-2017-9942','http://web.nvd.nist.gov/view/vuln/detail?vulnId=CVE-2017-9942','2017-08-07'),(5122,'2017-01-01',5134,5176,'CVE-2017-6870','http://web.nvd.nist.gov/view/vuln/detail?vulnId=CVE-2017-6870','2017-08-07'),(5123,'2017-01-01',5192,5177,'CVE-2017-6871','http://web.nvd.nist.gov/view/vuln/detail?vulnId=CVE-2017-6871','2017-08-07'),(5124,'2017-01-01',4442,5178,'CVE-2017-9938','http://web.nvd.nist.gov/view/vuln/detail?vulnId=CVE-2017-9938','2017-08-07'),(5125,'2017-01-01',4481,5179,'CVE-2017-9639','http://web.nvd.nist.gov/view/vuln/detail?vulnId=CVE-2017-9639','2017-07-17'),(5126,'2017-01-01',4396,5180,'CVE-2017-7920','http://web.nvd.nist.gov/view/vuln/detail?vulnId=CVE-2017-7920','2017-08-07'),(5127,'2017-01-01',4397,5181,'CVE-2017-7916','http://web.nvd.nist.gov/view/vuln/detail?vulnId=CVE-2017-7916','2017-08-07'),(5128,'2017-01-01',4446,5182,'CVE-2017-9641','http://web.nvd.nist.gov/view/vuln/detail?vulnId=CVE-2017-9641','2018-05-25'),(5129,'2017-01-01',5198,5183,'CVE-2017-7928','http://web.nvd.nist.gov/view/vuln/detail?vulnId=CVE-2017-7928','2017-08-07'),(5130,'2016-01-01',4393,5184,'CVE-2016-4784','http://web.nvd.nist.gov/view/vuln/detail?vulnId=CVE-2016-4784','2018-03-22'),(5131,'2016-01-01',4393,5185,'CVE-2016-4785','http://web.nvd.nist.gov/view/vuln/detail?vulnId=CVE-2016-4785','2018-03-22'),(5132,'2016-01-01',4393,5186,'CVE-2016-7112','http://web.nvd.nist.gov/view/vuln/detail?vulnId=CVE-2016-7112','2018-03-22'),(5133,'2016-01-01',4384,5187,'CVE-2016-7113','http://web.nvd.nist.gov/view/vuln/detail?vulnId=CVE-2016-7113','2018-03-22'),(5134,'2016-01-01',4706,5188,'CVE-2016-7114','http://web.nvd.nist.gov/view/vuln/detail?vulnId=CVE-2016-7114','2018-03-22'),(5135,'2015-01-01',4443,5189,'CVE-2015-5374','http://web.nvd.nist.gov/view/vuln/detail?vulnId=CVE-2015-5374','2018-03-22'),(5136,'2016-01-01',4393,5190,'CVE-2016-4784','http://web.nvd.nist.gov/view/vuln/detail?vulnId=CVE-2016-4784','2018-03-22'),(5137,'2016-01-01',4393,5191,'CVE-2016-4785','http://web.nvd.nist.gov/view/vuln/detail?vulnId=CVE-2016-4785','2018-03-22'),(5138,'2016-01-01',4393,5192,'CVE-2016-7112','http://web.nvd.nist.gov/view/vuln/detail?vulnId=CVE-2016-7112','2018-03-22'),(5139,'2016-01-01',4384,5193,'CVE-2016-7113','http://web.nvd.nist.gov/view/vuln/detail?vulnId=CVE-2016-7113','2018-03-22'),(5140,'2016-01-01',4706,5194,'CVE-2016-7114','http://web.nvd.nist.gov/view/vuln/detail?vulnId=CVE-2016-7114','2018-03-22'),(5141,'2017-01-01',4405,5195,'CVE-2017-9629','http://web.nvd.nist.gov/view/vuln/detail?vulnId=CVE-2017-9629','2017-07-07'),(5142,'2017-01-01',4443,5196,'CVE-2017-9627','http://web.nvd.nist.gov/view/vuln/detail?vulnId=CVE-2017-9627','2017-07-07'),(5143,'2017-01-01',4384,5197,'CVE-2017-9631','http://web.nvd.nist.gov/view/vuln/detail?vulnId=CVE-2017-9631','2017-07-07'),(5144,'2017-01-01',4526,5198,'CVE-2017-9637','http://web.nvd.nist.gov/view/vuln/detail?vulnId=CVE-2017-9637','2018-05-18'),(5145,'2017-01-01',4758,5199,'CVE-2017-9635','http://web.nvd.nist.gov/view/vuln/detail?vulnId=CVE-2017-9635','2018-05-18'),(5146,'2017-01-01',4405,5200,'CVE-2017-5689','http://web.nvd.nist.gov/view/vuln/detail?vulnId=CVE-2017-5689','2017-05-02'),(5147,'2017-01-01',4405,5201,'CVE-2017-7973','https://web.nvd.nist.gov/view/vuln/detail?vulnId=CVE-2017-7973','2017-09-25'),(5148,'2018-01-01',4385,5202,'CVE-2018-7765','https://web.nvd.nist.gov/view/vuln/detail?vulnId=CVE-2018-7765','2018-07-03'),(5149,'2018-01-01',4588,5203,'CVE-2018-7766','https://web.nvd.nist.gov/view/vuln/detail?vulnId=CVE-2018-7766','2018-07-03'),(5150,'2018-01-01',4588,5204,'CVE-2018-7767','https://web.nvd.nist.gov/view/vuln/detail?vulnId=CVE-2018-7767','2018-07-03'),(5151,'2018-01-01',4588,5205,'CVE-2018-7768','https://web.nvd.nist.gov/view/vuln/detail?vulnId=CVE-2018-7768','2018-07-03'),(5152,'2018-01-01',4588,5206,'CVE-2018-7769','https://web.nvd.nist.gov/view/vuln/detail?vulnId=CVE-2018-7769','2018-07-03'),(5153,'2018-01-01',4588,5207,'CVE-2018-7772','https://web.nvd.nist.gov/view/vuln/detail?vulnId=CVE-2018-7772','2018-07-03'),(5154,'2018-01-01',4588,5208,'CVE-2018-7773','https://web.nvd.nist.gov/view/vuln/detail?vulnId=CVE-2018-7773','2018-07-03'),(5155,'2018-01-01',4588,5209,'CVE-2018-7774','https://web.nvd.nist.gov/view/vuln/detail?vulnId=CVE-2018-7774','2018-07-03'),(5156,'2017-01-01',4396,5210,'CVE-2017-7974','https://web.nvd.nist.gov/view/vuln/detail?vulnId=CVE-2017-7974','2017-09-25'),(5157,'2018-01-01',4706,5211,'CVE-2018-7763','https://web.nvd.nist.gov/view/vuln/detail?vulnId=CVE-2018-7763','2018-07-03'),(5158,'2018-01-01',4706,5212,'CVE-2018-7764','https://web.nvd.nist.gov/view/vuln/detail?vulnId=CVE-2018-7764','2018-07-03'),(5159,'2018-01-01',4783,5213,'CVE-2018-7770','https://web.nvd.nist.gov/view/vuln/detail?vulnId=CVE-2018-7770','2018-07-03'),(5160,'2018-01-01',5229,5214,'CVE-2018-7771','https://web.nvd.nist.gov/view/vuln/detail?vulnId=CVE-2018-7771','2018-07-03'),(5161,'2017-01-01',4481,5215,'CVE-2017-9956','https://web.nvd.nist.gov/view/vuln/detail?vulnId=CVE-2017-9956','2017-09-25'),(5162,'2017-01-01',4481,5216,'CVE-2017-9957','https://web.nvd.nist.gov/view/vuln/detail?vulnId=CVE-2017-9957','2017-09-25'),(5163,'2017-01-01',4380,5217,'CVE-2017-9958','https://web.nvd.nist.gov/view/vuln/detail?vulnId=CVE-2017-9958','2017-09-25'),(5164,'2017-01-01',4633,5218,'CVE-2017-9959','https://web.nvd.nist.gov/view/vuln/detail?vulnId=CVE-2017-9959','2017-09-25'),(5165,'2017-01-01',4393,5219,'CVE-2017-9960','https://web.nvd.nist.gov/view/vuln/detail?vulnId=CVE-2017-9960','2017-09-25'),(5166,'2018-01-01',4706,5220,'CVE-2018-7776','https://web.nvd.nist.gov/view/vuln/detail?vulnId=CVE-2018-7776','2018-07-10'),(5167,'2018-01-01',4385,5221,'CVE-2018-7777','https://web.nvd.nist.gov/view/vuln/detail?vulnId=CVE-2018-7777','2018-07-10'),(5168,'2017-01-01',4453,5222,'CVE-2017-7494','https://web.nvd.nist.gov/view/vuln/detail?vulnId=CVE-2017-7494','2018-02-23'),(5169,'2017-01-01',4405,5223,'CVE-2017-6869','http://web.nvd.nist.gov/view/vuln/detail?vulnId=CVE-2017-6869','2017-08-07'),(5170,'2017-01-01',4384,5224,'CVE-2017-7919','http://web.nvd.nist.gov/view/vuln/detail?vulnId=CVE-2017-7919','2017-07-03'),(5171,'2017-01-01',4405,5225,'CVE-2017-6868','http://web.nvd.nist.gov/view/vuln/detail?vulnId=CVE-2017-6868','2017-07-07'),(5172,'2017-01-01',4397,5226,'CVE-2017-6866','http://web.nvd.nist.gov/view/vuln/detail?vulnId=CVE-2017-6866','2017-08-07'),(5173,'2017-01-01',4481,5227,'CVE-2017-6050','http://web.nvd.nist.gov/view/vuln/detail?vulnId=CVE-2017-6050','2017-06-21'),(5174,'2017-01-01',5243,5228,'CVE-2017-7918','http://web.nvd.nist.gov/view/vuln/detail?vulnId=CVE-2017-7918','2017-06-21'),(5175,'2017-01-01',5126,5229,'CVE-2017-7922','http://web.nvd.nist.gov/view/vuln/detail?vulnId=CVE-2017-7922','2017-06-21'),(5176,'2017-01-01',4384,5230,'CVE-2017-6043','http://web.nvd.nist.gov/view/vuln/detail?vulnId=CVE-2017-6043','2017-06-21'),(5177,'2017-01-01',4783,5231,'CVE-2017-6053','http://web.nvd.nist.gov/view/vuln/detail?vulnId=CVE-2017-6053','2017-06-21'),(5178,'2017-01-01',4396,5232,'CVE-2017-6045','http://web.nvd.nist.gov/view/vuln/detail?vulnId=CVE-2017-6045','2017-06-21'),(5179,'2017-01-01',5248,5233,'CVE-2017-7930','http://web.nvd.nist.gov/view/vuln/detail?vulnId=CVE-2017-7930','2017-08-25'),(5180,'2017-01-01',4533,5234,'CVE-2017-7934','http://web.nvd.nist.gov/view/vuln/detail?vulnId=CVE-2017-7934','2017-08-25'),(5181,'2017-01-01',4446,5235,'CVE-2017-7926','http://web.nvd.nist.gov/view/vuln/detail?vulnId=CVE-2017-7926','2017-08-25'),(5182,'2017-01-01',4752,5236,'CVE-2017-7914','http://web.nvd.nist.gov/view/vuln/detail?vulnId=CVE-2017-7914','2017-06-14'),(5183,'2017-01-01',4384,5237,'CVE-2017-7910','http://web.nvd.nist.gov/view/vuln/detail?vulnId=CVE-2017-7910','2017-06-14'),(5184,'2017-01-01',4393,5238,'CVE-2017-6039','http://web.nvd.nist.gov/view/vuln/detail?vulnId=CVE-2017-6039','2017-06-02'),(5185,'2017-01-01',4405,5239,'CVE-2017-7915','http://web.nvd.nist.gov/view/vuln/detail?vulnId=CVE-2017-7915','2017-05-29'),(5186,'2017-01-01',4481,5240,'CVE-2017-7913','http://web.nvd.nist.gov/view/vuln/detail?vulnId=CVE-2017-7913','2017-05-29'),(5187,'2017-01-01',4405,5241,'CVE-2017-7917','http://web.nvd.nist.gov/view/vuln/detail?vulnId=CVE-2017-7917','2017-05-29'),(5188,'2017-01-01',5257,5242,'CVE-2017-7901','http://web.nvd.nist.gov/view/vuln/detail?vulnId=CVE-2017-7901','2017-06-29'),(5189,'2017-01-01',5258,5243,'CVE-2017-7902','http://web.nvd.nist.gov/view/vuln/detail?vulnId=CVE-2017-7902','2017-06-29'),(5190,'2017-01-01',5259,5244,'CVE-2017-7899','http://web.nvd.nist.gov/view/vuln/detail?vulnId=CVE-2017-7899','2017-06-29'),(5191,'2017-01-01',4405,5245,'CVE-2017-7898','http://web.nvd.nist.gov/view/vuln/detail?vulnId=CVE-2017-7898','2017-06-29'),(5192,'2017-01-01',4405,5246,'CVE-2017-7903','http://web.nvd.nist.gov/view/vuln/detail?vulnId=CVE-2017-7903','2017-06-29'),(5193,'2017-01-01',4481,5247,'CVE-2017-7240','http://web.nvd.nist.gov/view/vuln/detail?vulnId=CVE-2017-7240','2017-05-05'),(5194,'2017-01-01',4380,5248,'CVE-2017-7968','http://web.nvd.nist.gov/view/vuln/detail?vulnId=CVE-2017-7968','2017-05-19'),(5195,'2017-01-01',4710,5249,'CVE-2017-6049','http://web.nvd.nist.gov/view/vuln/detail?vulnId=CVE-2017-6049','2019-04-02'),(5196,'2017-01-01',4426,5250,'CVE-2017-6047','http://web.nvd.nist.gov/view/vuln/detail?vulnId=CVE-2017-6047','2019-04-02'),(5197,'2017-01-01',4406,5251,'CVE-2017-7965','http://web.nvd.nist.gov/view/vuln/detail?vulnId=CVE-2017-7965','2017-06-07'),(5198,'2017-01-01',4406,5252,'CVE-2017-7966','http://web.nvd.nist.gov/view/vuln/detail?vulnId=CVE-2017-7966','2017-06-07'),(5199,'2017-01-01',4405,5253,'CVE-2017-7912','http://web.nvd.nist.gov/view/vuln/detail?vulnId=CVE-2017-7912','2019-04-08'),(5200,'2017-01-01',5269,5254,'CVE-2017-7967','http://web.nvd.nist.gov/view/vuln/detail?vulnId=CVE-2017-7967','2017-05-09'),(5201,'2017-01-01',4443,5255,'CVE-2017-7935','http://web.nvd.nist.gov/view/vuln/detail?vulnId=CVE-2017-7935','2017-05-18'),(5202,'2017-01-01',5271,5256,'CVE-2017-7937','http://web.nvd.nist.gov/view/vuln/detail?vulnId=CVE-2017-7937','2017-05-18'),(5203,'2017-01-01',4395,5257,'CVE-2017-6048','http://web.nvd.nist.gov/view/vuln/detail?vulnId=CVE-2017-6048','2017-05-18'),(5204,'2017-01-01',4566,5258,'CVE-2017-6865','http://web.nvd.nist.gov/view/vuln/detail?vulnId=CVE-2017-6865','2019-03-21'),(5205,'2017-01-01',4566,5259,'CVE-2017-2680','http://web.nvd.nist.gov/view/vuln/detail?vulnId=CVE-2017-2680','2018-03-06'),(5206,'2017-01-01',4566,5260,'CVE-2017-2681','http://web.nvd.nist.gov/view/vuln/detail?vulnId=CVE-2017-2681','2018-02-28'),(5207,'2017-01-01',4544,5261,'CVE-2017-6867','http://web.nvd.nist.gov/view/vuln/detail?vulnId=CVE-2017-6867','2017-05-11'),(5208,'2017-01-01',4453,5262,'CVE-2017-7921','http://web.nvd.nist.gov/view/vuln/detail?vulnId=CVE-2017-7921','2017-05-05'),(5209,'2017-01-01',4395,5263,'CVE-2017-7923','http://web.nvd.nist.gov/view/vuln/detail?vulnId=CVE-2017-7923','2017-05-05'),(5210,'2017-01-01',4481,5264,'CVE-2017-7927','http://web.nvd.nist.gov/view/vuln/detail?vulnId=CVE-2017-7927','2017-05-05'),(5211,'2017-01-01',4405,5265,'CVE-2017-7925','http://web.nvd.nist.gov/view/vuln/detail?vulnId=CVE-2017-7925','2017-05-05'),(5212,'2017-01-01',5281,5266,'CVE-2017-7929','http://web.nvd.nist.gov/view/vuln/detail?vulnId=CVE-2017-7929','2017-05-05'),(5213,'2017-01-01',4464,5267,'CVE-2017-6024','http://web.nvd.nist.gov/view/vuln/detail?vulnId=CVE-2017-6024','2017-05-05'),(5214,'2017-01-01',5283,5268,'CVE-2017-7907','http://web.nvd.nist.gov/view/vuln/detail?vulnId=CVE-2017-7907','2017-05-18'),(5215,'2017-01-01',4398,5269,'CVE-2017-7911','http://web.nvd.nist.gov/view/vuln/detail?vulnId=CVE-2017-7911','2017-05-05'),(5216,'2017-01-01',4405,5270,'CVE-2017-7909','http://web.nvd.nist.gov/view/vuln/detail?vulnId=CVE-2017-7909','2017-05-05'),(5217,'2017-01-01',4399,5271,'CVE-2017-7905','http://web.nvd.nist.gov/view/vuln/detail?vulnId=CVE-2017-7905','2017-06-29'),(5218,'2017-01-01',4578,5272,'CVE-2017-6051','http://web.nvd.nist.gov/view/vuln/detail?vulnId=CVE-2017-6051','2017-05-08'),(5219,'2017-01-01',4453,5273,'CVE-2017-6044','http://web.nvd.nist.gov/view/vuln/detail?vulnId=CVE-2017-6044','2017-06-29'),(5220,'2017-01-01',4385,5274,'CVE-2017-6042','http://web.nvd.nist.gov/view/vuln/detail?vulnId=CVE-2017-6042','2017-06-29'),(5221,'2017-01-01',4706,5275,'CVE-2017-6046','http://web.nvd.nist.gov/view/vuln/detail?vulnId=CVE-2017-6046','2017-06-29'),(5222,'2017-01-01',5291,5276,'CVE-2017-6052','http://web.nvd.nist.gov/view/vuln/detail?vulnId=CVE-2017-6052','2017-04-26'),(5223,'2017-01-01',4396,5277,'CVE-2017-6054','http://web.nvd.nist.gov/view/vuln/detail?vulnId=CVE-2017-6054','2017-04-26'),(5224,'2017-01-01',4385,5278,'CVE-2017-6037','http://web.nvd.nist.gov/view/vuln/detail?vulnId=CVE-2017-6037','2017-04-26'),(5225,'2017-01-01',4385,5279,'CVE-2017-6035','http://web.nvd.nist.gov/view/vuln/detail?vulnId=CVE-2017-6035','2017-04-26'),(5226,'2017-01-01',4853,5280,'CVE-2017-7574','http://web.nvd.nist.gov/view/vuln/detail?vulnId=CVE-2017-7574','2017-04-06'),(5227,'2017-01-01',4853,5281,'CVE-2017-7575','http://web.nvd.nist.gov/view/vuln/detail?vulnId=CVE-2017-7575','2017-04-06'),(5228,'2017-01-01',4453,5282,'CVE-2017-6034','http://web.nvd.nist.gov/view/vuln/detail?vulnId=CVE-2017-6034','2017-06-29'),(5229,'2017-01-01',4393,5283,'CVE-2017-6032','http://web.nvd.nist.gov/view/vuln/detail?vulnId=CVE-2017-6032','2017-06-29'),(5230,'2017-01-01',4424,5284,'CVE-2017-6031','http://web.nvd.nist.gov/view/vuln/detail?vulnId=CVE-2017-6031','2017-05-05'),(5231,'2017-01-01',4422,5285,'CVE-2017-6029','http://web.nvd.nist.gov/view/vuln/detail?vulnId=CVE-2017-6029','2017-05-05'),(5232,'2017-01-01',4386,5286,'CVE-2017-6033','http://web.nvd.nist.gov/view/vuln/detail?vulnId=CVE-2017-6033','2017-04-07'),(5233,'2016-01-01',4405,5287,'CVE-2016-9358','http://web.nvd.nist.gov/view/vuln/detail?vulnId=CVE-2016-9358','2017-06-29'),(5234,'2017-01-01',4405,5288,'CVE-2017-6041','http://web.nvd.nist.gov/view/vuln/detail?vulnId=CVE-2017-6041','2017-06-29'),(5235,'2017-01-01',4405,5289,'CVE-2017-9626','http://web.nvd.nist.gov/view/vuln/detail?vulnId=CVE-2017-9626','2019-03-27'),(5236,'2017-01-01',4405,5290,'CVE-2017-3881','http://web.nvd.nist.gov/view/vuln/detail?vulnId=CVE-2017-3881','2017-03-17'),(5237,'2017-01-01',4385,5291,'CVE-2017-5156','http://web.nvd.nist.gov/view/vuln/detail?vulnId=CVE-2017-5156','2017-04-20'),(5238,'2017-01-01',4479,5292,'CVE-2017-5158','http://web.nvd.nist.gov/view/vuln/detail?vulnId=CVE-2017-5158','2017-04-20'),(5239,'2017-01-01',5184,5293,'CVE-2017-5160','http://web.nvd.nist.gov/view/vuln/detail?vulnId=CVE-2017-5160','2017-04-20'),(5240,'2017-01-01',5139,5294,'CVE-2017-6030','http://web.nvd.nist.gov/view/vuln/detail?vulnId=CVE-2017-6030','2017-06-29'),(5241,'2017-01-01',4420,5295,'CVE-2017-6026','http://web.nvd.nist.gov/view/vuln/detail?vulnId=CVE-2017-6026','2017-06-29'),(5242,'2017-01-01',4396,5296,'CVE-2017-6028','http://web.nvd.nist.gov/view/vuln/detail?vulnId=CVE-2017-6028','2017-06-29'),(5243,'2017-01-01',4397,5297,'CVE-2017-2686','http://web.nvd.nist.gov/view/vuln/detail?vulnId=CVE-2017-2686','2017-03-28'),(5244,'2017-01-01',4424,5298,'CVE-2017-2687','http://web.nvd.nist.gov/view/vuln/detail?vulnId=CVE-2017-2687','2017-03-28'),(5245,'2017-01-01',5314,5299,'CVE-2017-2688','http://web.nvd.nist.gov/view/vuln/detail?vulnId=CVE-2017-2688','2017-03-28'),(5246,'2017-01-01',4395,5300,'CVE-2017-2689','http://web.nvd.nist.gov/view/vuln/detail?vulnId=CVE-2017-2689','2017-03-28'),(5247,'2017-01-01',4552,5301,'CVE-2017-6864','http://web.nvd.nist.gov/view/vuln/detail?vulnId=CVE-2017-6864','2017-03-28'),(5248,'2017-01-01',4405,5302,'CVE-2017-6027','http://web.nvd.nist.gov/view/vuln/detail?vulnId=CVE-2017-6027','2017-05-18'),(5249,'2017-01-01',4405,5303,'CVE-2017-6025','http://web.nvd.nist.gov/view/vuln/detail?vulnId=CVE-2017-6025','2017-05-18'),(5250,'2017-01-01',4393,5304,'CVE-2017-6020','http://web.nvd.nist.gov/view/vuln/detail?vulnId=CVE-2017-6020','2018-04-17'),(5251,'2017-01-01',4578,5305,'CVE-2017-5176','http://web.nvd.nist.gov/view/vuln/detail?vulnId=CVE-2017-5176','2017-05-18'),(5252,'2017-01-01',4556,5306,'CVE-2017-6015','http://web.nvd.nist.gov/view/vuln/detail?vulnId=CVE-2017-6015','2018-05-11'),(5253,'2017-01-01',4380,5307,'CVE-2017-6016','http://web.nvd.nist.gov/view/vuln/detail?vulnId=CVE-2017-6016','2017-05-18'),(5254,'2017-01-01',4481,5308,'CVE-2017-6023','http://web.nvd.nist.gov/view/vuln/detail?vulnId=CVE-2017-6023','2017-03-16'),(5255,'2017-01-01',4384,5309,'CVE-2017-6021','http://web.nvd.nist.gov/view/vuln/detail?vulnId=CVE-2017-6021','2018-05-14'),(5256,'2017-01-01',4405,5310,'CVE-2017-5178','http://web.nvd.nist.gov/view/vuln/detail?vulnId=CVE-2017-5178','2017-03-08'),(5257,'2016-01-01',4396,5311,'CVE-2016-9368','http://web.nvd.nist.gov/view/vuln/detail?vulnId=CVE-2016-9368','2017-03-14'),(5258,'2017-01-01',4384,5312,'CVE-2017-6019','http://web.nvd.nist.gov/view/vuln/detail?vulnId=CVE-2017-6019','2017-04-07'),(5259,'2017-01-01',5134,5313,'CVE-2017-2685','http://web.nvd.nist.gov/view/vuln/detail?vulnId=CVE-2017-2685','2017-03-01'),(5260,'2017-01-01',4385,5314,'CVE-2017-2682','http://web.nvd.nist.gov/view/vuln/detail?vulnId=CVE-2017-2682','2017-02-27'),(5261,'2017-01-01',5330,5315,'CVE-2017-2683','http://web.nvd.nist.gov/view/vuln/detail?vulnId=CVE-2017-2683','2017-02-27'),(5262,'2016-01-01',4453,5316,'CVE-2016-9335','https://web.nvd.nist.gov/view/vuln/detail?vulnId=CVE-2016-9335','2018-05-09'),(5263,'2017-01-01',4384,5317,'CVE-2017-5177','http://web.nvd.nist.gov/view/vuln/detail?vulnId=CVE-2017-5177','2017-05-18'),(5264,'2017-01-01',4384,5318,'CVE-2017-6017','http://web.nvd.nist.gov/view/vuln/detail?vulnId=CVE-2017-6017','2017-06-29'),(5265,'2017-01-01',5334,5319,'CVE-2017-5175','http://web.nvd.nist.gov/view/vuln/detail?vulnId=CVE-2017-5175','2018-05-09'),(5266,'2017-01-01',4405,5320,'CVE-2017-5174','http://web.nvd.nist.gov/view/vuln/detail?vulnId=CVE-2017-5174','2017-05-18'),(5267,'2017-01-01',4405,5321,'CVE-2017-5173','http://web.nvd.nist.gov/view/vuln/detail?vulnId=CVE-2017-5173','2017-05-18'),(5268,'2017-01-01',4817,5322,'CVE-2017-2684','http://web.nvd.nist.gov/view/vuln/detail?vulnId=CVE-2017-2684','2017-02-21'),(5269,'2017-01-01',4455,5323,'CVE-2017-5168','http://web.nvd.nist.gov/view/vuln/detail?vulnId=CVE-2017-5168','2017-02-13'),(5270,'2017-01-01',4455,5324,'CVE-2017-5169','http://web.nvd.nist.gov/view/vuln/detail?vulnId=CVE-2017-5169','2017-02-13'),(5271,'2017-01-01',4507,5325,'CVE-2017-5161','http://web.nvd.nist.gov/view/vuln/detail?vulnId=CVE-2017-5161','2017-02-13'),(5272,'2017-01-01',5341,5326,'CVE-2017-5164','http://web.nvd.nist.gov/view/vuln/detail?vulnId=CVE-2017-5164','2017-02-13'),(5273,'2017-01-01',4453,5327,'CVE-2017-5162','http://web.nvd.nist.gov/view/vuln/detail?vulnId=CVE-2017-5162','2017-02-13'),(5274,'2017-01-01',5341,5328,'CVE-2017-5165','http://web.nvd.nist.gov/view/vuln/detail?vulnId=CVE-2017-5165','2017-02-13'),(5275,'2017-01-01',4405,5329,'CVE-2017-5166','http://web.nvd.nist.gov/view/vuln/detail?vulnId=CVE-2017-5166','2017-02-13'),(5276,'2017-01-01',4426,5330,'CVE-2017-5167','http://web.nvd.nist.gov/view/vuln/detail?vulnId=CVE-2017-5167','2017-02-13'),(5277,'2016-01-01',4481,5331,'CVE-2016-8341','http://web.nvd.nist.gov/view/vuln/detail?vulnId=CVE-2016-8341','2017-02-13'),(5278,'2017-01-01',4421,5332,'CVE-2017-5163','http://web.nvd.nist.gov/view/vuln/detail?vulnId=CVE-2017-5163','2017-02-13'),(5279,'2017-01-01',5348,5333,'CVE-2017-6036','http://web.nvd.nist.gov/view/vuln/detail?vulnId=CVE-2017-6036','2017-06-29'),(5280,'2017-01-01',5349,5334,'CVE-2017-6038','http://web.nvd.nist.gov/view/vuln/detail?vulnId=CVE-2017-6038','2017-06-29'),(5281,'2017-01-01',4393,5335,'CVE-2017-6040','http://web.nvd.nist.gov/view/vuln/detail?vulnId=CVE-2017-6040','2017-06-29'),(5282,'2017-01-01',4481,5336,'CVE-2017-5155','http://web.nvd.nist.gov/view/vuln/detail?vulnId=CVE-2017-5155','2017-02-13'),(5283,'2017-01-01',4588,5337,'CVE-2017-5157','http://web.nvd.nist.gov/view/vuln/detail?vulnId=CVE-2017-5157','2017-02-13'),(5284,'2017-01-01',4385,5338,'CVE-2017-7689','http://web.nvd.nist.gov/view/vuln/detail?vulnId=CVE-2017-7689','2017-04-11'),(5285,'2017-01-01',4405,5339,'CVE-2017-5159','http://web.nvd.nist.gov/view/vuln/detail?vulnId=CVE-2017-5159','2017-02-13'),(5286,'2017-01-01',4405,5340,'CVE-2017-5154','http://web.nvd.nist.gov/view/vuln/detail?vulnId=CVE-2017-5154','2017-02-13'),(5287,'2017-01-01',4710,5341,'CVE-2017-5152','http://web.nvd.nist.gov/view/vuln/detail?vulnId=CVE-2017-5152','2017-02-13'),(5288,'2017-01-01',4481,5342,'CVE-2017-5151','https://web.nvd.nist.gov/view/vuln/detail?vulnId=CVE-2017-5151','2017-02-13'),(5289,'2017-01-01',5358,5343,'CVE-2017-5153','http://web.nvd.nist.gov/view/vuln/detail?vulnId=CVE-2017-5153','2017-02-13'),(5290,'2016-01-01',4453,5344,'CVE-2016-9343','http://web.nvd.nist.gov/view/vuln/detail?vulnId=CVE-2016-9343','2017-02-13'),(5291,'2016-01-01',5360,5345,'CVE-2016-7165','http://web.nvd.nist.gov/view/vuln/detail?vulnId=CVE-2016-7165','2018-06-14');
/*!40000 ALTER TABLE `cve` ENABLE KEYS */;
UNLOCK TABLES;

--
-- Temporary table structure for view `cve_by_icscert`
--

DROP TABLE IF EXISTS `cve_by_icscert`;
/*!50001 DROP VIEW IF EXISTS `cve_by_icscert`*/;
SET @saved_cs_client     = @@character_set_client;
SET character_set_client = utf8;
/*!50001 CREATE VIEW `cve_by_icscert` AS SELECT 
 1 AS `cve`,
 1 AS `icscert`*/;
SET character_set_client = @saved_cs_client;

--
-- Temporary table structure for view `cve_by_sfp1`
--

DROP TABLE IF EXISTS `cve_by_sfp1`;
/*!50001 DROP VIEW IF EXISTS `cve_by_sfp1`*/;
SET @saved_cs_client     = @@character_set_client;
SET character_set_client = utf8;
/*!50001 CREATE VIEW `cve_by_sfp1` AS SELECT 
 1 AS `sfp1`,
 1 AS `cve`*/;
SET character_set_client = @saved_cs_client;

--
-- Temporary table structure for view `cve_by_sfp2`
--

DROP TABLE IF EXISTS `cve_by_sfp2`;
/*!50001 DROP VIEW IF EXISTS `cve_by_sfp2`*/;
SET @saved_cs_client     = @@character_set_client;
SET character_set_client = utf8;
/*!50001 CREATE VIEW `cve_by_sfp2` AS SELECT 
 1 AS `sfp2`,
 1 AS `cve`*/;
SET character_set_client = @saved_cs_client;

--
-- Table structure for table `cvss`
--

DROP TABLE IF EXISTS `cvss`;
/*!40101 SET @saved_cs_client     = @@character_set_client */;
/*!40101 SET character_set_client = utf8 */;
CREATE TABLE `cvss` (
  `id` smallint(5) unsigned NOT NULL AUTO_INCREMENT,
  `AV` varchar(1) DEFAULT NULL,
  `AC` varchar(1) DEFAULT NULL,
  `PR` varchar(1) DEFAULT NULL,
  `UI` varchar(1) DEFAULT NULL,
  `S` varchar(1) DEFAULT NULL,
  `C` varchar(1) DEFAULT NULL,
  `I` varchar(1) DEFAULT NULL,
  `A` varchar(1) DEFAULT NULL,
  `score` decimal(3,1) DEFAULT NULL,
  PRIMARY KEY (`id`),
  UNIQUE KEY `UC_cvss` (`AV`,`AC`,`PR`,`UI`,`S`,`C`,`I`,`A`)
) ENGINE=InnoDB AUTO_INCREMENT=5361 DEFAULT CHARSET=utf8;
/*!40101 SET character_set_client = @saved_cs_client */;

--
-- Dumping data for table `cvss`
--

LOCK TABLES `cvss` WRITE;
/*!40000 ALTER TABLE `cvss` DISABLE KEYS */;
INSERT INTO `cvss` VALUES (4380,'L','L','L','R','U','H','H','H',7.3),(4382,'N','L','L','R','U','H','H','L',7.6),(4383,'P','L','N','N','U','H','H','H',6.8),(4384,'N','L','N','N','U','N','N','H',7.5),(4385,'N','L','N','R','U','H','H','H',8.8),(4386,'N','L','H','R','U','H','H','H',6.8),(4387,'N','L','H','N','U','H','H','H',7.2),(4389,'L','L','L','N','C','H','N','N',6.5),(4390,'N','L','L','R','U','L','H','N',6.3),(4391,'N','L','L','R','U','L','H','L',6.8),(4392,'N','H','N','R','U','L','L','L',5.0),(4393,'N','L','N','N','U','L','N','N',5.3),(4394,'N','L','N','R','U','L','L','N',5.4),(4395,'N','L','L','N','U','H','H','H',8.8),(4396,'N','L','N','N','U','H','N','N',7.5),(4397,'N','L','L','N','U','H','N','N',6.5),(4398,'N','L','L','N','U','L','L','L',6.3),(4399,'N','H','N','N','U','H','H','H',8.1),(4402,'A','L','N','N','U','L','L','N',5.4),(4403,'L','L','N','R','U','N','N','L',3.3),(4405,'N','L','N','N','U','H','H','H',9.8),(4406,'L','L','N','R','U','H','H','H',7.8),(4407,'N','L','N','N','U','H','H','L',9.4),(4416,'N','H','N','R','U','H','L','L',6.4),(4417,'N','L','H','N','C','H','H','H',9.1),(4420,'N','L','N','N','U','L','L','N',6.5),(4421,'N','H','N','N','U','H','N','N',5.9),(4422,'N','L','L','R','C','L','L','N',5.4),(4424,'N','L','N','R','C','L','L','N',6.1),(4426,'N','L','N','N','U','H','L','L',8.6),(4427,'N','L','N','N','U','L','H','L',8.6),(4428,'N','L','N','N','U','N','H','H',9.1),(4432,'N','H','N','N','U','L','L','L',5.6),(4435,'N','H','H','N','U','H','L','H',6.2),(4438,'N','H','N','R','U','N','H','H',6.8),(4439,'N','L','H','N','C','L','N','N',4.1),(4441,'A','L','L','R','U','L','L','N',4.1),(4442,'N','L','N','N','U','N','N','L',5.3),(4443,'N','L','N','N','C','N','N','H',8.6),(4446,'N','L','N','R','C','L','L','L',7.1),(4449,'L','L','N','R','U','L','N','N',3.3),(4453,'N','L','N','N','C','H','H','H',10.0),(4455,'N','H','N','R','U','H','H','H',7.5),(4458,'N','L','L','N','U','L','H','H',8.3),(4460,'N','L','L','N','U','N','N','L',4.3),(4463,'L','L','N','R','U','L','L','H',6.6),(4464,'N','H','N','N','C','N','N','H',6.8),(4465,'A','L','N','N','C','N','N','H',7.4),(4475,'N','H','N','N','C','L','N','L',5.4),(4476,'N','L','L','N','C','H','H','H',9.9),(4478,'A','L','N','N','C','N','H','H',9.3),(4479,'A','L','N','N','U','H','N','N',6.5),(4480,'L','L','H','R','U','H','H','H',6.5),(4481,'N','L','N','N','U','L','L','L',7.3),(4491,'N','L','L','N','C','H','L','N',8.5),(4502,'A','L','N','N','U','H','H','H',8.8),(4503,'L','L','L','N','U','H','N','N',5.5),(4505,'L','H','L','R','U','H','H','H',6.7),(4506,'L','L','H','N','U','N','H','H',6.0),(4507,'L','H','H','R','C','H','H','H',7.2),(4508,'L','L','L','N','U','L','N','N',3.3),(4509,'L','L','L','N','U','L','L','L',5.3),(4510,'L','L','L','N','U','H','H','N',7.1),(4511,'L','L','L','N','C','L','N','N',3.8),(4512,'L','H','H','R','U','N','N','H',4.0),(4513,'L','L','N','R','U','L','N','L',4.4),(4518,'A','H','N','N','C','H','H','H',8.3),(4519,'N','L','H','R','C','L','L','N',4.8),(4521,'L','L','N','N','C','L','N','N',4.3),(4522,'L','L','N','N','C','H','H','H',9.3),(4526,'L','L','H','N','U','H','H','H',6.7),(4528,'N','L','N','N','U','H','N','H',3.2),(4530,'N','L','N','R','U','N','L','N',3.2),(4533,'N','H','N','N','U','N','N','H',0.0),(4542,'N','L','N','R','C','H','H','H',9.6),(4544,'N','L','H','N','U','N','N','H',4.9),(4545,'A','L','N','R','C','H','H','H',8.8),(4552,'N','L','L','N','C','L','L','N',6.4),(4556,'L','L','L','N','C','H','H','H',8.8),(4562,'N','L','N','N','U','H','L','N',8.2),(4566,'A','L','N','N','U','N','N','H',6.5),(4567,'A','L','N','N','U','L','N','N',4.3),(4568,'L','L','N','N','U','H','H','H',8.4),(4569,'N','H','H','N','U','H','H','H',0.0),(4570,'L','H','N','N','U','H','H','H',7.4),(4572,'L','H','L','R','U','N','L','H',5.0),(4577,'L','L','L','R','U','L','N','N',2.8),(4578,'L','H','N','R','U','H','H','H',7.0),(4580,'N','L','L','N','U','L','L','H',7.6),(4588,'N','L','N','R','U','L','L','L',6.3),(4592,'A','L','N','N','C','L','L','H',8.8),(4595,'N','L','L','R','U','H','N','N',5.7),(4598,'N','L','N','R','C','H','H','N',9.3),(4600,'L','L','N','N','U','H','N','N',6.2),(4601,'N','L','L','R','C','H','H','H',9.0),(4603,'A','L','N','R','U','L','H','H',7.6),(4605,'N','L','N','R','C','N','H','N',7.4),(4612,'N','L','N','N','C','L','N','N',9.4),(4615,'A','L','N','N','U','L','L','L',6.3),(4616,'P','L','N','N','U','H','N','N',4.6),(4623,'A','L','N','N','C','H','N','N',7.4),(4625,'P','L','N','N','U','L','L','N',3.5),(4626,'N','L','N','N','U','L','N','H',8.2),(4629,'L','H','N','R','U','L','L','H',5.8),(4633,'L','L','L','N','U','H','H','H',7.8),(4635,'N','L','N','N','U','N','H','L',8.2),(4636,'N','H','N','R','U','L','L','N',4.2),(4638,'N','L','N','N','U','N','L','H',8.2),(4640,'N','H','N','R','C','L','L','N',4.7),(4642,'L','L','N','N','U','L','N','N',4.0),(4643,'N','H','N','N','U','H','H','L',7.7),(4645,'N','L','N','R','U','N','H','N',6.5),(4648,'A','H','N','N','C','N','H','H',8.0),(4651,'A','H','N','N','C','H','L','H',8.2),(4658,'N','L','N','R','U','L','L','H',7.6),(4666,'A','L','N','N','U','L','H','H',8.3),(4667,'A','H','N','N','U','H','H','H',7.5),(4668,'P','H','H','N','U','H','H','H',6.1),(4670,'L','H','N','R','U','L','L','L',4.5),(4671,'L','H','N','R','U','L','N','N',2.5),(4678,'L','L','N','R','U','L','L','L',5.3),(4687,'N','L','L','N','U','H','H','N',8.1),(4701,'N','H','N','N','U','L','N','N',3.7),(4705,'N','H','N','R','U','H','N','N',5.3),(4706,'N','L','N','R','U','L','N','N',4.3),(4710,'N','L','N','N','U','H','H','N',9.1),(4734,'N','L','N','N','U','H','L','.',8.6),(4737,'N','L','N','R','U','L','H','N',7.1),(4743,'N','H','H','R','U','H','H','H',6.4),(4747,'N','H','N','N','U','N','L','L',4.8),(4748,'N','L','N','R','C','H','L','N',8.2),(4750,'N','L','N','N','U','L','H','H',9.4),(4751,'A','L','L','N','U','N','N','H',5.7),(4752,'N','L','N','N','U','L','L','H',8.6),(4753,'L','L','N','N','U','L','L','L',5.9),(4754,'P','L','H','R','U','H','H','H',6.1),(4757,'L','L','L','N','U','L','H','H',7.3),(4758,'L','L','H','N','U','L','L','L',4.2),(4760,'L','L','N','R','C','H','H','H',8.6),(4772,'A','H','L','N','C','L','L','N',4.4),(4773,'P','H','N','N','C','H','N','N',4.9),(4774,'A','H','N','R','U','H','N','N',4.8),(4775,'A','H','N','N','U','N','H','N',5.3),(4777,'N','L','N','R','U','L','N','H',4.3),(4783,'N','L','N','R','U','H','N','N',6.5),(4794,'N','L','L','R','U','H','H','H',8.0),(4800,'L','L','L','R','C','H','H','H',8.2),(4801,'N','L','N','R','C','H','N','L',8.2),(4802,'N','L','N','R','U','N','N','H',6.5),(4804,'N','L','N','N','U','N','H','N',7.5),(4808,'P','H','N','N','U','H','H','H',6.4),(4809,'P','H','L','N','C','H','L','L',6.2),(4817,'N','H','N','N','C','H','H','H',9.0),(4825,'N','H','L','R','C','L','L','L',5.5),(4826,'N','H','N','R','C','L','L','L',5.8),(4829,'A','H','N','N','U','H','L','L',6.4),(4839,'N','L','L','N','U','L','N','N',4.3),(4843,'N','L','N','R','U','H','H','L',8.3),(4851,'A','H','H','R','U','N','H','H',5.6),(4852,'A','H','H','R','U','H','H','H',6.3),(4853,'N','L','N','N','C','H','H','L',10.0),(4858,'P','H','N','R','U','H','H','H',0.0),(4875,'N','H','N','R','C','H','N','N',6.1),(4877,'L','L','L','R','C','H','N','L',6.7),(4878,'L','L','N','R','U','N','N','H',5.5),(4879,'L','H','N','R','C','N','L','N',2.7),(4881,'N','L','N','N','U','N','L','L',6.5),(4882,'N','L','L','N','C','L','L','L',7.4),(4886,'N','H','N','N','U','L','L','N',4.8),(4887,'L','L','L','R','U','H','L','L',6.1),(4892,'L','L','N','R','U','N','H','H',7.1),(4898,'A','L','N','N','C','L','N','N',4.7),(4899,'A','H','N','N','C','H','H','L',8.2),(4903,'P','H','L','N','U','H','N','N',4.0),(4905,'A','H','N','N','U','N','N','H',5.3),(4908,'L','L','H','N','C','N','H','H',7.9),(4929,'L','H','L','N','U','L','H','H',6.5),(4936,'L','H','L','N','U','H','H','H',7.0),(4944,'N','L','N','N','U','N','L','N',5.3),(4948,'N','H','L','R','U','N','N','H',4.8),(4949,'N','H','L','N','U','N','L','H',5.9),(4953,'A','H','L','R','U','H','L','N',5.1),(4959,'N','L','N','N','C','L','L','L',8.3),(4974,'N','L','N','N','C','H','L','N',9.3),(4977,'N','H','N','N','C','L','N','N',4.0),(4982,'N','H','N','N','U','H','L','N',6.5),(4991,'N','L','N','R','U','L','H','H',8.3),(4996,'A','H','L','N','U','H','N','N',4.8),(4997,'A','H','L','N','U','H','H','H',7.1),(5002,'A','H','N','R','U','H','H','N',6.4),(5003,'L','L','H','N','U','H','H','N',6.0),(5006,'L','H','L','N','C','L','H','L',7.0),(5016,'N','L','N','N','C','H','L','L',9.9),(5023,'L','L','L','R','C','H','L','N',6.7),(5052,'L','L','L','R','U','N','N','H',5.0),(5056,'N','H','N','R','C','L','H','N',6.9),(5058,'N','H','L','R','U','H','H','H',7.1),(5062,'N','H','N','N','U','N','H','N',5.9),(5066,'N','L','N','R','C','N','L','H',8.2),(5080,'A','H','N','N','U','L','L','N',4.2),(5082,'A','H','N','N','U','L','H','N',5.9),(5085,'A','H','N','N','U','H','H','N',6.8),(5100,'A','H','N','N','C','L','H','N',6.9),(5118,'A','H','L','R','U','H','H','H',6.8),(5126,'N','L','L','N','U','H','L','L',7.6),(5128,'N','L','N','R','U','H','L','L',7.6),(5129,'N','H','L','N','U','H','H','H',7.5),(5134,'N','H','N','N','U','H','H','N',7.4),(5135,'A','L','N','N','U','N','N','L',4.3),(5139,'N','L','N','N','U','L','N','L',6.5),(5141,'L','H','L','R','U','L','L','L',4.2),(5150,'L','L','L','R','U','L','L','L',4.8),(5153,'N','L','N','N','C','H','H','N',10.0),(5156,'L','L','L','N','C','H','H','N',8.3),(5165,'L','H','L','N','U','L','L','L',4.5),(5167,'N','L','L','R','C','N','N','H',6.8),(5170,'L','H','L','R','C','N','H','H',7.2),(5176,'A','H','N','N','U','L','L','L',5.0),(5180,'P','H','N','N','U','L','H','L',5.3),(5181,'P','H','N','N','U','L','H','H',6.0),(5182,'N','L','N','R','U','H','H','N',8.1),(5184,'N','H','L','N','U','H','N','N',5.3),(5185,'A','L','L','N','U','L','L','L',5.5),(5192,'P','H','L','N','U','H','L','N',4.6),(5198,'N','L','N','N','C','L','L','N',7.2),(5229,'N','L','L','R','U','L','L','L',5.5),(5243,'N','L','L','R','U','H','L','L',6.8),(5248,'N','H','N','N','C','H','H','L',8.9),(5257,'N','H','N','N','C','N','L','L',5.4),(5258,'N','L','N','R','U','N','L','L',5.4),(5259,'L','L','H','R','U','L','L','N',3.1),(5269,'L','L','L','R','U','N','L','H',5.6),(5271,'N','H','N','N','C','N','L','N',4.0),(5281,'N','L','L','N','U','L','N','H',7.1),(5283,'L','L','L','R','U','H','N','H',6.6),(5291,'A','L','N','R','U','L','L','N',4.6),(5314,'N','L','N','R','U','L','H','L',7.6),(5330,'N','L','L','R','U','H','L','N',6.3),(5334,'L','L','L','N','U','N','H','H',7.1),(5341,'N','L','N','R','C','L','L','H',8.8),(5348,'N','L','N','R','U','N','H',' ',6.5),(5349,'N','L','N','R','U','N','H','L',7.1),(5358,'L','L','L','N','U','L','N','H',6.1),(5360,'L','H','H','N','U','H','H','H',6.4);
/*!40000 ALTER TABLE `cvss` ENABLE KEYS */;
UNLOCK TABLES;

--
-- Table structure for table `cwe`
--

DROP TABLE IF EXISTS `cwe`;
/*!40101 SET @saved_cs_client     = @@character_set_client */;
/*!40101 SET character_set_client = utf8 */;
CREATE TABLE `cwe` (
  `id` smallint(5) unsigned NOT NULL AUTO_INCREMENT,
  `cweLink` char(255) DEFAULT NULL,
  `cweAbstraction` text,
  `cweStructure` text,
  `cweSFP2Cluster` smallint(5) unsigned NOT NULL,
  `name` char(255) NOT NULL,
  PRIMARY KEY (`id`),
  KEY `fk_cwe_cwesfp2cluster` (`cweSFP2Cluster`),
  CONSTRAINT `fk_cwe_cwesfp2cluster` FOREIGN KEY (`cweSFP2Cluster`) REFERENCES `sfp2` (`id`)
) ENGINE=InnoDB AUTO_INCREMENT=5346 DEFAULT CHARSET=utf8;
/*!40101 SET character_set_client = @saved_cs_client */;

--
-- Dumping data for table `cwe`
--

LOCK TABLES `cwe` WRITE;
/*!40000 ALTER TABLE `cwe` DISABLE KEYS */;
INSERT INTO `cwe` VALUES (4365,'https://cwe.mitre.org/data/definitions/122.html','Variant','Simple',4399,'CWE-122'),(4366,'https://cwe.mitre.org/data/definitions/843.html','Base','Simple',4400,'CWE-843'),(4367,'https://cwe.mitre.org/data/definitions/320.html','None','class',4400,'CWE-320'),(4368,'https://cwe.mitre.org/data/definitions/284.html','Class','Simple',4402,'CWE-284'),(4369,'https://cwe.mitre.org/data/definitions/300.html','Class','Simple',4403,'CWE-300'),(4370,'https://cwe.mitre.org/data/definitions/284.html','Class','Simple',4402,'CWE-284'),(4371,'https://cwe.mitre.org/data/definitions/79.html','Base','Simple',4405,'3.2.CWE-79'),(4372,'https://cwe.mitre.org/data/definitions/78.html','Base','Simple',4405,'3.2.CWE-78'),(4373,'https://cwe.mitre.org/data/definitions/78.html','Base','Simple',4405,'3.2.CWE-78'),(4374,'https://cwe.mitre.org/data/definitions/522.html','Base','Simple',4408,'CWE-522'),(4375,'https://cwe.mitre.org/data/definitions/121.html','Variant','Simple',4399,'CWE-121'),(4376,'https://cwe.mitre.org/data/definitions/122.html','Variant','Simple',4399,'CWE-122'),(4377,'https://cwe.mitre.org/data/definitions/352.html','Compound','Composite',4400,'CWE-352'),(4378,'https://cwe.mitre.org/data/definitions/203.html','Class','Simple',4412,'CWE-203'),(4379,'https://cwe.mitre.org/data/definitions/79.html','Base','Simple',4405,'CWE-79'),(4380,'https://cwe.mitre.org/data/definitions/77.html','Class','Simple',4405,'CWE-77'),(4381,'https://cwe.mitre.org/data/definitions/540.html','Variant','Simple',4408,'CWE-540'),(4382,'https://cwe.mitre.org/data/definitions/321.html','Base','Simple',4416,'CWE-321'),(4383,'https://cwe.mitre.org/data/definitions/89.html','Base','Simple',4405,'CWE-89'),(4384,'https://cwe.mitre.org/data/definitions/288.html','Base','Simple',4418,'CWE-288'),(4385,'https://cwe.mitre.org/data/definitions/326.html','Class','Simple',4419,'CWE-326'),(4386,'https://cwe.mitre.org/data/definitions/400.html','Class','Simple',4420,'CWE-400'),(4387,'https://cwe.mitre.org/data/definitions/330.html','Class','Simple',4400,'CWE-330'),(4388,'https://cwe.mitre.org/data/definitions/125.html','Base','Simple',4399,'CWE-125'),(4389,'https://cwe.mitre.org/data/definitions/426.html','Base','Simple',4400,'CWE-426'),(4390,'https://cwe.mitre.org/data/definitions/306.html','Variant','Simple',4424,'CWE-306'),(4391,'https://cwe.mitre.org/data/definitions/502.html','Variant','Simple',4425,'CWE-502'),(4392,'https://cwe.mitre.org/data/definitions/306.html','Variant','Simple',4424,'CWE-306'),(4393,'https://cwe.mitre.org/data/definitions/231.html','Variant','Simple',4427,'CWE-231'),(4394,'https://cwe.mitre.org/data/definitions/256.html','Variant','Simple',4408,'CWE-256'),(4395,'https://cwe.mitre.org/data/definitions/400.html','Class','Simple',4420,'CWE-400'),(4396,'https://cwe.mitre.org/data/definitions/20.html','Class','Simple',4425,'CWE-20'),(4397,'https://cwe.mitre.org/data/definitions/77.html','Class','Simple',4405,'CWE-77'),(4398,'https://cwe.mitre.org/data/definitions/200.html','Class','Simple',4408,'CWE-200'),(4399,'https://cwe.mitre.org/data/definitions/200.html','Class','Simple',4408,'CWE-200'),(4400,'https://cwe.mitre.org/data/definitions/77.html','Class','Simple',4405,'CWE-77'),(4401,'https://cwe.mitre.org/data/definitions/79.html','Base','Simple',4405,'CWE-79'),(4402,'https://cwe.mitre.org/data/definitions/89.html','Base','Simple',4405,'CWE-89'),(4403,'https://cwe.mitre.org/data/definitions/248.html','Base','Simple',4437,'CWE-248'),(4404,'https://cwe.mitre.org/data/definitions/749.html','Base','Simple',4438,'CWE-749'),(4405,'https://cwe.mitre.org/data/definitions/798.html','Base','Simple',4400,'CWE-798'),(4406,'https://cwe.mitre.org/data/definitions/522.html','Base','Simple',4408,'CWE-522'),(4407,'https://cwe.mitre.org/data/definitions/79.html','Base','Simple',4405,'CWE-79'),(4408,'https://cwe.mitre.org/data/definitions/798','Base','Simple',4400,'CWE-798'),(4409,'https://cwe.mitre.org/data/definitions/79.html','Base','Simple',4405,'CWE-79'),(4410,'https://cwe.mitre.org/data/definitions/89.html','Base','Simple',4405,'CWE-89'),(4411,'https://cwe.mitre.org/data/definitions/311.html','Base','Simple',4408,'CWE-311'),(4412,'https://cwe.mitre.org/data/definitions/94.html','Class','Simple',4446,'CWE-94'),(4413,'https://cwe.mitre.org/data/definitions/121.html','Variant','Simple',4399,'CWE-121'),(4414,'https://cwe.mitre.org/data/definitions/427.html','Base','Simple',4446,'CWE-427'),(4415,'https://cwe.mitre.org/data/definitions/427.html','Base','Simple',4446,'CWE-427'),(4416,'https://cwe.mitre.org/data/definitions/798.html','Base','Simple',4400,'CWE-798'),(4417,'https://cwe.mitre.org/data/definitions/284.html','Class','Simple',4402,'CWE-284'),(4418,'https://cwe.mitre.org/data/definitions/284.html','Class','Simple',4402,'CWE-284'),(4419,'https://cwe.mitre.org/data/definitions/78.html','Base','Simple',4405,'CWE-78'),(4420,'https://cwe.mitre.org/data/definitions/798.html','Base','Simple',4400,'CWE-798'),(4421,'https://cwe.mitre.org/data/definitions/434.html','Base','Simple',4400,'CWE-434'),(4422,'https://cwe.mitre.org/data/definitions/79.html','Base','Simple',4405,'CWE-79'),(4423,'https://cwe.mitre.org/data/definitions/352.html','Compound','Composite',4400,'CWE-352'),(4424,'https://cwe.mitre.org/data/definitions/200.html','Class','Simple',4408,'CWE-200'),(4425,'https://cwe.mitre.org/data/definitions/311.html','Base','Simple',4408,'CWE-311'),(4426,'https://cwe.mitre.org/data/definitions/79.html','Base','Simple',4405,'CWE-79'),(4427,'https://cwe.mitre.org/data/definitions/400.html','Class','Simple',4420,'CWE-400'),(4428,'https://cwe.mitre.org/data/definitions/121.html','Variant','Simple',4399,'CWE-121'),(4429,'https://cwe.mitre.org/data/definitions/400.html','Class','Simple',4420,'CWE-400'),(4430,'https://cwe.mitre.org/data/definitions/284.html','Class','Simple',4402,'CWE-284'),(4431,'https://cwe.mitre.org/data/definitions/601.html','Variant','Simple',4405,'CWE-601'),(4432,'https://cwe.mitre.org/data/definitions/121.html','Variant','Simple',4399,'CWE-121'),(4433,'https://cwe.mitre.org/data/definitions/122.html','Variant','Simple',4399,'CWE-122'),(4434,'https://cwe.mitre.org/data/definitions/125.html','Base','Simple',4399,'CWE-125'),(4435,'https://cwe.mitre.org/data/definitions/798.html','Base','Simple',4400,'CWE-798'),(4436,'https://cwe.mitre.org/data/definitions/400.html','Class','Simple',4420,'CWE-400'),(4437,'http://cwe.mitre.org/data/definitions/400.html','Class','Simple',4420,'CWE-400'),(4438,'https://cwe.mitre.org/data/definitions/77.html','Class','Simple',4405,'CWE-77'),(4439,'https://cwe.mitre.org/data/definitions/248.html','Base','Simple',4437,'CWE-248'),(4440,'https://cwe.mitre.org/data/definitions/131.html','Base','Simple',4474,'CWE-131'),(4441,'https://cwe.mitre.org/data/definitions/125.html','Base','Simple',4399,'CWE-125'),(4442,'https://cwe.mitre.org/data/definitions/121.html','Variant','Simple',4399,'CWE-121'),(4443,'https://cwe.mitre.org/data/definitions/280.html','Base','Simple',4437,'CWE-280'),(4444,'https://cwe.mitre.org/data/definitions/415.html','Variant','Simple',4478,'CWE-415'),(4445,'https://cwe.mitre.org/data/definitions/125.html','Base','Simple',4399,'CWE-125'),(4446,'https://cwe.mitre.org/data/definitions/400.html','Class','Simple',4420,'CWE-400'),(4447,'https://cwe.mitre.org/data/definitions/125.html','Base','Simple',4399,'CWE-125'),(4448,'https://cwe.mitre.org/data/definitions/416.html','Base','Simple',4482,'CWE-416'),(4449,'https://cwe.mitre.org/data/definitions/400.html','Class','Simple',4420,'CWE-400'),(4450,'https://cwe.mitre.org/data/definitions/399.html','None','class',4400,'CWE-399'),(4451,'https://cwe.mitre.org/data/definitions/399.html','None','class',4400,'CWE-399'),(4452,'https://cwe.mitre.org/data/definitions/399.html','None','class',4400,'CWE-399'),(4453,'https://cwe.mitre.org/data/definitions/20.html','Class','Simple',4425,'CWE-20'),(4454,'https://cwe.mitre.org/data/definitions/399.html','None','class',4400,'CWE-399'),(4455,'https://cwe.mitre.org/data/definitions/20.html','Class','Simple',4425,'CWE-20'),(4456,'https://cwe.mitre.org/data/definitions/77.html','Class','Simple',4405,'CWE-77'),(4457,'https://cwe.mitre.org/data/definitions/121.html','Variant','Simple',4399,'CWE-121'),(4458,'https://cwe.mitre.org/data/definitions/284.html','Class','Simple',4402,'CWE-284'),(4459,'https://cwe.mitre.org/data/definitions/400.html','Class','Simple',4420,'CWE-400'),(4460,'https://cwe.mitre.org/data/definitions/440.html','Base','Simple',4494,'CWE-440'),(4461,'https://cwe.mitre.org/data/definitions/77.html','Class','Simple',4405,'CWE-77'),(4462,'https://cwe.mitre.org/data/definitions/306.html','Variant','Simple',4424,'CWE-306'),(4463,'https://cwe.mitre.org/data/definitions/284.html','Class','Simple',4402,'CWE-284'),(4464,'https://cwe.mitre.org/data/definitions/319.html','Variant','Simple',4408,'CWE-319'),(4465,'https://cwe.mitre.org/data/definitions/427.html','Base','Simple',4446,'CWE-427'),(4466,'https://cwe.mitre.org/data/definitions/79.html','Base','Simple',4405,'CWE-79'),(4467,'https://cwe.mitre.org/data/definitions/22.html','Class','Simple',4501,'CWE-22'),(4468,'https://cwe.mitre.org/data/definitions/287.html','Class','Simple',4418,'CWE-287'),(4469,'https://cwe.mitre.org/data/definitions/20.html','Class','Simple',4425,'CWE-20'),(4470,'https://cwe.mitre.org/data/definitions/94.html','Class','Simple',4446,'CWE-94'),(4471,'https://cwe.mitre.org/data/definitions/79.html','Base','Simple',4405,'CWE-79'),(4472,'https://cwe.mitre.org/data/definitions/787.html','Base','Simple',4400,'CWE-787'),(4473,'https://cwe.mitre.org/data/definitions/427.html','Base','Simple',4446,'CWE-427'),(4474,'https://cwe.mitre.org/data/definitions/22.html','Class','Simple',4501,'CWE-22'),(4475,'https://cwe.mitre.org/data/definitions/121.html','Variant','Simple',4399,'CWE-121'),(4476,'https://cwe.mitre.org/data/definitions/79.html','Base','Simple',4405,'CWE-79'),(4477,'https://cwe.mitre.org/data/definitions/120.html','Base','Simple',4399,'CWE-120'),(4478,'https://cwe.mitre.org/data/definitions/352.html','Compound','Composite',4400,'CWE-352'),(4479,'https://cwe.mitre.org/data/definitions/79.html','Base','Simple',4405,'CWE-79'),(4480,'https://cwe.mitre.org/data/definitions/284.html','Class','Simple',4402,'CWE-284'),(4481,'https://cwe.mitre.org/data/definitions/307.html','Base','Simple',4515,'CWE-307'),(4482,'https://cwe.mitre.org/data/definitions/311.html','Base','Simple',4408,'CWE-311'),(4483,'https://cwe.mitre.org/data/definitions/125.html','Base','Simple',4399,'CWE-125'),(4484,'https://cwe.mitre.org/data/definitions/256.html','Variant','Simple',4408,'CWE-256'),(4485,'https://cwe.mitre.org/data/definitions/341.html','Base','Simple',4400,'CWE-341'),(4486,'https://cwe.mitre.org/data/definitions/400.html','Class','Simple',4420,'CWE-400'),(4487,'https://cwe.mitre.org/data/definitions/287.html','Class','Simple',4418,'CWE-287'),(4488,'https://cwe.mitre.org/data/definitions/693.html','Class','Simple',4438,'CWE-693'),(4489,'https://cwe.mitre.org/data/definitions/693.html','Class','Simple',4438,'CWE-693'),(4490,'http://cwe.mitre.org/data/definitions/275.html','None','class',4400,'CWE-275'),(4491,'http://cwe.mitre.org/data/definitions/693.html','Class','Simple',4438,'CWE-693'),(4492,'http://cwe.mitre.org/data/definitions/693.html','Class','Simple',4438,'CWE-693'),(4493,'http://cwe.mitre.org/data/definitions/275.html','None','class',4400,'CWE-275'),(4494,'http://cwe.mitre.org/data/definitions/275.html','None','class',4400,'CWE-275'),(4495,'http://cwe.mitre.org/data/definitions/320.html','None','class',4400,'CWE-320'),(4496,'http://cwe.mitre.org/data/definitions/275.html','None','class',4400,'CWE-275'),(4497,'http://cwe.mitre.org/data/definitions/691.html','Class','Simple',4531,'CWE-691'),(4498,'https://cwe.mitre.org/data/definitions/125.html','Base','Simple',4399,'CWE-125'),(4499,'https://cwe.mitre.org/data/definitions/20.html','Class','Simple',4425,'CWE-20'),(4500,'https://cwe.mitre.org/data/definitions/79.html','Base','Simple',4405,'CWE-79'),(4501,'https://cwe.mitre.org/data/definitions/288.html','Base','Simple',4418,'CWE-288'),(4502,'https://cwe.mitre.org/data/definitions/288.html','Base','Simple',4418,'CWE-288'),(4503,'https://cwe.mitre.org/data/definitions/121.html','Variant','Simple',4399,'CWE-121'),(4504,'https://cwe.mitre.org/data/definitions/79.html','Base','Simple',4405,'CWE-79'),(4505,'https://cwe.mitre.org/data/definitions/20.html','Class','Simple',4425,'CWE-20'),(4506,'https://cwe.mitre.org/data/definitions/200.html','Class','Simple',4408,'CWE-200'),(4507,'https://cwe.mitre.org/data/definitions/787.html','Base','Simple',4400,'CWE-787'),(4508,'https://cwe.mitre.org/data/definitions/122.html','Variant','Simple',4399,'CWE-122'),(4509,'https://cwe.mitre.org/data/definitions/20.html','Class','Simple',4425,'CWE-20'),(4510,'https://cwe.mitre.org/data/definitions/310.html','None','class',4400,'CWE-310'),(4511,'https://cwe.mitre.org/data/definitions/119.html','Class','Simple',4399,'CWE-119'),(4512,'https://cwe.mitre.org/data/definitions/399.html','None','class',4400,'CWE-399'),(4513,'https://cwe.mitre.org/data/definitions/319.html','Variant','Simple',4408,'CWE-319'),(4514,'https://cwe.mitre.org/data/definitions/79.html','Base','Simple',4405,'CWE-79'),(4515,'https://cwe.mitre.org/data/definitions/352.html','Compound','Composite',4400,'CWE-352'),(4516,'https://cwe.mitre.org/data/definitions/248.html','Base','Simple',4437,'CWE-248'),(4517,'https://cwe.mitre.org/data/definitions/20.html','Class','Simple',4425,'CWE-20'),(4518,'https://cwe.mitre.org/data/definitions/20.html','Class','Simple',4425,'CWE-'),(4519,'https://cwe.mitre.org/data/definitions/306.html','Variant','Simple',4424,'CWE-306'),(4520,'https://cwe.mitre.org/data/definitions/99.html','Base','Simple',4405,'CWE-99'),(4521,'https://cwe.mitre.org/data/definitions/20.html','Class','Simple',4425,'CWE-20'),(4522,'https://cwe.mitre.org/data/definitions/122.html','Variant','Simple',4399,'CWE-122'),(4523,'https://cwe.mitre.org/data/definitions/121.html','Variant','Simple',4399,'CWE-121'),(4524,'https://cwe.mitre.org/data/definitions/119.html','Class','Simple',4399,'CWE-119'),(4525,'http://cwe.mitre.org/data/definitions/20.html','Class','Simple',4425,'CWE-20'),(4526,'http://cwe.mitre.org/data/definitions/20.html','Class','Simple',4425,'CWE-20'),(4527,'https://cwe.mitre.org/data/definitions/287.html','Class','Simple',4418,'CWE-287'),(4528,'https://cwe.mitre.org/data/definitions/306.html','Variant','Simple',4424,'CWE-306'),(4529,'https://cwe.mitre.org/data/definitions/20.html','Class','Simple',4425,'CWE-20'),(4530,'https://cwe.mitre.org/data/definitions/598.html','Variant','Simple',4408,'CWE-598'),(4531,'https://cwe.mitre.org/data/definitions/312.html','Variant','Simple',4408,'CWE-312'),(4532,'https://cwe.mitre.org/data/definitions/798','Base','Simple',4400,'CWE-798'),(4533,'https://cwe.mitre.org/data/definitions/326.html','Class','Simple',4419,'CWE-326'),(4534,'https://cwe.mitre.org/data/definitions/259.html','Base','Simple',4416,'CWE-259'),(4535,'https://cwe.mitre.org/data/definitions/798.html','Base','Simple',4400,'CWE-798'),(4536,'https://cwe.mitre.org/data/definitions/94.html','Class','Simple',4446,'CWE-94'),(4537,'https://cwe.mitre.org/data/definitions/89.html','Base','Simple',4405,'CWE-89'),(4538,'https://cwe.mitre.org/data/definitions/284.html','Class','Simple',4402,'CWE-284'),(4539,'https://cwe.mitre.org/data/definitions/434.html','Base','Simple',4400,'CWE-434'),(4540,'https://cwe.mitre.org/data/definitions/400.html','Class','Simple',4420,'CWE-400'),(4541,'https://cwe.mitre.org/data/definitions/522.html','Base','Simple',4408,'CWE-522'),(4542,'https://cwe.mitre.org/data/definitions/287.html','Class','Simple',4418,'CWE-287'),(4543,'https://cwe.mitre.org/data/definitions/288.html','Base','Simple',4418,'CWE-288'),(4544,'https://cwe.mitre.org/data/definitions/89.html','Base','Simple',4405,'CWE-89'),(4545,'https://cwe.mitre.org/data/definitions/352.html','Compound','Composite',4400,'CWE-352'),(4546,'https://cwe.mitre.org/data/definitions/307.html','Base','Simple',4515,'CWE-307'),(4547,'https://cwe.mitre.org/data/definitions/319.html','Variant','Simple',4408,'CWE-319'),(4548,'https://cwe.mitre.org/data/definitions/400.html','Class','Simple',4420,'CWE-400'),(4549,'https://cwe.mitre.org/data/definitions/922.html','Class','Simple',4400,'CWE-922'),(4550,'https://cwe.mitre.org/data/definitions/119.html','Class','Simple',4399,'CWE-119'),(4551,'https://cwe.mitre.org/data/definitions/20.html','Class','Simple',4425,'CWE-20'),(4552,'https://cwe.mitre.org/data/definitions/532.html','Variant','Simple',4408,'CWE-532'),(4553,'https://cwe.mitre.org/data/definitions/269.html','Class','Simple',4400,'CWE-269'),(4554,'https://cwe.mitre.org/data/definitions/22.html','Class','Simple',4501,'IMPROPER LIMITATION OF A PATHNAME TO A RESTRICTED DIRECTORY (‘PATH TRAVERSAL’CWE-22'),(4555,'https://cwe.mitre.org/data/definitions/287.html','Class','Simple',4418,'3.2.CWE-287'),(4556,'https://cwe.mitre.org/data/definitions/94.html','Class','Simple',4446,'CWE-94'),(4557,'https://cwe.mitre.org/data/definitions/77.html','Class','Simple',4405,'CWE-77'),(4558,'https://cwe.mitre.org/data/definitions/77.html','Class','Simple',4405,'CWE-77'),(4559,'https://cwe.mitre.org/data/definitions/416.html','Base','Simple',4482,'CWE-416'),(4560,'https://cwe.mitre.org/data/definitions/843.html','Base','Simple',4400,'CWE-843'),(4561,'https://cwe.mitre.org/data/definitions/824.html','Base','Simple',4400,'CWE-824'),(4562,'https://cwe.mitre.org/data/definitions/125.html','Base','Simple',4399,'CWE-125'),(4563,'https://cwe.mitre.org/data/definitions/20.html','Class','Simple',4425,'CWE-20'),(4564,'https://cwe.mitre.org/data/definitions/287.html','Class','Simple',4418,'CWE-287'),(4565,'https://cwe.mitre.org/data/definitions/79.html','Base','Simple',4405,'CWE-79'),(4566,'https://cwe.mitre.org/data/definitions/20.html','Class','Simple',4425,'CWE-20'),(4567,'https://cwe.mitre.org/data/definitions/125.html','Base','Simple',4399,'CWE-125'),(4568,'https://cwe.mitre.org/data/definitions/94.html','Class','Simple',4446,'CWE-94'),(4569,'https://cwe.mitre.org/data/definitions/822.html','Base','Simple',4400,'CWE-822'),(4570,'https://cwe.mitre.org/data/definitions/787.html','Base','Simple',4400,'CWE-787'),(4571,'https://cwe.mitre.org/data/definitions/23.html','Base','Simple',4501,'CWE-23'),(4572,'https://cwe.mitre.org/data/definitions/125.html','Base','Simple',4399,'CWE-125'),(4573,'https://cwe.mitre.org/data/definitions/74.html','Class','Simple',4405,'CWE-74'),(4574,'https://cwe.mitre.org/data/definitions/74.html','Class','Simple',4405,'CWE-74'),(4575,'https://cwe.mitre.org/data/definitions/798.html','Base','Simple',4400,'CWE-798'),(4576,'https://cwe.mitre.org/data/definitions/288.html','Base','Simple',4418,'CWE-288'),(4577,'https://cwe.mitre.org/data/definitions/307.html','Base','Simple',4515,'CWE-307'),(4578,'https://cwe.mitre.org/data/definitions/843.html','Base','Simple',4400,'CWE-843'),(4579,'https://cwe.mitre.org/data/definitions/312.html','Variant','Simple',4408,'CWE-312'),(4580,'https://cwe.mitre.org/data/definitions/79.html','Base','Simple',4405,'CWE-79'),(4581,'https://cwe.mitre.org/data/definitions/416.html','Base','Simple',4482,'CWE-416'),(4582,'https://cwe.mitre.org/data/definitions/22.html','Class','Simple',4501,'CWE-22'),(4583,'https://cwe.mitre.org/data/definitions/434.html','Base','Simple',4400,'CWE-434'),(4584,'https://cwe.mitre.org/data/definitions/611.html','Variant','Simple',4405,'CWE-611'),(4585,'https://cwe.mitre.org/data/definitions/310.html','None','class',4400,'CWE-310'),(4586,'https://cwe.mitre.org/data/definitions/20.html','Class','Simple',4425,'CWE-20'),(4587,'https://cwe.mitre.org/data/definitions/399.html','None','class',4400,'CWE-399'),(4588,'https://cwe.mitre.org/data/definitions/294.html','Base','Simple',4403,'CWE-294'),(4589,'https://cwe.mitre.org/data/definitions/20.html','Class','Simple',4425,'CWE-20'),(4590,'https://cwe.mitre.org/data/definitions/601.html','Variant','Simple',4405,'CWE-601'),(4591,'https://cwe.mitre.org/data/definitions/122.html','Variant','Simple',4399,'CWE-122'),(4592,'https://cwe.mitre.org/data/definitions/306.html','Variant','Simple',4424,'CWE-306'),(4593,'https://cwe.mitre.org/data/definitions/79.html','Base','Simple',4405,'CWE-79'),(4594,'https://cwe.mitre.org/data/definitions/20.html','Class','Simple',4425,'CWE-20'),(4595,'https://cwe.mitre.org/data/definitions/284.html','Class','Simple',4402,'CWE-284'),(4596,'https://cwe.mitre.org/data/definitions/330.html','Class','Simple',4400,'CWE-330'),(4597,'https://cwe.mitre.org/data/definitions/923.html','Class','Simple',4400,'CWE-923'),(4598,'https://cwe.mitre.org/data/definitions/306.html','Variant','Simple',4424,'CWE-306'),(4599,'https://cwe.mitre.org/data/definitions/287.html','Class','Simple',4418,'CWE-287'),(4600,'https://cwe.mitre.org/data/definitions/287.html','Class','Simple',4418,'CWE-287'),(4601,'https://cwe.mitre.org/data/definitions/311.html','Base','Simple',4408,'CWE-311'),(4602,'https://cwe.mitre.org/data/definitions/843.html','Base','Simple',4400,'CWE-843'),(4603,'https://cwe.mitre.org/data/definitions/843.html','Base','Simple',4400,'CWE-843'),(4604,'https://cwe.mitre.org/data/definitions/121.html','Variant','Simple',4399,'CWE-121'),(4605,'https://cwe.mitre.org/data/definitions/20.html','Class','Simple',4425,'CWE-20'),(4606,'https://cwe.mitre.org/data/definitions/20.html','Class','Simple',4425,'CWE-20'),(4607,'https://cwe.mitre.org/data/definitions/78.html','Base','Simple',4405,'CWE-78'),(4608,'https://cwe.mitre.org/data/definitions/22.html','Class','Simple',4501,'CWE-22'),(4609,'https://cwe.mitre.org/data/definitions/284.html','Class','Simple',4402,'CWE-284'),(4610,'https://cwe.mitre.org/data/definitions/326.html','Class','Simple',4419,'CWE-326'),(4611,'https://cwe.mitre.org/data/definitions/611.html','Variant','Simple',4405,'CWE-611'),(4612,'https://cwe.mitre.org/data/definitions/306.html','Variant','Simple',4424,'CWE-306'),(4613,'https://cwe.mitre.org/data/definitions/121.html','Variant','Simple',4399,'CWE-121'),(4614,'https://cwe.mitre.org/data/definitions/416.html','Base','Simple',4482,'CWE-416'),(4615,'https://cwe.mitre.org/data/definitions/79.html','Base','Simple',4405,'CWE-79'),(4616,'https://cwe.mitre.org/data/definitions/502.html','Variant','Simple',4425,'CWE-502'),(4617,'https://cwe.mitre.org/data/definitions/122.html','Variant','Simple',4399,'CWE-122'),(4618,'https://cwe.mitre.org/data/definitions/427.html','Base','Simple',4446,'CWE-427'),(4619,'https://cwe.mitre.org/data/definitions/121.html','Variant','Simple',4399,'CWE-121'),(4620,'https://cwe.mitre.org/data/definitions/345.html','Class','Simple',4654,'CWE-345'),(4621,'https://cwe.mitre.org/data/definitions/284.html','Class','Simple',4402,'CWE-284'),(4622,'https://cwe.mitre.org/data/definitions/20.html','Class','Simple',4425,'CWE-20'),(4623,'https://cwe.mitre.org/data/definitions/20.html','Class','Simple',4425,'CWE-20'),(4624,'https://cwe.mitre.org/data/definitions/94.html','Class','Simple',4446,'CWE-94'),(4625,'https://cwe.mitre.org/data/definitions/79.html','Base','Simple',4405,'CWE-79'),(4626,'https://cwe.mitre.org/data/definitions/400.html','Class','Simple',4420,'CWE-400'),(4627,'https://cwe.mitre.org/data/definitions/256.html','Variant','Simple',4408,'CWE-256'),(4628,'https://cwe.mitre.org/data/definitions/287.html','Class','Simple',4418,'CWE-287'),(4629,'https://cwe.mitre.org/data/definitions/22.html','Class','Simple',4501,'CWE-22'),(4630,'https://cwe.mitre.org/data/definitions/601.html','Variant','Simple',4405,'CWE-601'),(4631,'https://cwe.mitre.org/data/definitions/521.html','Base','Simple',4665,'CWE-521'),(4632,'https://cwe.mitre.org/data/definitions/287.html','Class','Simple',4418,'CWE-287'),(4633,'https://cwe.mitre.org/data/definitions/78.html','Base','Simple',4405,'CWE-78'),(4634,'https://cwe.mitre.org/data/definitions/434.html','Base','Simple',4400,'CWE-434'),(4635,'https://cwe.mitre.org/data/definitions/284.html','Class','Simple',4402,'CWE-284'),(4636,'https://cwe.mitre.org/data/definitions/284.html','Class','Simple',4402,'CWE-284'),(4637,'https://cwe.mitre.org/data/definitions/121.html','Variant','Simple',4399,'CWE-121'),(4638,'https://cwe.mitre.org/data/definitions/258.html','Variant','Simple',4416,'CWE-258'),(4639,'https://cwe.mitre.org/data/definitions/427.html','Base','Simple',4446,'CWE-427'),(4640,'https://cwe.mitre.org/data/definitions/288.html','Base','Simple',4418,'CWE-288'),(4641,'https://cwe.mitre.org/data/definitions/522.html','Base','Simple',4408,'CWE-522'),(4642,'https://cwe.mitre.org/data/definitions/611.html','Variant','Simple',4405,'CWE-611'),(4643,'https://cwe.mitre.org/data/definitions/269.html','Class','Simple',4400,'CWE-269'),(4644,'https://cwe.mitre.org/data/definitions/79.html','Base','Simple',4405,'CWE-79'),(4645,'https://cwe.mitre.org/data/definitions/284.html','Class','Simple',4402,'CWE-284'),(4646,'https://cwe.mitre.org/data/definitions/121.html','Variant','Simple',4399,'CWE-121'),(4647,'https://cwe.mitre.org/data/definitions/121.html','Variant','Simple',4399,'CWE-121'),(4648,'https://cwe.mitre.org/data/definitions/73.html','Class','Simple',4501,'CWE-73'),(4649,'https://cwe.mitre.org/data/definitions/269.html','Class','Simple',4400,'CWE-269'),(4650,'https://cwe.mitre.org/data/definitions/22.html','Class','Simple',4501,'CWE-22'),(4651,'https://cwe.mitre.org/data/definitions/294.html','Base','Simple',4403,'CWE-294'),(4652,'https://cwe.mitre.org/data/definitions/284.html','Class','Simple',4402,'CWE-284'),(4653,'https://cwe.mitre.org/data/definitions/287.html','Class','Simple',4418,'CWE-287'),(4654,'https://cwe.mitre.org/data/definitions/294.html','Base','Simple',4403,'CWE-294'),(4655,'https://cwe.mitre.org/data/definitions/119.html','Class','Simple',4399,'CWE-119'),(4656,'https://cwe.mitre.org/data/definitions/125.html','Base','Simple',4399,'CWE-125'),(4657,'https://cwe.mitre.org/data/definitions/416.html','Base','Simple',4482,'CWE-416'),(4658,'https://cwe.mitre.org/data/definitions/704.html','Class','Simple',4692,'CWE-704'),(4659,'https://cwe.mitre.org/data/definitions/822.html','Base','Simple',4400,'CWE-822'),(4660,'https://cwe.mitre.org/data/definitions/125.html','Base','Simple',4399,'CWE-125'),(4661,'https://cwe.mitre.org/data/definitions/680.html','Compound','Chain',4400,'CWE-680'),(4662,'https://cwe.mitre.org/data/definitions/22.html','Class','Simple',4501,'CWE-22'),(4663,'https://cwe.mitre.org/data/definitions/787.html','Base','Simple',4400,'CWE-787'),(4664,'https://cwe.mitre.org/data/definitions/121.html','Variant','Simple',4399,'CWE-121'),(4665,'https://cwe.mitre.org/data/definitions/121.html','Variant','Simple',4399,'CWE-121'),(4666,'https://cwe.mitre.org/data/definitions/489.html','Base','Simple',4700,'CWE-489'),(4667,'https://cwe.mitre.org/data/definitions/330.html','Class','Simple',4400,'CWE-330'),(4668,'https://cwe.mitre.org/data/definitions/477.html','Base','Simple',4494,'CWE-477'),(4669,'https://cwe.mitre.org/data/definitions/732.html','Class','Simple',4703,'CWE-732'),(4670,'https://cwe.mitre.org/data/definitions/798.html','Base','Simple',4400,'CWE-798'),(4671,'https://cwe.mitre.org/data/definitions/22.html','Class','Simple',4501,'CWE-22'),(4672,'https://cwe.mitre.org/data/definitions/434.html','Base','Simple',4400,'CWE-434'),(4673,'https://cwe.mitre.org/data/definitions/89.html','Base','Simple',4405,'CWE-89'),(4674,'https://cwe.mitre.org/data/definitions/121.html','Variant','Simple',4399,'CWE-121'),(4675,'https://cwe.mitre.org/data/definitions/787.html','Base','Simple',4400,'CWE-787'),(4676,'https://cwe.mitre.org/data/definitions/623.html','Variant','Simple',4710,'CWE-623'),(4677,'https://cwe.mitre.org/data/definitions/310.html','None','class',4400,'CWE-310'),(4678,'https://cwe.mitre.org/data/definitions/269.html','Class','Simple',4400,'CWE-269'),(4679,'https://cwe.mitre.org/data/definitions/269.html','Class','Simple',4400,'CWE-269'),(4680,'https://cwe.mitre.org/data/definitions/352.html','Compound','Composite',4400,'CWE-352'),(4681,'https://cwe.mitre.org/data/definitions/20.html','Class','Simple',4425,'CWE-20'),(4682,'https://cwe.mitre.org/data/definitions/341.html','Base','Simple',4400,'CWE-341'),(4683,'https://cwe.mitre.org/data/definitions/912.html','Class','Simple',4400,'CWE-912'),(4684,'https://cwe.mitre.org/data/definitions/311.html','Base','Simple',4408,'CWE-311'),(4685,'https://cwe.mitre.org/data/definitions/427.html','Base','Simple',4446,'CWE-427'),(4686,'https://cwe.mitre.org/data/definitions/209.html','Base','Simple',4408,'CWE-209'),(4687,'https://cwe.mitre.org/data/definitions/209.html','Base','Simple',4408,'CWE-209'),(4688,'https://cwe.mitre.org/data/definitions/121.html','Variant','Simple',4399,'CWE-121'),(4689,'https://cwe.mitre.org/data/definitions/787.html','Base','Simple',4400,'CWE-787'),(4690,'https://cwe.mitre.org/data/definitions/611.html','Variant','Simple',4405,'CWE-611'),(4691,'https://cwe.mitre.org/data/definitions/125.html','Base','Simple',4399,'CWE-125'),(4692,'https://cwe.mitre.org/data/definitions/121.html','Variant','Simple',4399,'CWE-121'),(4693,'https://cwe.mitre.org/data/definitions/122.html','Variant','Simple',4399,'CWE-122'),(4694,'https://cwe.mitre.org/data/definitions/287.html','Class','Simple',4418,'CWE-287'),(4695,'https://cwe.mitre.org/data/definitions/598.html','Variant','Simple',4408,'CWE-598'),(4696,'https://cwe.mitre.org/data/definitions/120.html','Base','Simple',4399,'CWE-120'),(4697,'https://cwe.mitre.org/data/definitions/122.html','Variant','Simple',4399,'CWE-122'),(4698,'https://cwe.mitre.org/data/definitions/126.html','Variant','Simple',4399,'CWE-126'),(4699,'https://cwe.mitre.org/data/definitions/125.html','Base','Simple',4399,'CWE-125'),(4700,'https://cwe.mitre.org/data/definitions/121.html','Variant','Simple',4399,'CWE-121'),(4701,'https://cwe.mitre.org/data/definitions/125.html','Base','Simple',4399,'CWE-125'),(4702,'https://cwe.mitre.org/data/definitions/306.html','Variant','Simple',4424,'CWE-306'),(4703,'https://cwe.mitre.org/data/definitions/121.html','Variant','Simple',4399,'CWE-121'),(4704,'https://cwe.mitre.org/data/definitions/122.html','Variant','Simple',4399,'CWE-122'),(4705,'https://cwe.mitre.org/data/definitions/400.html','Class','Simple',4420,'CWE-400'),(4706,'https://cwe.mitre.org/data/definitions/121.html','Variant','Simple',4399,'CWE-121'),(4707,'https://cwe.mitre.org/data/definitions/269.html','Class','Simple',4400,'CWE-269'),(4708,'https://cwe.mitre.org/data/definitions/416.html','Base','Simple',4482,'CWE-416'),(4709,'https://cwe.mitre.org/data/definitions/822.html','Base','Simple',4400,'CWE-822'),(4710,'https://cwe.mitre.org/data/definitions/122.html','Variant','Simple',4399,'CWE-122'),(4711,'https://cwe.mitre.org/data/definitions/787.html','Base','Simple',4400,'CWE-787'),(4712,'https://cwe.mitre.org/data/definitions/191.html','Base','Simple',4692,'CWE-191'),(4713,'https://cwe.mitre.org/data/definitions/125.html','Base','Simple',4399,'CWE-125'),(4714,'https://cwe.mitre.org/data/definitions/121.html','Variant','Simple',4399,'CWE-121'),(4715,'https://cwe.mitre.org/data/definitions/120.html','Base','Simple',4399,'CWE-120'),(4716,'https://cwe.mitre.org/data/definitions/427.html','Base','Simple',4446,'CWE-427'),(4717,'https://cwe.mitre.org/data/definitions/284.html','Class','Simple',4402,'CWE-284'),(4718,'https://cwe.mitre.org/data/definitions/20.html','Class','Simple',4425,'CWE- 20'),(4719,'https://cwe.mitre.org/data/definitions/287.html','Class','Simple',4418,'CWE-287'),(4720,'https://cwe.mitre.org/data/definitions/256.html','Variant','Simple',4408,'CWE-256'),(4721,'https://cwe.mitre.org/data/definitions/121.html','Variant','Simple',4399,'CWE-121'),(4722,'https://cwe.mitre.org/data/definitions/20.html','Class','Simple',4425,'CWE-20'),(4723,'https://cwe.mitre.org/data/definitions/79.html','Base','Simple',4405,'CWE-79'),(4724,'https://cwe.mitre.org/data/definitions/200.html','Class','Simple',4408,'CWE-200'),(4725,'https://cwe.mitre.org/data/definitions/276.html','Variant','Simple',4703,'CWE-276'),(4726,'https://cwe.mitre.org/data/definitions/319.html','Variant','Simple',4408,'CWE-319'),(4727,'https://cwe.mitre.org/data/definitions/352.html','Compound','Composite',4400,'CWE-352'),(4728,'https://cwe.mitre.org/data/definitions/384.html','Compound','Composite',4400,'CWE-384'),(4729,'https://cwe.mitre.org/data/definitions/400.html','Class','Simple',4420,'CWE-400'),(4730,'https://cwe.mitre.org/data/definitions/798.html','Base','Simple',4400,'CWE- 798'),(4731,'https://cwe.mitre.org/data/definitions/17.html','None','class',4400,'CWE-17'),(4732,'https://cwe.mitre.org/data/definitions/754.html','Class','Simple',4437,'CWE-754'),(4733,'https://cwe.mitre.org/data/definitions/79.html','Base','Simple',4405,'CWE-79'),(4734,'https://cwe.mitre.org/data/definitions/287.html','Class','Simple',4418,'CWE-287'),(4735,'https://cwe.mitre.org/data/definitions/287.html','Class','Simple',4418,'CWE-287'),(4736,'https://cwe.mitre.org/data/definitions/400.html','Class','Simple',4420,'CWE-400'),(4737,'https://cwe.mitre.org/data/definitions/121.html','Variant','Simple',4399,'CWE-121'),(4738,'https://cwe.mitre.org/data/definitions/20.html','Class','Simple',4425,'CWE-20'),(4739,'https://cwe.mitre.org/data/definitions/798.html','Base','Simple',4400,'CWE-798'),(4740,'https://cwe.mitre.org/data/definitions/22.html','Class','Simple',4501,'IMPROPER LIMITATION OF A PATHNAME TO A RESTRICTED DIRECTORY (‘PATH TRAVERSAL’CWE-22'),(4741,'https://cwe.mitre.org/data/definitions/287.html','Class','Simple',4418,'CWE-287'),(4742,'https://cwe.mitre.org/data/definitions/269.html','Class','Simple',4400,'CWE-269'),(4743,'https://cwe.mitre.org/data/definitions/428.html','Base','Simple',4501,'CWE-428'),(4744,'https://cwe.mitre.org/data/definitions/276.html','Variant','Simple',4703,'CWE-276'),(4745,'https://cwe.mitre.org/data/definitions/276.html','Variant','Simple',4703,'CWE-276'),(4746,'https://cwe.mitre.org/data/definitions/319.html','Variant','Simple',4408,'CWE-319'),(4747,'https://cwe.mitre.org/data/definitions/23.html','Base','Simple',4501,'CWE-23'),(4748,'https://cwe.mitre.org/data/definitions/20.html','Class','Simple',4425,'CWE-20'),(4749,'https://cwe.mitre.org/data/definitions/78.html','Base','Simple',4405,'CWE-78'),(4750,'https://cwe.mitre.org/data/definitions/78.html','Base','Simple',4405,'CWE-78'),(4751,'https://cwe.mitre.org/data/definitions/284.html','Class','Simple',4402,'CWE-284'),(4752,'https://cwe.mitre.org/data/definitions/522.html','Base','Simple',4408,'CWE-522'),(4753,'https://cwe.mitre.org/data/definitions/200','Class','Simple',4408,'CWE-200'),(4754,'https://cwe.mitre.org/data/definitions/352','Compound','Composite',4400,'CWE-352'),(4755,'https://cwe.mitre.org/data/definitions/79','Base','Simple',4405,'CWE-79'),(4756,'https://cwe.mitre.org/data/definitions/548','Variant','Simple',4408,'CWE-548'),(4757,'https://cwe.mitre.org/data/definitions/345.html','Class','Simple',4654,'CWE-345'),(4758,'https://cwe.mitre.org/data/definitions/257.html','Base','Simple',4408,'CWE-257'),(4759,'https://cwe.mitre.org/data/definitions/319.html','Variant','Simple',4408,'CWE-319'),(4760,'https://cwe.mitre.org/data/definitions/294.html','Base','Simple',4403,'CWE-294'),(4761,'https://cwe.mitre.org/data/definitions/121.html','Variant','Simple',4399,'CWE-121'),(4762,'https://cwe.mitre.org/data/definitions/125.html','Base','Simple',4399,'CWE-125'),(4763,'https://cwe.mitre.org/data/definitions/916.html','Base','Simple',4400,'CWE-916'),(4764,'https://cwe.mitre.org/data/definitions/209.html','Base','Simple',4408,'CWE-209'),(4765,'https://cwe.mitre.org/data/definitions/121.html','Variant','Simple',4399,'CWE-121'),(4766,'https://cwe.mitre.org/data/definitions/122.html','Variant','Simple',4399,'CWE-122'),(4767,'https://cwe.mitre.org/data/definitions/787.html','Base','Simple',4400,'CWE-787'),(4768,'https://cwe.mitre.org/data/definitions/611.html','Variant','Simple',4405,'CWE-611'),(4769,'https://cwe.mitre.org/data/definitions/79.html','Base','Simple',4405,'CWE-79'),(4770,'https://cwe.mitre.org/data/definitions/119.html','Class','Simple',4399,'CWE-119'),(4771,'https://cwe.mitre.org/data/definitions/121.html','Variant','Simple',4399,'CWE-121'),(4772,'https://cwe.mitre.org/data/definitions/121.html','Variant','Simple',4399,'CWE-121'),(4773,'https://cwe.mitre.org/data/definitions/200.html','Class','Simple',4408,'CWE-200'),(4774,'https://cwe.mitre.org/data/definitions/288.html','Base','Simple',4418,'CWE-288'),(4775,'https://cwe.mitre.org/data/definitions/256.html','Variant','Simple',4408,'CWE-256'),(4776,'https://cwe.mitre.org/data/definitions/319.html','Variant','Simple',4408,'CWE-319'),(4777,'https://cwe.mitre.org/data/definitions/400.html','Class','Simple',4420,'CWE-400'),(4778,'https://cwe.mitre.org/data/definitions/20.html','Class','Simple',4425,'CWE-20'),(4779,'https://cwe.mitre.org/data/definitions/79.html','Base','Simple',4405,'CWE-79'),(4780,'https://cwe.mitre.org/data/definitions/434.html','Base','Simple',4400,'CWE-434'),(4781,'https://cwe.mitre.org/data/definitions/732.html','Class','Simple',4703,'CWE-732'),(4782,'https://cwe.mitre.org/data/definitions/121.html','Variant','Simple',4399,'CWE-121'),(4783,'https://cwe.mitre.org/data/definitions/798','Base','Simple',4400,'CWE-798'),(4784,'https://cwe.mitre.org/data/definitions/306.html','Variant','Simple',4424,'CWE-306'),(4785,'https://cwe.mitre.org/data/definitions/276.html','Variant','Simple',4703,'CWE-276'),(4786,'https://cwe.mitre.org/data/definitions/611.html','Variant','Simple',4405,'CWE-611'),(4787,'https://cwe.mitre.org/data/definitions/400.html','Class','Simple',4420,'CWE-400'),(4788,'https://cwe.mitre.org/data/definitions/20.html','Class','Simple',4425,'CWE-20'),(4789,'https://cwe.mitre.org/data/definitions/295.html','Base','Simple',4400,'CWE-295'),(4790,'https://cwe.mitre.org/data/definitions/20.html','Class','Simple',4425,'CWE-20'),(4791,'https://cwe.mitre.org/data/definitions/399.html','None','class',4400,'CWE-399'),(4792,'https://cwe.mitre.org/data/definitions/20.html','Class','Simple',4425,'CWE-20'),(4793,'https://cwe.mitre.org/data/definitions/259.html','Base','Simple',4416,'CWE-259'),(4794,'https://cwe.mitre.org/data/definitions/749.html','Base','Simple',4438,'CWE-749'),(4795,'https://cwe.mitre.org/data/definitions/121.html','Variant','Simple',4399,'CWE-121'),(4796,'https://cwe.mitre.org/data/definitions/20.html','Class','Simple',4425,'CWE-20'),(4797,'https://cwe.mitre.org/data/definitions/125.html','Base','Simple',4399,'CWE-125'),(4798,'https://cwe.mitre.org/data/definitions/121.html','Variant','Simple',4399,'CWE-121'),(4799,'https://cwe.mitre.org/data/definitions/125.html','Base','Simple',4399,'CWE-125'),(4800,'https://cwe.mitre.org/data/definitions/125.html','Base','Simple',4399,'CWE-125'),(4801,'https://cwe.mitre.org/data/definitions/125.html','Base','Simple',4399,'CWE-125'),(4802,'https://cwe.mitre.org/data/definitions/121.html','Variant','Simple',4399,'CWE-121'),(4803,'https://cwe.mitre.org/data/definitions/121.html','Variant','Simple',4399,'CWE-121'),(4804,'https://cwe.mitre.org/data/definitions/121.html','Variant','Simple',4399,'CWE-121'),(4805,'https://cwe.mitre.org/data/definitions/264.html','None','class',4400,'CWE-264'),(4806,'https://cwe.mitre.org/data/definitions/121.html','Variant','Simple',4399,'CWE-121'),(4807,'http://cwe.mitre.org/data/definitions/78.html','Base','Simple',4405,'CWE-78'),(4808,'http://cwe.mitre.org/data/definitions/79.html','Base','Simple',4405,'CWE-79'),(4809,'http://cwe.mitre.org/data/definitions/20.html','Class','Simple',4425,'CWE-20'),(4810,'https://cwe.mitre.org/data/definitions/79.html','Base','Simple',4405,'CWE-79'),(4811,'https://cwe.mitre.org/data/definitions/79.html','Base','Simple',4405,'CWE-79'),(4812,'https://cwe.mitre.org/data/definitions/428.html','Base','Simple',4501,'CWE-428'),(4813,'https://cwe.mitre.org/data/definitions/287.html','Class','Simple',4418,'CWE-287'),(4814,'https://cwe.mitre.org/data/definitions/200.html','Class','Simple',4408,'CWE-200'),(4815,'https://cwe.mitre.org/data/definitions/121.html','Variant','Simple',4399,'CWE-121'),(4816,'https://cwe.mitre.org/data/definitions/287.html','Class','Simple',4418,'CWE-287'),(4817,'https://cwe.mitre.org/data/definitions/352.html','Compound','Composite',4400,'CWE-352'),(4818,'https://cwe.mitre.org/data/definitions/256.html','Variant','Simple',4408,'CWE-256'),(4819,'https://cwe.mitre.org/data/definitions/125.html','Base','Simple',4399,'OUT-OF-BOUNDS READ CWE-125'),(4820,'https://cwe.mitre.org/data/definitions/122.html','Variant','Simple',4399,'HEAP-BASED BUFFER OVERFLOW CWE-122'),(4821,'https://cwe.mitre.org/data/definitions/121.html','Variant','Simple',4399,'CWE-121'),(4822,'https://cwe.mitre.org/data/definitions/287.html','Class','Simple',4418,'CWE-287'),(4823,'https://cwe.mitre.org/data/definitions/611.html','Variant','Simple',4405,'CWE-611'),(4824,'https://cwe.mitre.org/data/definitions/23.html','Base','Simple',4501,'CWE-23'),(4825,'https://cwe.mitre.org/data/definitions/798.html','Base','Simple',4400,'CWE-798'),(4826,'https://cwe.mitre.org/data/definitions/522.html','Base','Simple',4408,'CWE-522'),(4827,'https://cwe.mitre.org/data/definitions/384.html','Compound','Composite',4400,'CWE-384'),(4828,'https://cwe.mitre.org/data/definitions/798.html','Base','Simple',4400,'CWE-798'),(4829,'https://cwe.mitre.org/data/definitions/400.html','Class','Simple',4420,'CWE-400'),(4830,'https://cwe.mitre.org/data/definitions/284.html','Class','Simple',4402,'CWE-284'),(4831,'https://cwe.mitre.org/data/definitions/522.html','Base','Simple',4408,'CWE-522'),(4832,'https://cwe.mitre.org/data/definitions/256.html','Variant','Simple',4408,'CWE-256'),(4833,'https://cwe.mitre.org/data/definitions/122.html','Variant','Simple',4399,'CWE-122'),(4834,'https://cwe.mitre.org/data/definitions/119.html','Class','Simple',4399,'CWE-119'),(4835,'https://cwe.mitre.org/data/definitions/601.html','Variant','Simple',4405,'CWE-601'),(4836,'https://cwe.mitre.org/data/definitions/356.html','Base','Simple',4870,'CWE-356'),(4837,'https://cwe.mitre.org/data/definitions/356.html','Base','Simple',4870,'CWE-356'),(4838,'https://cwe.mitre.org/data/definitions/306.html','Variant','Simple',4424,'CWE-306'),(4839,'https://cwe.mitre.org/data/definitions/276.html','Variant','Simple',4703,'CWE-276'),(4840,'https://cwe.mitre.org/data/definitions/400.html','Class','Simple',4420,'CWE-400'),(4841,'https://cwe.mitre.org/data/definitions/79.html','Base','Simple',4405,'CWE-79'),(4842,'https://cwe.mitre.org/data/definitions/311.html','Base','Simple',4408,'CWE-311'),(4843,'https://cwe.mitre.org/data/definitions/693.html','Class','Simple',4438,'CWE-693'),(4844,'https://cwe.mitre.org/data/definitions/20.html','Class','Simple',4425,'CWE-20'),(4845,'https://cwe.mitre.org/data/definitions/77.html','Class','Simple',4405,'CWE-77'),(4846,'https://cwe.mitre.org/data/definitions/200.html','Class','Simple',4408,'CWE-200'),(4847,'https://cwe.mitre.org/data/definitions/121.html','Variant','Simple',4399,'CWE-121'),(4848,'https://cwe.mitre.org/data/definitions/121.html','Variant','Simple',4399,'CWE-121'),(4849,'https://cwe.mitre.org/data/definitions/20.html','Class','Simple',4425,'CWE-20'),(4850,'https://cwe.mitre.org/data/definitions/122.html','Variant','Simple',4399,'CWE-122'),(4851,'https://cwe.mitre.org/data/definitions/89.html','Base','Simple',4405,'CWE-89'),(4852,'https://cwe.mitre.org/data/definitions/548.html','Variant','Simple',4408,'CWE-548'),(4853,'https://cwe.mitre.org/data/definitions/264.html','None','class',4400,'CWE-264'),(4854,'https://cwe.mitre.org/data/definitions/22.html','Class','Simple',4501,'CWE-22'),(4855,'https://cwe.mitre.org/data/definitions/22.html','Class','Simple',4501,'CWE-22'),(4856,'https://cwe.mitre.org/data/definitions/121.html','Variant','Simple',4399,'CWE-1'),(4857,'https://cwe.mitre.org/data/definitions/122.html','Variant','Simple',4399,'CWE-122'),(4858,'https://cwe.mitre.org/data/definitions/822.html','Base','Simple',4400,'CWE-822'),(4859,'https://cwe.mitre.org/data/definitions/73.html','Class','Simple',4501,'CWE-73'),(4860,'https://cwe.mitre.org/data/definitions/346.html','Base','Simple',4654,'CWE-346'),(4861,'https://cwe.mitre.org/data/definitions/269.html','Class','Simple',4400,'CWE-269'),(4862,'https://cwe.mitre.org/data/definitions/552.html','Base','Simple',4408,'CWE-552'),(4863,'https://cwe.mitre.org/data/definitions/416.html','Base','Simple',4482,'CWE-416'),(4864,'https://cwe.mitre.org/data/definitions/79.html','Base','Simple',4405,'CWE-79'),(4865,'https://cwe.mitre.org/data/definitions/119.html','Class','Simple',4399,'CWE-119'),(4866,'https://cwe.mitre.org/data/definitions/287.html','Class','Simple',4418,'CWE-287'),(4867,'https://cwe.mitre.org/data/definitions/78.html','Base','Simple',4405,'CWE-78'),(4868,'http://cwe.mitre.org/data/definitions/19.html','None','class',4400,'CWE-20'),(4869,'https://cwe.mitre.org/data/definitions/20.html','Class','Simple',4425,'CWE-20'),(4870,'https://cwe.mitre.org/data/definitions/502.html','Variant','Simple',4425,'CWE-502'),(4871,'https://cwe.mitre.org/data/definitions/295.html','Base','Simple',4400,'CWE-295'),(4872,'https://cwe.mitre.org/data/definitions/250.html','Class','Simple',4400,'CWE-250'),(4873,'https://cwe.mitre.org/data/definitions/668.html','Class','Simple',4408,'CWE-668'),(4874,'https://cwe.mitre.org/data/definitions/798.html','Base','Simple',4400,'CWE-798'),(4875,'https://cwe.mitre.org/data/definitions/20.html','Class','Simple',4425,'CWE-20'),(4876,'https://cwe.mitre.org/data/definitions/121.html','Variant','Simple',4399,'CWE-121'),(4877,'https://cwe.mitre.org/data/definitions/121.html','Variant','Simple',4399,'CWE-121'),(4878,'https://cwe.mitre.org/data/definitions/121.html','Variant','Simple',4399,'CWE-121'),(4879,'https://cwe.mitre.org/data/definitions/78.html','Base','Simple',4405,'CWE-78'),(4880,'https://cwe.mitre.org/data/definitions/319.html','Variant','Simple',4408,'CWE-319'),(4881,'https://cwe.mitre.org/data/definitions/285.html','Class','Simple',4915,'CWE-285'),(4882,'https://cwe.mitre.org/data/definitions/284.html','Class','Simple',4402,'CWE-284'),(4883,'https://cwe.mitre.org/data/definitions/522.html','Base','Simple',4408,'CWE-522'),(4884,'https://cwe.mitre.org/data/definitions/120.html','Base','Simple',4399,'CWE-120'),(4885,'https://cwe.mitre.org/data/definitions/122.html','Variant','Simple',4399,'CWE-122'),(4886,'https://cwe.mitre.org/data/definitions/415.html','Variant','Simple',4478,'CWE-415'),(4887,'https://cwe.mitre.org/data/definitions/787.html','Base','Simple',4400,'CWE-787'),(4888,'https://cwe.mitre.org/data/definitions/538.html','Base','Simple',4408,'CWE-538'),(4889,'https://cwe.mitre.org/data/definitions/287.html','Class','Simple',4418,'CWE-287'),(4890,'http://cwe.mitre.org/data/definitions/920.html','Base','Simple',4400,'CWE-920'),(4891,'https://cwe.mitre.org/data/definitions/121.html','Variant','Simple',4399,'CWE-121'),(4892,'https://cwe.mitre.org/data/definitions/119.html','Class','Simple',4399,'CWE-119'),(4893,'https://cwe.mitre.org/data/definitions/119.html','Class','Simple',4399,'CWE-119'),(4894,'https://cwe.mitre.org/data/definitions/20.html','Class','Simple',4425,'IMPROPER INPUT VALIDATION CWE-20'),(4895,'https://cwe.mitre.org/data/definitions/119.html','Class','Simple',4399,'CWE-119'),(4896,'https://cwe.mitre.org/data/definitions/119.html','Class','Simple',4399,'IMPROPER RESTRICTION OF OPERATIONS WITHIN THE BOUNDS OF A MEMORY BUFFER CWE-119'),(4897,'https://cwe.mitre.org/data/definitions/134.html','Base','Simple',4405,'USE OF EXTERNALLY-CONTROLLED FORMAT STRING CWE-134'),(4898,'https://cwe.mitre.org/data/definitions/20.html','Class','Simple',4425,'IMPROPER INPUT VALIDATION CWE-20'),(4899,'http://cwe.mitre.org/data/definitions/399.html','None','class',4400,'RESOURCE MANAGEMENT ERRORS CWE-399'),(4900,'https://cwe.mitre.org/data/definitions/20.html','Class','Simple',4425,'IMPROPER INPUT VALIDATION CWE-20'),(4901,'https://cwe.mitre.org/data/definitions/20.html','Class','Simple',4425,'IMPROPER INPUT VALIDATION CWE-20'),(4902,'https://cwe.mitre.org/data/definitions/20.html','Class','Simple',4425,'IMPROPER INPUT VALIDATION CWE-20'),(4903,'https://cwe.mitre.org/data/definitions/20.html','Class','Simple',4425,'IMPROPER INPUT VALIDATION CWE-20'),(4904,'https://cwe.mitre.org/data/definitions/119.html','Class','Simple',4399,'CWE-119'),(4905,'https://cwe.mitre.org/data/definitions/134.html','Base','Simple',4405,'USE OF EXTERNALLY-CONTROLLED FORMAT STRING CWE-134'),(4906,'https://cwe.mitre.org/data/definitions/20.html','Class','Simple',4425,'CWE-20'),(4907,'https://cwe.mitre.org/data/definitions/399.html','None','class',4400,'RESOURCE MANAGEMENT ERRORS CWE-399'),(4908,'https://cwe.mitre.org/data/definitions/388.html','None','class',4400,'7PK – ERRORS CWE-388'),(4909,'https://cwe.mitre.org/data/definitions/20.html','Class','Simple',4425,'IMPROPER INPUT VALIDATION CWE-20'),(4910,'https://cwe.mitre.org/data/definitions/20.html','Class','Simple',4425,'IMPROPER INPUT VALIDATION CWE-20'),(4911,'https://cwe.mitre.org/data/definitions/20.html','Class','Simple',4425,'IMPROPER INPUT VALIDATION CWE-20'),(4912,'https://cwe.mitre.org/data/definitions/119.html','Class','Simple',4399,'IMPROPER RESTRICTION OF OPERATIONS WITHIN THE BOUNDS OF A MEMORY BUFFER CWE-119'),(4913,'https://cwe.mitre.org/data/definitions/134.html','Base','Simple',4405,'USE OF EXTERNALLY-CONTROLLED FORMAT STRING CWE-134'),(4914,'https://cwe.mitre.org/data/definitions/264.html','None','class',4400,'CWE-264'),(4915,'https://cwe.mitre.org/data/definitions/287.html','Class','Simple',4418,'CWE-287'),(4916,'https://cwe.mitre.org/data/definitions/311.html','Base','Simple',4408,'CWE-311'),(4917,'https://cwe.mitre.org/data/definitions/122.html','Variant','Simple',4399,'HEAP-BASED BUFFER OVERFLOW CWE-122'),(4918,'https://cwe.mitre.org/data/definitions/121.html','Variant','Simple',4399,'CWE-121'),(4919,'https://cwe.mitre.org/data/definitions/843.html','Base','Simple',4400,'CWE-843'),(4920,'https://cwe.mitre.org/data/definitions/200.html','Class','Simple',4408,'CWE-200'),(4921,'https://cwe.mitre.org/data/definitions/703.html','Class','Simple',4955,'CWE-703'),(4922,'https://cwe.mitre.org/data/definitions/121.html','Variant','Simple',4399,'CWE-121'),(4923,'https://cwe.mitre.org/data/definitions/121.html','Variant','Simple',4399,'CWE-121'),(4924,'https://cwe.mitre.org/data/definitions/254.html','None','class',4400,'SECURITY FEATURES CWE-254'),(4925,'https://cwe.mitre.org/data/definitions/119.html','Class','Simple',4399,'CWE-119'),(4926,'https://cwe.mitre.org/data/definitions/476.html','Base','Simple',4960,'CWE-476'),(4927,'https://cwe.mitre.org/data/definitions/776.html','Variant','Simple',4400,'CWE-776'),(4928,'https://cwe.mitre.org/data/definitions/122.html','Variant','Simple',4399,'CWE-122'),(4929,'https://cwe.mitre.org/data/definitions/284.html','Class','Simple',4402,'CWE-284'),(4930,'https://cwe.mitre.org/data/definitions/404.html','Class','Simple',4964,'CWE-404'),(4931,'https://cwe.mitre.org/data/definitions/303.html','Base','Simple',4418,'CWE-303'),(4932,'https://cwe.mitre.org/data/definitions/20.html','Class','Simple',4425,'CWE-20'),(4933,'https://cwe.mitre.org/data/definitions/121.html','Variant','Simple',4399,'CWE-121'),(4934,'https://cwe.mitre.org/data/definitions/798.html','Base','Simple',4400,'CWE-798'),(4935,'https://cwe.mitre.org/data/definitions/327.html','Base','Simple',4969,'CWE-327'),(4936,'https://cwe.mitre.org/data/definitions/287.html','Class','Simple',4418,'CWE-287'),(4937,'https://cwe.mitre.org/data/definitions/311.html','Base','Simple',4408,'CWE-311'),(4938,'https://cwe.mitre.org/data/definitions/284.html','Class','Simple',4402,'CWE-284'),(4939,'https://cwe.mitre.org/data/definitions/822.html','Base','Simple',4400,'CWE-822'),(4940,'https://cwe.mitre.org/data/definitions/287.html','Class','Simple',4418,'CWE-287'),(4941,'https://cwe.mitre.org/data/definitions/89.html','Base','Simple',4405,'CWE-89'),(4942,'https://cwe.mitre.org/data/definitions/352.html','Compound','Composite',4400,'CWE-352'),(4943,'https://cwe.mitre.org/data/definitions/284.html','Class','Simple',4402,'CWE-284'),(4944,'https://cwe.mitre.org/data/definitions/918.html','Base','Simple',4400,'CWE-918'),(4945,'https://cwe.mitre.org/data/definitions/79.html','Base','Simple',4405,'CWE-79'),(4946,'https://cwe.mitre.org/data/definitions/20.html','Class','Simple',4425,'CWE-20'),(4947,'https://cwe.mitre.org/data/definitions/121.html','Variant','Simple',4399,'CWE-121'),(4948,'https://cwe.mitre.org/data/definitions/416.html','Base','Simple',4482,'CWE-416'),(4949,'https://cwe.mitre.org/data/definitions/824.html','Base','Simple',4400,'CWE-824'),(4950,'https://cwe.mitre.org/data/definitions/415.html','Variant','Simple',4478,'CWE-415'),(4951,'https://cwe.mitre.org/data/definitions/787.html','Base','Simple',4400,'CWE-787'),(4952,'https://cwe.mitre.org/data/definitions/822.html','Base','Simple',4400,'CWE-822'),(4953,'https://cwe.mitre.org/data/definitions/122.html','Variant','Simple',4399,'CWE-122'),(4954,'https://cwe.mitre.org/data/definitions/502.html','Variant','Simple',4425,'CWE-502'),(4955,'https://cwe.mitre.org/data/definitions/276.html','Variant','Simple',4703,'CWE-276'),(4956,'https://cwe.mitre.org/data/definitions/20.html','Class','Simple',4425,'CWE-20'),(4957,'https://cwe.mitre.org/data/definitions/693.html','Class','Simple',4438,'CWE-693'),(4958,'https://cwe.mitre.org/data/definitions/200.html','Class','Simple',4408,'CWE-200'),(4959,'https://cwe.mitre.org/data/definitions/264.html','None','class',4400,'CWE-264'),(4960,'https://cwe.mitre.org/data/definitions/79.html','Base','Simple',4405,'CWE-79'),(4961,'https://cwe.mitre.org/data/definitions/306.html','Variant','Simple',4424,'CWE-306'),(4962,'https://cwe.mitre.org/data/definitions/326.html','Class','Simple',4419,'CWE-326'),(4963,'https://cwe.mitre.org/data/definitions/306.html','Variant','Simple',4424,'MISSING AUTHENTICATION FOR CRITICAL FUNCTION CWE-306'),(4964,'https://cwe.mitre.org/data/definitions/384.html','Compound','Composite',4400,'CWE-384'),(4965,'https://cwe.mitre.org/data/definitions/598.html','Variant','Simple',4408,'CWE-598'),(4966,'https://cwe.mitre.org/data/definitions/319.html','Variant','Simple',4408,'CWE-319'),(4967,'https://cwe.mitre.org/data/definitions/326.html','Class','Simple',4419,'CWE-326'),(4968,'https://cwe.mitre.org/data/definitions/307.html','Base','Simple',4515,'CWE-307'),(4969,'https://cwe.mitre.org/data/definitions/427.html','Base','Simple',4446,'CWE-427'),(4970,'https://cwe.mitre.org/data/definitions/20.html','Class','Simple',4425,'CWE-20'),(4971,'https://cwe.mitre.org/data/definitions/565.html','Base','Simple',4654,'CWE-565'),(4972,'https://cwe.mitre.org/data/definitions/130.html','Base','Simple',4405,'CWE-130'),(4973,'https://cwe.mitre.org/data/definitions/476.html','Base','Simple',4960,'CWE-476'),(4974,'https://cwe.mitre.org/data/definitions/121.html','Variant','Simple',4399,'CWE-121'),(4975,'https://cwe.mitre.org/data/definitions/310.html','None','class',4400,'CRYPTOGRAPHIC ISSUES CWE-310'),(4976,'https://cwe.mitre.org/data/definitions/121.html','Variant','Simple',4399,'CWE-121'),(4977,'https://cwe.mitre.org/data/definitions/122.html','Variant','Simple',4399,'CWE-122'),(4978,'https://cwe.mitre.org/data/definitions/787.html','Base','Simple',4400,'CWE-787'),(4979,'https://cwe.mitre.org/data/definitions/121.html','Variant','Simple',4399,'CWE-121'),(4980,'https://cwe.mitre.org/data/definitions/257.html','Base','Simple',4408,'CWE-257'),(4981,'https://cwe.mitre.org/data/definitions/23.html','Base','Simple',4501,'CWE-23'),(4982,'https://cwe.mitre.org/data/definitions/923.html','Class','Simple',4400,'CWE-923'),(4983,'https://cwe.mitre.org/data/definitions/200.html','Class','Simple',4408,'CWE-200'),(4984,'https://cwe.mitre.org/data/definitions/77.html','Class','Simple',4405,'CWE-77'),(4985,'https://cwe.mitre.org/data/definitions/121.html','Variant','Simple',4399,'CWE-121'),(4986,'https://cwe.mitre.org/data/definitions/119.html','Class','Simple',4399,'CWE-119'),(4987,'https://cwe.mitre.org/data/definitions/295.html','Base','Simple',4400,'CWE-295'),(4988,'https://cwe.mitre.org/data/definitions/256.html','Variant','Simple',4408,'CWE-256'),(4989,'https://cwe.mitre.org/data/definitions/434.html','Base','Simple',4400,'CWE-434'),(4990,'https://cwe.mitre.org/data/definitions/287.html','Class','Simple',4418,'CWE-287'),(4991,'https://cwe.mitre.org/data/definitions/815.html','None','class',4400,'CWE-815'),(4992,'https://cwe.mitre.org/data/definitions/427.html','Base','Simple',4446,'CWE-427'),(4993,'https://cwe.mitre.org/data/definitions/121.html','Variant','Simple',4399,'CWE-121'),(4994,'https://cwe.mitre.org/data/definitions/121.html','Variant','Simple',4399,'CWE-121'),(4995,'https://cwe.mitre.org/data/definitions/476.html','Base','Simple',4960,'CWE-476'),(4996,'https://cwe.mitre.org/data/definitions/121.html','Variant','Simple',4399,'CWE-121'),(4997,'https://cwe.mitre.org/data/definitions/121.html','Variant','Simple',4399,'CWE-121'),(4998,'https://cwe.mitre.org/data/definitions/121.html','Variant','Simple',4399,'CWE-121'),(4999,'https://cwe.mitre.org/data/definitions/121.html','Variant','Simple',4399,'CWE-121'),(5000,'https://cwe.mitre.org/data/definitions/122.html','Variant','Simple',4399,'CWE-122'),(5001,'https://cwe.mitre.org/data/definitions/284.html','Class','Simple',4402,'CWE-284'),(5002,'https://cwe.mitre.org/data/definitions/354.html','Base','Simple',4427,'CWE-354'),(5003,'https://cwe.mitre.org/data/definitions/288.html','Base','Simple',4418,'CWE-288'),(5004,'https://cwe.mitre.org/data/definitions/264.html','None','class',4400,'PERMISSIONS, PRIVILEGES, AND ACCESS CONTROLS CWE-264'),(5005,'https://cwe.mitre.org/data/definitions/400.html','Class','Simple',4420,'CWE-400'),(5006,'https://cwe.mitre.org/data/definitions/20.html','Class','Simple',4425,'CWE-20'),(5007,'https://cwe.mitre.org/data/definitions/287.html','Class','Simple',4418,'CWE-287'),(5008,'http://cwe.mitre.org/data/definitions/613.html','Base','Simple',4665,'CWE-613'),(5009,'https://cwe.mitre.org/data/definitions/22.html','Class','Simple',4501,'CWE-22'),(5010,'https://cwe.mitre.org/data/definitions/89.html','Base','Simple',4405,'CWE-89'),(5011,'https://cwe.mitre.org/data/definitions/20.html','Class','Simple',4425,'CWE-20'),(5012,'https://cwe.mitre.org/data/definitions/121.html','Variant','Simple',4399,'CWE-121'),(5013,'https://cwe.mitre.org/data/definitions/121.html','Variant','Simple',4399,'CWE-121'),(5014,'https://cwe.mitre.org/data/definitions/20.html','Class','Simple',4425,'CWE-20'),(5015,'https://cwe.mitre.org/data/definitions/119.html','Class','Simple',4399,'CWE-119'),(5016,'https://cwe.mitre.org/data/definitions/254.html','None','class',4400,'CWE-254'),(5017,'https://cwe.mitre.org/data/definitions/119.html','Class','Simple',4399,'CWE-119'),(5018,'https://cwe.mitre.org/data/definitions/119.html','Class','Simple',4399,'CWE-119'),(5019,'https://cwe.mitre.org/data/definitions/284.html','Class','Simple',4402,'CWE-284'),(5020,'https://cwe.mitre.org/data/definitions/121.html','Variant','Simple',4399,'CWE-121'),(5021,'https://cwe.mitre.org/data/definitions/122.html','Variant','Simple',4399,'CWE-122'),(5022,'https://cwe.mitre.org/data/definitions/428.html','Base','Simple',4501,'CWE-428'),(5023,'https://cwe.mitre.org/data/definitions/285.html','Class','Simple',4915,'CWE-285'),(5024,'https://cwe.mitre.org/data/definitions/200.html','Class','Simple',4408,'CWE-200'),(5025,'https://cwe.mitre.org/data/definitions/120.html','Base','Simple',4399,'CWE-120'),(5026,'https://cwe.mitre.org/data/definitions/312.html','Variant','Simple',4408,'CWE-312'),(5027,'https://cwe.mitre.org/data/definitions/300.html','Class','Simple',4403,'CHANNEL ACCESSIBLE BY NON-ENDPOINT (‘MAN-IN-THE-MIDDLE’CWE-300'),(5028,'https://cwe.mitre.org/data/definitions/287.html','Class','Simple',4418,'CWE-287'),(5029,'https://cwe.mitre.org/data/definitions/121.html','Variant','Simple',4399,'CWE-121'),(5030,'https://cwe.mitre.org/data/definitions/416.html','Base','Simple',4482,'CWE-416'),(5031,'https://cwe.mitre.org/data/definitions/787.html','Base','Simple',4400,'CWE-787'),(5032,'https://cwe.mitre.org/data/definitions/843.html','Base','Simple',4400,'CWE-843'),(5033,'https://cwe.mitre.org/data/definitions/822.html','Base','Simple',4400,'CWE-822'),(5034,'https://cwe.mitre.org/data/definitions/121.html','Variant','Simple',4399,'CWE-121'),(5035,'https://cwe.mitre.org/data/definitions/22.html','Class','Simple',4501,'CWE-22'),(5036,'https://cwe.mitre.org/data/definitions/89.html','Base','Simple',4405,'CWE-89'),(5037,'https://cwe.mitre.org/data/definitions/20.html','Class','Simple',4425,'CWE-20'),(5038,'https://cwe.mitre.org/data/definitions/434.html','Base','Simple',4400,'CWE-434'),(5039,'https://cwe.mitre.org/data/definitions/416.html','Base','Simple',4482,'CWE-416'),(5040,'https://cwe.mitre.org/data/definitions/255.html','None','class',4400,'CWE-255'),(5041,'https://cwe.mitre.org/data/definitions/22.html','Class','Simple',4501,'CWE-22'),(5042,'https://cwe.mitre.org/data/definitions/22.html','Class','Simple',4501,'CWE-22'),(5043,'https://cwe.mitre.org/data/definitions/284.html','Class','Simple',4402,'CWE-284'),(5044,'https://cwe.mitre.org/data/definitions/523.html','Variant','Simple',4408,'CWE-523'),(5045,'https://cwe.mitre.org/data/definitions/89.html','Base','Simple',4405,'CWE-89'),(5046,'https://cwe.mitre.org/data/definitions/89.html','Base','Simple',4405,'CWE-89'),(5047,'https://cwe.mitre.org/data/definitions/494.html','Base','Simple',4446,'CWE-494'),(5048,'https://cwe.mitre.org/data/definitions/122.html','Variant','Simple',4399,'CWE-122'),(5049,'https://cwe.mitre.org/data/definitions/121.html','Variant','Simple',4399,'CWE-121'),(5050,'https://cwe.mitre.org/data/definitions/20.html','Class','Simple',4425,'CWE-20'),(5051,'https://cwe.mitre.org/data/definitions/79.html','Base','Simple',4405,'CWE-79'),(5052,'https://cwe.mitre.org/data/definitions/20.html','Class','Simple',4425,'CWE-20'),(5053,'https://cwe.mitre.org/data/definitions/287.html','Class','Simple',4418,'CWE-287'),(5054,'https://cwe.mitre.org/data/definitions/287.html','Class','Simple',4418,'CWE-287'),(5055,'https://cwe.mitre.org/data/definitions/288.html','Base','Simple',4418,'CWE-288'),(5056,'https://cwe.mitre.org/data/definitions/20.html','Class','Simple',4425,'CWE-20'),(5057,'https://cwe.mitre.org/data/definitions/288.html','Base','Simple',4418,'CWE-288'),(5058,'https://cwe.mitre.org/data/definitions/79.html','Base','Simple',4405,'CWE-79'),(5059,'https://cwe.mitre.org/data/definitions/74.html','Class','Simple',4405,'CWE-74'),(5060,'https://cwe.mitre.org/data/definitions/200.html','Class','Simple',4408,'CWE-200'),(5061,'https://cwe.mitre.org/data/definitions/400.html','Class','Simple',4420,'CWE-400'),(5062,'https://cwe.mitre.org/data/definitions/306.html','Variant','Simple',4424,'CWE-306'),(5063,'https://cwe.mitre.org/data/definitions/79.html','Base','Simple',4405,'CWE-79'),(5064,'https://cwe.mitre.org/data/definitions/94.html','Class','Simple',4446,'CWE-94'),(5065,'https://cwe.mitre.org/data/definitions/254.html','None','class',4400,'CWE-254'),(5066,'https://cwe.mitre.org/data/definitions/254.html','None','class',4400,'CWE-254'),(5067,'https://cwe.mitre.org/data/definitions/254.html','None','class',4400,'CWE-254'),(5068,'https://cwe.mitre.org/data/definitions/254.html','None','class',4400,'CWE-254'),(5069,'https://cwe.mitre.org/data/definitions/254.html','None','class',4400,'CWE-254'),(5070,'https://cwe.mitre.org/data/definitions/254.html','None','class',4400,'CWE-254'),(5071,'https://cwe.mitre.org/data/definitions/254.html','None','class',4400,'CWE-254'),(5072,'https://cwe.mitre.org/data/definitions/254.html','None','class',4400,'CWE-254'),(5073,'https://cwe.mitre.org/data/definitions/254.html','None','class',4400,'CWE-254'),(5074,'https://cwe.mitre.org/data/definitions/254.html','None','class',4400,'CWE-254'),(5075,'https://cwe.mitre.org/data/definitions/427.html','Base','Simple',4446,'CWE-427'),(5076,'https://cwe.mitre.org/data/definitions/121.html','Variant','Simple',4399,'CWE-121'),(5077,'https://cwe.mitre.org/data/definitions/20.html','Class','Simple',4425,'CWE-20'),(5078,'https://cwe.mitre.org/data/definitions/121.html','Variant','Simple',4399,'CWE-121'),(5079,'https://cwe.mitre.org/data/definitions/822.html','Base','Simple',4400,'CWE-822'),(5080,'https://cwe.mitre.org/data/definitions/20.html','Class','Simple',4425,'CWE-20'),(5081,'https://cwe.mitre.org/data/definitions/284.html','Class','Simple',4402,'IMPROPER ACCESS CONTROL CWE-284'),(5082,'https://cwe.mitre.org/data/definitions/427.html','Base','Simple',4446,'CWE-427'),(5083,'https://cwe.mitre.org/data/definitions/321.html','Base','Simple',4416,'CWE-321'),(5084,'https://cwe.mitre.org/data/definitions/798.html','Base','Simple',4400,'CWE-798'),(5085,'https://cwe.mitre.org/data/definitions/323.html','Base','Simple',4419,'CWE-323'),(5086,'https://cwe.mitre.org/data/definitions/427.html','Base','Simple',4446,'CWE-427'),(5087,'https://cwe.mitre.org/data/definitions/427.html','Base','Simple',4446,'CWE-427'),(5088,'https://cwe.mitre.org/data/definitions/428.html','Base','Simple',4501,'CWE-428'),(5089,'https://cwe.mitre.org/data/definitions/602.html','Base','Simple',4438,'CWE-602'),(5090,'https://cwe.mitre.org/data/definitions/613.html','Base','Simple',4665,'CWE-613'),(5091,'https://cwe.mitre.org/data/definitions/352.html','Compound','Composite',4400,'CWE-352'),(5092,'https://cwe.mitre.org/data/definitions/200.html','Class','Simple',4408,'CWE-200'),(5093,'https://cwe.mitre.org/data/definitions/620.html','Variant','Simple',4424,'CWE-620'),(5094,'https://cwe.mitre.org/data/definitions/121.html','Variant','Simple',4399,'CWE-121'),(5095,'https://cwe.mitre.org/data/definitions/287.html','Class','Simple',4418,'CWE-287'),(5096,'https://cwe.mitre.org/data/definitions/120.html','Base','Simple',4399,'CWE-120'),(5097,'https://cwe.mitre.org/data/definitions/125.html','Base','Simple',4399,'CWE-125'),(5098,'https://cwe.mitre.org/data/definitions/288.html','Base','Simple',4418,'CWE-288'),(5099,'https://cwe.mitre.org/data/definitions/22.html','Class','Simple',4501,'CWE-22'),(5100,'https://cwe.mitre.org/data/definitions/290.html','Base','Simple',4403,'CWE-290'),(5101,'https://cwe.mitre.org/data/definitions/352.html','Compound','Composite',4400,'CWE-352'),(5102,'https://cwe.mitre.org/data/definitions/287.html','Class','Simple',4418,'CWE-287'),(5103,'https://cwe.mitre.org/data/definitions/121.html','Variant','Simple',4399,'CWE-121'),(5104,'https://cwe.mitre.org/data/definitions/288.html','Base','Simple',4418,'CWE-288'),(5105,'https://cwe.mitre.org/data/definitions/284.html','Class','Simple',4402,'CWE-284'),(5106,'https://cwe.mitre.org/data/definitions/306.html','Variant','Simple',4424,'CWE-306'),(5107,'https://cwe.mitre.org/data/definitions/287.html','Class','Simple',4418,'CWE-287'),(5108,'https://cwe.mitre.org/data/definitions/78.html','Base','Simple',4405,'CWE-78'),(5109,'https://cwe.mitre.org/data/definitions/287.html','Class','Simple',4418,'CWE-287'),(5110,'https://cwe.mitre.org/data/definitions/200.html','Class','Simple',4408,'CWE-200'),(5111,'https://cwe.mitre.org/data/definitions/23.html','Base','Simple',4501,'CWE-23'),(5112,'https://cwe.mitre.org/data/definitions/331.html','Base','Simple',4400,'CWE-331'),(5113,'https://cwe.mitre.org/data/definitions/79.html','Base','Simple',4405,'CWE-79'),(5114,'https://cwe.mitre.org/data/definitions/522.html','Base','Simple',4408,'CWE-522'),(5115,'https://cwe.mitre.org/data/definitions/428.html','Base','Simple',4501,'CWE-428'),(5116,'https://cwe.mitre.org/data/definitions/269.html','Class','Simple',4400,'CWE-269'),(5117,'https://cwe.mitre.org/data/definitions/476.html','Base','Simple',4960,'CWE-476'),(5118,'https://cwe.mitre.org/data/definitions/522.html','Base','Simple',4408,'CWE-522'),(5119,'https://cwe.mitre.org/data/definitions/300.html','Class','Simple',4403,'CWE-300'),(5120,'https://cwe.mitre.org/data/definitions/400.html','Class','Simple',4420,'CWE-400'),(5121,'https://cwe.mitre.org/data/definitions/306.html','Variant','Simple',4424,'CWE-306'),(5122,'https://cwe.mitre.org/data/definitions/89.html','Base','Simple',4405,'CWE-89'),(5123,'https://cwe.mitre.org/data/definitions/89.html','Base','Simple',4405,'CWE-89'),(5124,'https://cwe.mitre.org/data/definitions/611.html','Variant','Simple',4405,'CWE-611'),(5125,'https://cwe.mitre.org/data/definitions/276.html','Variant','Simple',4703,'CWE-276'),(5126,'https://cwe.mitre.org/data/definitions/427.html','Base','Simple',4446,'CWE-427'),(5127,'https://cwe.mitre.org/data/definitions/89.html','Base','Simple',4405,'CWE-89'),(5128,'https://cwe.mitre.org/data/definitions/119.html','Class','Simple',4399,'CWE-119'),(5129,'https://cwe.mitre.org/data/definitions/121.html','Variant','Simple',4399,'CWE-121'),(5130,'https://cwe.mitre.org/data/definitions/122.html','Variant','Simple',4399,'CWE-122'),(5131,'https://cwe.mitre.org/data/definitions/134.html','Base','Simple',4405,'CWE-134'),(5132,'https://cwe.mitre.org/data/definitions/287.html','Class','Simple',4418,'CWE-287'),(5133,'https://cwe.mitre.org/data/definitions/732.html','Class','Simple',4703,'CWE-732'),(5134,'https://cwe.mitre.org/data/definitions/266.html','Base','Simple',4400,'CWE-266'),(5135,'https://cwe.mitre.org/data/definitions/427.html','Base','Simple',4446,'CWE-427'),(5136,'https://cwe.mitre.org/data/definitions/352.html','Compound','Composite',4400,'CWE-352'),(5137,'https://cwe.mitre.org/data/definitions/798.html','Base','Simple',4400,'CWE-798'),(5138,'https://cwe.mitre.org/data/definitions/321.html','Base','Simple',4416,'USE OF HARD-CODED CRYTPGRAPHIC KEY CWE-321'),(5139,'https://cwe.mitre.org/data/definitions/428.html','Base','Simple',4501,'CWE-428'),(5140,'https://cwe.mitre.org/data/definitions/22.html','Class','Simple',4501,'CWE-22'),(5141,'https://cwe.mitre.org/data/definitions/434.html','Base','Simple',4400,'CWE-434'),(5142,'https://cwe.mitre.org/data/definitions/121.html','Variant','Simple',4399,'CWE-121'),(5143,'https://cwe.mitre.org/data/definitions/22.html','Class','Simple',4501,'IMPROPER LIMITATION OF A PATHNAME TO A RESTRICTED DIRECTORY (‘PATH TRAVERSAL’CWE-22'),(5144,'https://cwe.mitre.org/data/definitions/122.html','Variant','Simple',4399,'CWE-122'),(5145,'https://cwe.mitre.org/data/definitions/427.html','Base','Simple',4446,'CWE-427'),(5146,'https://cwe.mitre.org/data/definitions/427.html','Base','Simple',4446,'CWE-427'),(5147,'https://cwe.mitre.org/data/definitions/427.html','Base','Simple',4446,'CWE-427'),(5148,'https://cwe.mitre.org/data/definitions/121.html','Variant','Simple',4399,'CWE-121'),(5149,'https://cwe.mitre.org/data/definitions/122.html','Variant','Simple',4399,'CWE-122'),(5150,'https://cwe.mitre.org/data/definitions/269.html','Class','Simple',4400,'CWE-269'),(5151,'https://cwe.mitre.org/data/definitions/23.html','Base','Simple',4501,'CWE-23'),(5152,'https://cwe.mitre.org/data/definitions/79.html','Base','Simple',4405,'CWE-79'),(5153,'https://cwe.mitre.org/data/definitions/285.html','Class','Simple',4915,'CWE-285'),(5154,'https://cwe.mitre.org/data/definitions/427.html','Base','Simple',4446,'CWE-427'),(5155,'https://cwe.mitre.org/data/definitions/427.html','Base','Simple',4446,'CWE-427'),(5156,'https://cwe.mitre.org/data/definitions/121.html','Variant','Simple',4399,'CWE-121'),(5157,'https://cwe.mitre.org/data/definitions/122.html','Variant','Simple',4399,'CWE-122'),(5158,'https://cwe.mitre.org/data/definitions/787.html','Base','Simple',4400,'CWE-787'),(5159,'https://cwe.mitre.org/data/definitions/121.html','Variant','Simple',4399,'CWE-121'),(5160,'https://cwe.mitre.org/data/definitions/119.html','Class','Simple',4399,'CWE-119'),(5161,'https://cwe.mitre.org/data/definitions/321.html','Base','Simple',4416,'CWE-321'),(5162,'https://cwe.mitre.org/data/definitions/326.html','Class','Simple',4419,'CWE-326'),(5163,'https://cwe.mitre.org/data/definitions/287.html','Class','Simple',4418,'CWE-287'),(5164,'https://cwe.mitre.org/data/definitions/311.html','Base','Simple',4408,'CWE-311'),(5165,'https://cwe.mitre.org/data/definitions/121.html','Variant','Simple',4399,'CWE-121'),(5166,'https://cwe.mitre.org/data/definitions/295.html','Base','Simple',4400,'CWE-295'),(5167,'https://cwe.mitre.org/data/definitions/352.html','Compound','Composite',4400,'CWE-352'),(5168,'https://cwe.mitre.org/data/definitions/200.html','Class','Simple',4408,'CWE-200'),(5169,'https://cwe.mitre.org/data/definitions/298.html','Variant','Simple',5203,'CWE-298'),(5170,'https://cwe.mitre.org/data/definitions/146.html','Variant','Simple',4405,'IMPROPER NEUTRALIZATION OF EXPRESSION/CWE-146'),(5171,'https://cwe.mitre.org/data/definitions/20.html','Class','Simple',4425,'CWE-20'),(5172,'https://cwe.mitre.org/data/definitions/287.html','Class','Simple',4418,'CWE-287'),(5173,'https://cwe.mitre.org/data/definitions/269.html','Class','Simple',4400,'CWE-269'),(5174,'https://cwe.mitre.org/data/definitions/300.html','Class','Simple',4403,'CWE-300'),(5175,'https://cwe.mitre.org/data/definitions/257.html','Base','Simple',4408,'CWE-257'),(5176,'https://cwe.mitre.org/data/definitions/300.html','Class','Simple',4403,'CWE-300'),(5177,'https://cwe.mitre.org/data/definitions/288.html','Base','Simple',4418,'CWE-288'),(5178,'https://cwe.mitre.org/data/definitions/787.html','Base','Simple',4400,'CWE-787'),(5179,'https://cwe.mitre.org/data/definitions/119.html','Class','Simple',4399,'CWE-119'),(5180,'https://cwe.mitre.org/data/definitions/287.html','Class','Simple',4418,'CWE-287'),(5181,'https://cwe.mitre.org/data/definitions/264.html','None','class',4400,'CWE-264'),(5182,'https://cwe.mitre.org/data/definitions/352.html','Compound','Composite',4400,'CWE-352'),(5183,'https://cwe.mitre.org/data/definitions/284.html','Class','Simple',4402,'CWE-284'),(5184,'https://cwe.mitre.org/data/definitions/862.html','Class','Simple',4400,'CWE-862'),(5185,'https://cwe.mitre.org/data/definitions/862.html','Class','Simple',4400,'CWE-862'),(5186,'https://cwe.mitre.org/data/definitions/862.html','Class','Simple',4400,'CWE-862'),(5187,'https://cwe.mitre.org/data/definitions/20.html','Class','Simple',4425,'CWE-20'),(5188,'https://cwe.mitre.org/data/definitions/287.html','Class','Simple',4418,'CWE-287'),(5189,'https://cwe.mitre.org/data/definitions/20.html','Class','Simple',4425,'CWE-20'),(5190,'https://cwe.mitre.org/data/definitions/862.html','Class','Simple',4400,'CWE-862'),(5191,'https://cwe.mitre.org/data/definitions/862.html','Class','Simple',4400,'CWE-862'),(5192,'https://cwe.mitre.org/data/definitions/862.html','Class','Simple',4400,'CWE-862'),(5193,'https://cwe.mitre.org/data/definitions/20.html','Class','Simple',4425,'CWE-20'),(5194,'https://cwe.mitre.org/data/definitions/287.html','Class','Simple',4418,'CWE-287'),(5195,'https://cwe.mitre.org/data/definitions/121.html','Variant','Simple',4399,'CWE-121'),(5196,'https://cwe.mitre.org/data/definitions/400.html','Class','Simple',4420,'CWE-400'),(5197,'https://cwe.mitre.org/data/definitions/476.html','Base','Simple',4960,'CWE-476'),(5198,'https://cwe.mitre.org/data/definitions/319.html','Variant','Simple',4408,'CWE-319'),(5199,'https://cwe.mitre.org/data/definitions/326.html','Class','Simple',4419,'CWE-326'),(5200,'https://cwe.mitre.org/data/definitions/264.html','None','class',4400,'CWE-264'),(5201,'https://cwe.mitre.org/data/definitions/89.html','Base','Simple',4405,'CWE-89'),(5202,'https://cwe.mitre.org/data/definitions/89.html','Base','Simple',4405,'CWE-89'),(5203,'https://cwe.mitre.org/data/definitions/89.html','Base','Simple',4405,'CWE-89'),(5204,'https://cwe.mitre.org/data/definitions/89.html','Base','Simple',4405,'CWE-89'),(5205,'https://cwe.mitre.org/data/definitions/89.html','Base','Simple',4405,'CWE-89'),(5206,'https://cwe.mitre.org/data/definitions/89.html','Base','Simple',4405,'CWE-89'),(5207,'https://cwe.mitre.org/data/definitions/89.html','Base','Simple',4405,'CWE-89'),(5208,'https://cwe.mitre.org/data/definitions/89.html','Base','Simple',4405,'CWE-89'),(5209,'https://cwe.mitre.org/data/definitions/89.html','Base','Simple',4405,'CWE-89'),(5210,'https://cwe.mitre.org/data/definitions/22.html','Class','Simple',4501,'CWE-22'),(5211,'https://cwe.mitre.org/data/definitions/22.html','Class','Simple',4501,'CWE-22'),(5212,'https://cwe.mitre.org/data/definitions/22.html','Class','Simple',4501,'CWE-22'),(5213,'https://cwe.mitre.org/data/definitions/22.html','Class','Simple',4501,'CWE-22'),(5214,'https://cwe.mitre.org/data/definitions/22.html','Class','Simple',4501,'CWE-22'),(5215,'https://cwe.mitre.org/data/definitions/287.html','Class','Simple',4418,'CWE-287'),(5216,'https://cwe.mitre.org/data/definitions/259.html','Base','Simple',4416,'CWE-259'),(5217,'https://cwe.mitre.org/data/definitions/284.html','Class','Simple',4402,'CWE-284'),(5218,'https://cwe.mitre.org/data/definitions/730.html','None','class',4400,'CWE-730'),(5219,'https://cwe.mitre.org/data/definitions/209.html','Base','Simple',4408,'CWE-209'),(5220,'https://cwe.mitre.org/data/definitions/209.html','Base','Simple',4408,'CWE-209'),(5221,'https://cwe.mitre.org/data/definitions/20.html','Class','Simple',4425,'CWE-20'),(5222,'https://cwe.mitre.org/data/definitions/94.html','Class','Simple',4446,'CWE-94'),(5223,'https://cwe.mitre.org/data/definitions/287.html','Class','Simple',4418,'CWE-287'),(5224,'https://cwe.mitre.org/data/definitions/287.html','Class','Simple',4418,'CWE-287'),(5225,'https://cwe.mitre.org/data/definitions/287.html','Class','Simple',4418,'CWE-287'),(5226,'https://cwe.mitre.org/data/definitions/284.html','Class','Simple',4402,'CWE-284'),(5227,'https://cwe.mitre.org/data/definitions/89.html','Base','Simple',4405,'CWE-89'),(5228,'https://cwe.mitre.org/data/definitions/284.html','Class','Simple',4402,'CWE-284'),(5229,'https://cwe.mitre.org/data/definitions/269.html','Class','Simple',4400,'CWE-269'),(5230,'https://cwe.mitre.org/data/definitions/400.html','Class','Simple',4420,'CWE-400'),(5231,'https://cwe.mitre.org/data/definitions/79.html','Base','Simple',4405,'CWE-79'),(5232,'https://cwe.mitre.org/data/definitions/548.html','Variant','Simple',4408,'CWE-548'),(5233,'https://cwe.mitre.org/data/definitions/287.html','Class','Simple',4418,'CWE-287'),(5234,'https://cwe.mitre.org/data/definitions/287.html','Class','Simple',4418,'CWE-287'),(5235,'https://cwe.mitre.org/data/definitions/352.html','Compound','Composite',4400,'CWE-352'),(5236,'https://cwe.mitre.org/data/definitions/862.html','Class','Simple',4400,'CWE-862'),(5237,'https://cwe.mitre.org/data/definitions/121.html','Variant','Simple',4399,'CWE-121'),(5238,'https://cwe.mitre.org/data/definitions/259.html','Base','Simple',4416,'CWE-259'),(5239,'https://cwe.mitre.org/data/definitions/307.html','Base','Simple',4515,'CWE-307'),(5240,'https://cwe.mitre.org/data/definitions/256.html','Variant','Simple',4408,'CWE-256'),(5241,'https://cwe.mitre.org/data/definitions/352.html','Compound','Composite',4400,'CWE-352'),(5242,'https://cwe.mitre.org/data/definitions/343.html','Base','Simple',4400,'CWE-343'),(5243,'https://cwe.mitre.org/data/definitions/323.html','Base','Simple',4419,'CWE-323'),(5244,'https://cwe.mitre.org/data/definitions/200.html','Class','Simple',4408,'CWE-200'),(5245,'https://cwe.mitre.org/data/definitions/307.html','Base','Simple',4515,'CWE-307'),(5246,'https://cwe.mitre.org/data/definitions/521.html','Base','Simple',4665,'CWE-521'),(5247,'https://cwe.mitre.org/data/definitions/22.html','Class','Simple',4501,'PATH TRAVERSAL CWE-22'),(5248,'https://cwe.mitre.org/data/definitions/276.html','Variant','Simple',4703,'CWE-276'),(5249,'https://cwe.mitre.org/data/definitions/287.html','Class','Simple',4418,'CWE-287'),(5250,'https://cwe.mitre.org/data/definitions/256.html','Variant','Simple',4408,'CWE-256'),(5251,'https://cwe.mitre.org/data/definitions/121.html','Variant','Simple',4399,'CWE-121'),(5252,'https://cwe.mitre.org/data/definitions/427.html','Base','Simple',4446,'CWE-427'),(5253,'https://cwe.mitre.org/data/definitions/284.html','Class','Simple',4402,'CWE-284'),(5254,'https://cwe.mitre.org/data/definitions/20.html','Class','Simple',4425,'CWE-20'),(5255,'https://cwe.mitre.org/data/definitions/400.html','Class','Simple',4420,'CWE-400'),(5256,'https://cwe.mitre.org/data/definitions/287.html','Class','Simple',4418,'CWE-287'),(5257,'https://cwe.mitre.org/data/definitions/77.html','Class','Simple',4405,'CWE-77'),(5258,'https://cwe.mitre.org/data/definitions/20.html','Class','Simple',4425,'CWE-20'),(5259,'https://cwe.mitre.org/data/definitions/20.html','Class','Simple',4425,'CWE-20'),(5260,'https://cwe.mitre.org/data/definitions/20.html','Class','Simple',4425,'CWE-20'),(5261,'https://cwe.mitre.org/data/definitions/20.html','Class','Simple',4425,'CWE-20'),(5262,'https://cwe.mitre.org/data/definitions/287.html','Class','Simple',4418,'CWE-287'),(5263,'https://cwe.mitre.org/data/definitions/260.html','Variant','Simple',4408,'CWE-260'),(5264,'https://cwe.mitre.org/data/definitions/836.html','Base','Simple',4400,'CWE-836'),(5265,'https://cwe.mitre.org/data/definitions/260.html','Variant','Simple',4408,'CWE-260'),(5266,'https://cwe.mitre.org/data/definitions/36.html','Base','Simple',4501,'CWE-36'),(5267,'https://cwe.mitre.org/data/definitions/400.html','Class','Simple',4420,'CWE-400'),(5268,'https://cwe.mitre.org/data/definitions/611.html','Variant','Simple',4405,'CWE-611'),(5269,'https://cwe.mitre.org/data/definitions/485.html','None','class',4400,'CWE-485'),(5270,'https://cwe.mitre.org/data/definitions/603.html','Base','Simple',4418,'CWE-603'),(5271,'https://cwe.mitre.org/data/definitions/261.html','Variant','Simple',4419,'CWE-261'),(5272,'https://cwe.mitre.org/data/definitions/427.html','Base','Simple',4446,'CWE-427'),(5273,'https://cwe.mitre.org/data/definitions/285.html','Class','Simple',4915,'CWE-285'),(5274,'https://cwe.mitre.org/data/definitions/352.html','Compound','Composite',4400,'CWE-352'),(5275,'https://cwe.mitre.org/data/definitions/522.html','Base','Simple',4408,'CWE-522'),(5276,'https://cwe.mitre.org/data/definitions/300.html','Class','Simple',4403,'CWE-300'),(5277,'https://cwe.mitre.org/data/definitions/321.html','Base','Simple',4416,'CWE-321'),(5278,'https://cwe.mitre.org/data/definitions/122.html','Variant','Simple',4399,'CWE-122'),(5279,'https://cwe.mitre.org/data/definitions/121.html','Variant','Simple',4399,'CWE-121'),(5280,'https://cwe.mitre.org/data/definitions/321.html','Base','Simple',4416,'CWE-321'),(5281,'https://cwe.mitre.org/data/definitions/693.html','Class','Simple',4438,'CWE-693'),(5282,'https://cwe.mitre.org/data/definitions/294.html','Base','Simple',4403,'CWE-294'),(5283,'https://cwe.mitre.org/data/definitions/657.html','Class','Simple',4438,'CWE-657'),(5284,'https://cwe.mitre.org/data/definitions/644.html','Variant','Simple',4405,'CWE-644'),(5285,'https://cwe.mitre.org/data/definitions/79.html','Base','Simple',4405,'CWE-79'),(5286,'https://cwe.mitre.org/data/definitions/427.html','Base','Simple',4446,'CWE-427'),(5287,'https://cwe.mitre.org/data/definitions/259.html','Base','Simple',4416,'CWE-259'),(5288,'https://cwe.mitre.org/data/definitions/434.html','Base','Simple',4400,'CWE-434'),(5289,'https://cwe.mitre.org/data/definitions/284.html','Class','Simple',4402,'CWE-284'),(5290,'https://cwe.mitre.org/data/definitions/20.html','Class','Simple',4425,'CWE-20'),(5291,'https://cwe.mitre.org/data/definitions/352.html','Compound','Composite',4400,'CWE-352'),(5292,'https://cwe.mitre.org/data/definitions/200.html','Class','Simple',4408,'CWE-200'),(5293,'https://cwe.mitre.org/data/definitions/326.html','Class','Simple',4419,'CWE-326'),(5294,'https://cwe.mitre.org/data/definitions/343.html','Base','Simple',4400,'CWE-343'),(5295,'https://cwe.mitre.org/data/definitions/330.html','Class','Simple',4400,'CWE-330'),(5296,'https://cwe.mitre.org/data/definitions/522.html','Base','Simple',4408,'CWE-522'),(5297,'https://cwe.mitre.org/data/definitions/285.html','Class','Simple',4915,'CWE-285'),(5298,'https://cwe.mitre.org/data/definitions/79.html','Base','Simple',4405,'CWE-79'),(5299,'https://cwe.mitre.org/data/definitions/352.html','Compound','Composite',4400,'CWE-352'),(5300,'https://cwe.mitre.org/data/definitions/285.html','Class','Simple',4915,'CWE-285'),(5301,'https://cwe.mitre.org/data/definitions/80.html','Variant','Simple',4405,'CWE-80'),(5302,'https://cwe.mitre.org/data/definitions/434.html','Base','Simple',4400,'CWE-434'),(5303,'https://cwe.mitre.org/data/definitions/121.html','Variant','Simple',4399,'CWE-121'),(5304,'https://cwe.mitre.org/data/definitions/22.html','Class','Simple',4501,'CWE-22'),(5305,'https://cwe.mitre.org/data/definitions/427.html','Base','Simple',4446,'CWE-427'),(5306,'https://cwe.mitre.org/data/definitions/428.html','Base','Simple',4501,'CWE-428'),(5307,'https://cwe.mitre.org/data/definitions/284.html','Class','Simple',4402,'CWE-284'),(5308,'https://cwe.mitre.org/data/definitions/121.html','Variant','Simple',4399,'CWE-121'),(5309,'https://cwe.mitre.org/data/definitions/20.html','Class','Simple',4425,'CWE-20'),(5310,'https://cwe.mitre.org/data/definitions/255.html','None','class',4400,'CREDENTIALS MANAGEMENT CWE-255'),(5311,'https://cwe.mitre.org/data/definitions/284.html','Class','Simple',4402,'IMPROPER ACCESS CONTROL CWE-284'),(5312,'https://cwe.mitre.org/data/definitions/400.html','Class','Simple',4420,'CWE-400'),(5313,'https://cwe.mitre.org/data/definitions/300.html','Class','Simple',4403,'CWE-300'),(5314,'https://cwe.mitre.org/data/definitions/352.html','Compound','Composite',4400,'CWE-352'),(5315,'https://cwe.mitre.org/data/definitions/79.html','Base','Simple',4405,'CWE-79'),(5316,'https://cwe.mitre.org/data/definitions/321.html','Base','Simple',4416,'CWE-321'),(5317,'https://cwe.mitre.org/data/definitions/121.html','Variant','Simple',4399,'CWE-121'),(5318,'https://cwe.mitre.org/data/definitions/400.html','Class','Simple',4420,'CWE-400'),(5319,'https://cwe.mitre.org/data/definitions/427.html','Base','Simple',4446,'CWE-427'),(5320,'https://cwe.mitre.org/data/definitions/288.html','Base','Simple',4418,'CWE-288'),(5321,'https://cwe.mitre.org/data/definitions/78.html','Base','Simple',4405,'CWE-78'),(5322,'https://cwe.mitre.org/data/definitions/287.html','Class','Simple',4418,'CWE-287'),(5323,'https://cwe.mitre.org/data/definitions/22.html','Class','Simple',4501,'CWE-22'),(5324,'https://cwe.mitre.org/data/definitions/352.html','Compound','Composite',4400,'CWE-352'),(5325,'https://cwe.mitre.org/data/definitions/427.html','Base','Simple',4446,'UNCONTROLLED SEARCH PATH ELEMENT (CWE-427)'),(5326,'https://cwe.mitre.org/data/definitions/79.html','Base','Simple',4405,'CWE-79'),(5327,'https://cwe.mitre.org/data/definitions/284.html','Class','Simple',4402,'CWE-284'),(5328,'https://cwe.mitre.org/data/definitions/352.html','Compound','Composite',4400,'CWE-352'),(5329,'https://cwe.mitre.org/data/definitions/200.html','Class','Simple',4408,'CWE-200'),(5330,'https://cwe.mitre.org/data/definitions/259.html','Base','Simple',4416,'CWE-259'),(5331,'https://cwe.mitre.org/data/definitions/89.html','Base','Simple',4405,'CWE-89'),(5332,'https://cwe.mitre.org/data/definitions/22.html','Class','Simple',4501,'CWE-22'),(5333,'https://cwe.mitre.org/data/definitions/918.html','Base','Simple',4400,'CWE-918'),(5334,'https://cwe.mitre.org/data/definitions/352.html','Compound','Composite',4400,'CWE-352'),(5335,'https://cwe.mitre.org/data/definitions/200.html','Class','Simple',4408,'CWE-200'),(5336,'https://cwe.mitre.org/data/definitions/255.html','None','class',4400,'CWE-255'),(5337,'https://cwe.mitre.org/data/definitions/79.html','Base','Simple',4405,'CWE-79'),(5338,'https://cwe.mitre.org/data/definitions/77.html','Class','Simple',4405,'CWE-77'),(5339,'https://cwe.mitre.org/data/definitions/99.html','Base','Simple',4405,'CWE-99'),(5340,'https://cwe.mitre.org/data/definitions/89.html','Base','Simple',4405,'CWE-89'),(5341,'https://cwe.mitre.org/data/definitions/592.html','DeprecatedClass','Simple',4400,'CWE-592'),(5342,'https://cwe.mitre.org/data/definitions/89.html','Base','Simple',4405,'CWE-89'),(5343,'https://cwe.mitre.org/data/definitions/533.html','DeprecatedVariant','Simple',4400,'CWE-533'),(5344,'https://cwe.mitre.org/data/definitions/121.html','Variant','Simple',4399,'CWE-121'),(5345,'https://cwe.mitre.org/data/definitions/269.html','Class','Simple',4400,'CWE-269');
/*!40000 ALTER TABLE `cwe` ENABLE KEYS */;
UNLOCK TABLES;

--
-- Table structure for table `devicetype`
--

DROP TABLE IF EXISTS `devicetype`;
/*!40101 SET @saved_cs_client     = @@character_set_client */;
/*!40101 SET character_set_client = utf8 */;
CREATE TABLE `devicetype` (
  `id` smallint(5) unsigned NOT NULL AUTO_INCREMENT,
  `type` char(255) DEFAULT NULL,
  PRIMARY KEY (`id`),
  UNIQUE KEY `UC_devicetype` (`type`)
) ENGINE=InnoDB AUTO_INCREMENT=472 DEFAULT CHARSET=utf8;
/*!40101 SET character_set_client = @saved_cs_client */;

--
-- Dumping data for table `devicetype`
--

LOCK TABLES `devicetype` WRITE;
/*!40000 ALTER TABLE `devicetype` DISABLE KEYS */;
INSERT INTO `devicetype` VALUES (1,'type');
/*!40000 ALTER TABLE `devicetype` ENABLE KEYS */;
UNLOCK TABLES;

--
-- Table structure for table `icscert`
--

DROP TABLE IF EXISTS `icscert`;
/*!40101 SET @saved_cs_client     = @@character_set_client */;
/*!40101 SET character_set_client = utf8 */;
CREATE TABLE `icscert` (
  `id` smallint(5) unsigned NOT NULL AUTO_INCREMENT,
  `date` date DEFAULT NULL,
  `patch` smallint(5) unsigned NOT NULL,
  `name` char(255) DEFAULT NULL,
  PRIMARY KEY (`id`),
  UNIQUE KEY `UC_icscert_name` (`name`),
  KEY `fk_icscert_patch` (`patch`),
  CONSTRAINT `fk_icscert_patch` FOREIGN KEY (`patch`) REFERENCES `patch` (`id`)
) ENGINE=InnoDB AUTO_INCREMENT=2512 DEFAULT CHARSET=utf8;
/*!40101 SET character_set_client = @saved_cs_client */;

--
-- Dumping data for table `icscert`
--

LOCK TABLES `icscert` WRITE;
/*!40000 ALTER TABLE `icscert` DISABLE KEYS */;
INSERT INTO `icscert` VALUES (1961,'2019-06-06',117,'ICSA-19-157-01'),(1962,'2019-06-06',117,'ICSA-19-157-02'),(1963,'2019-06-04',117,'ICSA-19-155-01'),(1964,'2019-06-04',117,'ICSA-19-155-02'),(1965,'2019-06-04',117,'ICSA-19-155-03'),(1966,'2019-05-30',117,'ICSA-19-150-01'),(1967,'2019-05-28',117,'ICSA-19-148-01'),(1968,'2019-05-21',117,'ICSA-19-141-01'),(1969,'2019-05-21',117,'ICSA-19-141-02'),(1970,'2019-05-16',117,'ICSA-19-136-01'),(1971,'2019-05-16',117,'ICSA-19-136-02'),(1972,'2019-05-14',117,'ICSA-19-134-01'),(1973,'2019-05-14',117,'ICSA-19-134-02'),(1974,'2019-05-14',117,'ICSA-19-134-03'),(1975,'2019-05-14',117,'ICSA-19-134-04'),(1976,'2019-05-14',117,'ICSA-19-134-05'),(1977,'2019-05-14',117,'ICSA-19-134-06'),(1978,'2019-05-14',117,'ICSA-19-134-07'),(1979,'2019-05-14',117,'ICSA-19-134-08'),(1980,'2019-05-14',117,'ICSA-19-134-09'),(1981,'2019-05-02',117,'ICSA-19-122-01'),(1982,'2019-05-02',117,'ICSA-19-122-02'),(1983,'2019-05-02',117,'ICSA-19-122-03'),(1984,'2019-04-30',117,'ICSMA-19-120-01'),(1985,'2019-04-30',117,'ICSA-19-120-01'),(1986,'2019-04-23',117,'ICSMA-19-113-01'),(1987,'2019-04-23',117,'ICSA-19-113-01'),(1988,'2019-04-16',117,'ICSA-19-106-01'),(1989,'2019-04-16',117,'ICSA-19-106-02'),(1990,'2019-04-16',117,'ICSA-19-106-03'),(1991,'2019-04-09',117,'ICSA-19-099-01'),(1992,'2019-04-09',117,'ICSA-19-099-02'),(1993,'2019-04-09',117,'ICSA-19-099-03'),(1994,'2019-04-09',117,'ICSA-19-099-04'),(1995,'2019-04-09',117,'ICSA-19-099-05'),(1996,'2019-04-09',117,'ICSA-19-099-06'),(1997,'2019-04-04',117,'ICSA-19-094-01'),(1998,'2019-04-04',117,'ICSA-19-094-02'),(1999,'2019-04-04',117,'ICSA-19-094-03'),(2000,'2019-04-04',117,'ICSA-19-094-04'),(2001,'2019-04-02',117,'ICSA-19-092-01'),(2002,'2019-03-28',117,'ICSA-19-087-01'),(2003,'2019-03-26',117,'ICSA-19-085-01'),(2004,'2019-03-26',117,'ICSA-19-085-02'),(2005,'2019-03-26',117,'ICSA-19-085-03'),(2006,'2019-03-21',117,'ICSMA-19-080-01'),(2007,'2019-03-19',117,'ICSA-19-078-01'),(2008,'2019-03-19',117,'ICSA-19-078-02'),(2009,'2019-03-14',117,'ICSA-19-073-01'),(2010,'2019-03-14',117,'ICSA-19-073-02'),(2011,'2019-03-14',117,'ICSA-19-073-03'),(2012,'2019-03-05',117,'ICSA-19-064-01'),(2013,'2019-02-28',117,'ICSA-19-059-01'),(2014,'2019-02-26',117,'ICSA-19-057-01'),(2015,'2019-02-19',117,'ICSA-19-050-01'),(2016,'2019-02-19',117,'ICSA-19-050-02'),(2017,'2019-02-19',117,'ICSA-19-050-03'),(2018,'2019-02-19',117,'ICSA-19-050-04'),(2019,'2019-02-14',117,'ICSA-19-045-01'),(2020,'2019-02-14',117,'ICSA-18-310-01'),(2021,'2019-02-12',117,'ICSA-19-043-01'),(2022,'2019-02-12',117,'ICSA-19-043-02'),(2023,'2019-02-12',117,'ICSA-19-043-03'),(2024,'2019-02-12',117,'ICSA-19-043-04'),(2025,'2019-02-12',117,'ICSA-19-043-05'),(2026,'2019-02-12',117,'ICSA-19-043-06'),(2027,'2019-02-07',117,'ICSA-19-038-01'),(2028,'2019-02-07',117,'ICSA-19-038-02'),(2029,'2019-02-05',117,'ICSA-19-036-01'),(2030,'2019-02-05',117,'ICSA-19-036-02'),(2031,'2019-02-05',117,'ICSA-19-036-03'),(2032,'2019-02-05',117,'ICSA-19-036-04'),(2033,'2019-02-05',117,'ICSA-19-036-05'),(2034,'2019-01-31',117,'ICSA-19-031-02'),(2035,'2019-01-31',117,'ICSA-19-031-01'),(2036,'2019-01-29',117,'ICSMA-19-029-01'),(2037,'2019-01-29',117,'ICSMA-19-029-02'),(2038,'2019-01-29',117,'ICSA-19-029-01'),(2039,'2019-01-29',117,'ICSA-19-029-02'),(2040,'2019-01-29',117,'ICSA-19-029-03'),(2041,'2019-01-24',117,'ICSA-19-024-01'),(2042,'2019-01-24',117,'ICSA-19-024-02'),(2043,'2019-01-22',117,'ICSMA-19-022-01'),(2044,'2019-01-22',117,'ICSA-19-022-01'),(2045,'2019-01-17',117,'ICSA-19-017-01'),(2046,'2019-01-17',117,'ICSA-19-017-02'),(2047,'2019-01-17',117,'ICSA-19-017-03'),(2048,'2019-01-15',117,'ICSA-19-015-01'),(2049,'2019-01-10',117,'ICSA-19-010-01'),(2050,'2019-01-10',117,'ICSA-19-010-02'),(2051,'2019-01-10',117,'ICSA-19-010-03'),(2052,'2019-01-10',117,'ICSA-18-333-02'),(2053,'2019-01-08',117,'ICSA-19-008-01'),(2054,'2019-01-08',117,'ICSA-19-008-02'),(2055,'2019-01-03',117,'ICSA-19-003-01'),(2056,'2019-01-03',117,'ICSA-19-003-02'),(2057,'2019-01-03',117,'ICSA-19-003-03'),(2058,'2018-12-20',117,'ICSA-18-354-01'),(2059,'2018-12-20',117,'ICSA-18-354-02'),(2060,'2018-12-20',117,'ICSA-18-331-02'),(2061,'2018-12-18',117,'ICSA-18-352-01'),(2062,'2018-12-18',117,'ICSA-18-352-02'),(2063,'2018-12-18',117,'ICSA-18-352-03'),(2064,'2018-12-18',117,'ICSA-18-352-04'),(2065,'2018-12-18',117,'ICSA-18-352-05'),(2066,'2018-12-18',117,'ICSA-18-352-06'),(2067,'2018-12-18',117,'ICSA-18-352-07'),(2068,'2018-12-13',117,'ICSMA-18-347-01'),(2069,'2018-12-13',117,'ICSA-18-347-01'),(2070,'2018-12-13',117,'ICSA-18-347-02'),(2071,'2018-12-13',117,'ICSA-18-347-03'),(2072,'2018-12-13',117,'ICSA-18-347-04'),(2073,'2018-12-11',117,'ICSA-18-345-01'),(2074,'2018-12-11',117,'ICSA-18-345-02'),(2075,'2018-12-06',117,'ICSMA-18-340-01'),(2076,'2018-12-06',117,'ICSA-18-340-01'),(2077,'2018-12-06',117,'ICSA-18-310-02'),(2078,'2018-12-04',117,'ICSA-18-338-01'),(2079,'2018-12-04',117,'ICSA-18-338-02'),(2080,'2018-11-29',117,'ICSA-18-333-01'),(2081,'2018-11-27',117,'ICSA-18-331-01'),(2082,'2018-11-20',117,'ICSA-18-324-01'),(2083,'2018-11-20',117,'ICSA-18-324-02'),(2084,'2018-11-13',117,'ICSA-18-317-01'),(2085,'2018-11-13',117,'ICSA-18-317-02'),(2086,'2018-11-13',117,'ICSA-18-317-03'),(2087,'2018-11-13',117,'ICSA-18-317-04'),(2088,'2018-11-13',117,'ICSA-18-317-05'),(2089,'2018-11-13',117,'ICSA-18-317-06'),(2090,'2018-11-13',117,'ICSA-18-317-07'),(2091,'2018-11-13',117,'ICSA-18-317-08'),(2092,'2018-11-08',117,'ICSMA-18-312-01'),(2093,'2018-11-06',117,'ICSMA-18-310-01'),(2094,'2018-11-01',117,'ICSA-18-305-01'),(2095,'2018-11-01',117,'ICSA-18-305-02'),(2096,'2018-11-01',117,'ICSA-18-305-03'),(2097,'2018-11-01',117,'ICSA-18-305-04'),(2098,'2018-10-30',117,'ICSA-18-303-01'),(2099,'2018-10-25',117,'ICSA-18-298-01'),(2100,'2018-10-25',117,'ICSA-18-298-02'),(2101,'2018-10-23',117,'ICSA-18-296-01'),(2102,'2018-10-23',117,'ICSA-18-296-02'),(2103,'2018-10-23',117,'ICSA-18-296-03'),(2104,'2018-10-17',117,'ICSA-18-290-01'),(2105,'2018-10-16',117,'ICSA-18-289-01'),(2106,'2018-10-11',117,'ICSA-18-284-01'),(2107,'2018-10-11',117,'ICSA-18-284-02'),(2108,'2018-10-11',117,'ICSA-18-284-03'),(2109,'2018-10-09',117,'ICSA-18-282-01'),(2110,'2018-10-09',117,'ICSA-18-282-02'),(2111,'2018-10-09',117,'ICSA-18-282-03'),(2112,'2018-10-09',117,'ICSA-18-282-04'),(2113,'2018-10-09',117,'ICSA-18-282-05'),(2114,'2018-10-09',117,'ICSA-18-282-06'),(2115,'2018-10-09',117,'ICSA-18-282-07'),(2116,'2018-10-04',117,'ICSMA-18-277-01'),(2117,'2018-10-04',117,'ICSMA-18-277-02'),(2118,'2018-10-04',117,'ICSA-18-277-01'),(2119,'2018-10-02',117,'ICSA-18-275-01'),(2120,'2018-10-02',117,'ICSA-18-275-02'),(2121,'2018-10-02',117,'ICSA-18-275-03'),(2122,'2018-09-27',117,'ICSA-18-270-01'),(2123,'2018-09-27',117,'ICSA-18-270-02'),(2124,'2018-09-27',117,'ICSA-18-270-03'),(2125,'2018-09-27',117,'ICSA-18-270-04'),(2126,'2018-09-20',117,'ICSA-18-263-01'),(2127,'2018-09-20',117,'ICSA-18-263-02'),(2128,'2018-09-18',117,'ICSA-18-261-01'),(2129,'2018-09-13',117,'ICSA-18-256-01'),(2130,'2018-09-11',117,'ICSA-18-254-01'),(2131,'2018-09-11',117,'ICSA-18-254-02'),(2132,'2018-09-11',117,'ICSA-18-254-03'),(2133,'2018-09-11',117,'ICSA-18-254-04'),(2134,'2018-09-11',117,'ICSA-18-254-05'),(2135,'2018-09-06',117,'ICSA-18-249-01'),(2136,'2018-09-04',117,'ICSA-18-247-01'),(2137,'2018-08-30',117,'ICSA-18-242-01'),(2138,'2018-08-28',117,'ICSMA-18-240-01'),(2139,'2018-08-28',117,'ICSA-18-240-01'),(2140,'2018-08-28',117,'ICSA-18-240-02'),(2141,'2018-08-28',117,'ICSA-18-240-03'),(2142,'2018-08-28',117,'ICSA-18-240-04'),(2143,'2018-08-23',117,'ICSMA-18-235-01'),(2144,'2018-08-21',117,'ICSMA-18-233-01'),(2145,'2018-08-21',117,'ICSA-18-233-01'),(2146,'2018-08-16',117,'ICSMA-18-228-01'),(2147,'2018-08-16',117,'ICSA-18-228-01'),(2148,'2018-08-16',117,'ICSA-18-191-03'),(2149,'2018-08-14',117,'ICSMA-18-226-01'),(2150,'2018-08-14',117,'ICSA-18-226-01'),(2151,'2018-08-14',117,'ICSA-18-226-02'),(2152,'2018-08-14',117,'ICSA-18-226-03'),(2153,'2018-08-09',117,'ICSA-18-221-01'),(2154,'2018-08-09',117,'ICSA-18-221-02'),(2155,'2018-08-07',117,'ICSMA-18-219-01'),(2156,'2018-08-07',117,'ICSMA-18-219-02'),(2157,'2018-08-07',117,'ICSA-18-219-01'),(2158,'2018-07-31',117,'ICSA-18-212-01'),(2159,'2018-07-31',117,'ICSA-18-212-02'),(2160,'2018-07-31',117,'ICSA-18-212-03'),(2161,'2018-07-31',117,'ICSA-18-212-04'),(2162,'2018-07-31',117,'ICSA-18-212-05'),(2163,'2018-07-19',117,'ICSA-18-200-01'),(2164,'2018-07-19',117,'ICSA-18-200-02'),(2165,'2018-07-19',117,'ICSA-18-200-03'),(2166,'2018-07-19',117,'ICSA-18-200-04'),(2167,'2018-07-17',117,'ICSA-18-198-01'),(2168,'2018-07-17',117,'ICSA-18-198-02'),(2169,'2018-07-17',117,'ICSA-18-198-03'),(2170,'2018-07-12',117,'ICSA-18-193-01'),(2171,'2018-07-10',117,'ICSA-18-191-01'),(2172,'2018-07-10',117,'ICSA-18-191-02'),(2173,'2018-07-03',117,'ICSA-18-184-01'),(2174,'2018-06-28',117,'ICSMA-18-179-01'),(2175,'2018-06-21',117,'ICSA-18-172-01'),(2176,'2018-06-21',117,'ICSA-18-172-02'),(2177,'2018-06-14',117,'ICSMA-18-165-01'),(2178,'2018-06-14',117,'ICSA-18-165-01'),(2179,'2018-06-12',117,'ICSA-18-163-01'),(2180,'2018-06-12',117,'ICSA-18-163-02'),(2181,'2018-06-07',117,'ICSA-18-158-01'),(2182,'2018-06-05',117,'ICSMA-18-156-01'),(2183,'2018-06-05',117,'ICSA-18-156-01'),(2184,'2018-05-31',117,'ICSA-18-151-01'),(2185,'2018-05-31',117,'ICSA-18-151-02'),(2186,'2018-05-31',117,'ICSA-18-151-03'),(2187,'2018-05-24',117,'ICSMA-18-144-01'),(2188,'2018-05-24',117,'ICSA-18-144-01'),(2189,'2018-05-22',117,'ICSMA-18-142-01'),(2190,'2018-05-22',117,'ICSA-18-142-01'),(2191,'2018-05-17',117,'ICSMA-18-137-01'),(2192,'2018-05-17',117,'ICSA-18-137-01'),(2193,'2018-05-17',117,'ICSA-18-137-02'),(2194,'2018-05-17',117,'ICSA-18-137-03'),(2195,'2018-05-17',117,'ICSA-18-137-04'),(2196,'2018-05-15',117,'ICSA-18-135-01'),(2197,'2018-05-10',117,'ICSA-18-130-01'),(2198,'2018-05-10',117,'ICSA-18-130-02'),(2199,'2018-05-10',117,'ICSA-18-102-02'),(2200,'2018-05-08',117,'ICSMA-18-128-01'),(2201,'2018-05-08',117,'ICSA-18-128-01'),(2202,'2018-05-08',117,'ICSA-18-128-02'),(2203,'2018-05-08',117,'ICSA-18-128-03'),(2204,'2018-05-03',117,'ICSMA-18-123-01'),(2205,'2018-05-03',117,'ICSA-18-123-01'),(2206,'2018-04-26',117,'ICSA-18-116-01'),(2207,'2018-04-26',117,'ICSA-18-116-02'),(2208,'2018-04-24',117,'ICSMA-18-114-01'),(2209,'2018-04-24',117,'ICSA-18-114-01'),(2210,'2018-04-24',117,'ICSA-18-114-02'),(2211,'2018-04-24',117,'ICSA-18-114-03'),(2212,'2018-04-19',117,'ICSA-18-109-01'),(2213,'2018-04-17',117,'ICSMA-18-107-01'),(2214,'2018-04-17',117,'ICSMA-18-107-02'),(2215,'2018-04-17',117,'ICSA-18-107-01'),(2216,'2018-04-17',117,'ICSA-18-107-02'),(2217,'2018-04-17',117,'ICSA-18-107-03'),(2218,'2018-04-17',117,'ICSA-18-107-04'),(2219,'2018-04-17',117,'ICSA-18-107-05'),(2220,'2018-04-12',117,'ICSA-18-102-01'),(2221,'2018-04-10',117,'ICSA-18-100-01'),(2222,'2018-04-10',117,'ICSA-18-100-02'),(2223,'2018-04-05',117,'ICSA-18-095-01'),(2224,'2018-04-05',117,'ICSA-18-095-02'),(2225,'2018-04-05',117,'ICSA-18-095-03'),(2226,'2018-04-03',117,'ICSA-18-093-01'),(2227,'2018-03-29',117,'ICSMA-18-088-01'),(2228,'2018-03-29',117,'ICSA-18-088-01'),(2229,'2018-03-29',117,'ICSA-18-088-02'),(2230,'2018-03-29',117,'ICSA-18-088-03'),(2231,'2018-03-27',117,'ICSA-18-086-01'),(2232,'2018-03-27',117,'ICSMA-18-086-01'),(2233,'2018-03-22',117,'ICSA-18-081-01'),(2234,'2018-03-22',117,'ICSA-18-081-02'),(2235,'2018-03-20',117,'ICSA-18-079-01'),(2236,'2018-03-20',117,'ICSA-18-079-02'),(2237,'2018-03-13',117,'ICSA-18-072-01'),(2238,'2018-03-13',117,'ICSA-18-072-02'),(2239,'2018-03-13',117,'ICSA-18-072-03'),(2240,'2018-03-13',117,'ICSA-18-072-04'),(2241,'2018-03-13',117,'ICSMA-18-037-02'),(2242,'2018-03-08',117,'ICSA-18-067-01'),(2243,'2018-03-08',117,'ICSA-18-067-02'),(2244,'2018-03-06',117,'ICSA-18-065-01'),(2245,'2018-03-06',117,'ICSA-18-065-02'),(2246,'2018-03-06',117,'ICSA-18-065-03'),(2247,'2018-03-01',117,'ICSA-18-060-01'),(2248,'2018-03-01',117,'ICSA-18-060-02'),(2249,'2018-03-01',117,'ICSA-18-060-03'),(2250,'2018-02-27',117,'ICSA-18-058-01A'),(2251,'2018-02-27',117,'ICSA-18-058-02'),(2252,'2018-02-27',117,'ICSA-18-058-03'),(2253,'2018-02-27',117,'ICSMA-18-058-01'),(2254,'2018-02-27',117,'ICSMA-18-058-02'),(2255,'2018-02-20',117,'ICSA-18-051-01'),(2256,'2018-02-15',117,'ICSA-18-046-01'),(2257,'2018-02-15',117,'ICSA-18-046-02'),(2258,'2018-02-15',117,'ICSA-18-046-03'),(2259,'2018-02-15',117,'ICSA-18-046-04'),(2260,'2018-02-13',117,'ICSA-18-044-01'),(2261,'2018-02-13',117,'ICSA-18-044-02'),(2262,'2018-02-06',117,'ICSMA-18-037-01'),(2263,'2018-02-01',117,'ICSA-18-032-01'),(2264,'2018-02-01',117,'ICSA-18-032-02'),(2265,'2018-02-01',117,'ICSA-18-032-03'),(2266,'2018-01-30',117,'ICSA-18-030-01'),(2267,'2018-01-30',117,'ICSA-18-030-02'),(2268,'2018-01-25',117,'ICSA-18-025-01'),(2269,'2018-01-25',117,'ICSA-18-025-02B'),(2270,'2018-01-25',117,'ICSMA-18-025-01'),(2271,'2018-01-23',117,'ICSA-18-023-01'),(2272,'2018-01-23',117,'ICSA-18-023-02'),(2273,'2018-01-18',117,'ICSA-18-018-01A'),(2274,'2018-01-11',117,'ICSA-18-011-01'),(2275,'2018-01-11',117,'ICSA-18-011-02'),(2276,'2018-01-11',117,'ICSA-18-011-03'),(2277,'2018-01-09',117,'ICSA-18-009-01'),(2278,'2018-01-09',117,'ICSA-17-234-04'),(2279,'2018-01-04',117,'ICSA-18-004-01'),(2280,'2018-01-04',117,'ICSA-18-004-02A'),(2281,'2017-12-21',117,'ICSA-17-355-01'),(2282,'2017-12-21',117,'ICSA-17-355-02'),(2283,'2017-12-19',117,'ICSA-17-353-01'),(2284,'2017-12-19',117,'ICSA-17-353-02'),(2285,'2017-12-19',117,'ICSA-17-353-03'),(2286,'2017-12-19',117,'ICSA-17-353-04'),(2287,'2017-12-19',117,'ICSA-17-353-05'),(2288,'2017-12-07',117,'ICSA-17-341-01'),(2289,'2017-12-07',117,'ICSA-17-341-02'),(2290,'2017-12-07',117,'ICSA-17-341-03'),(2291,'2017-12-05',117,'ICSA-17-339-01'),(2292,'2017-11-30',117,'ICSA-17-334-01'),(2293,'2017-11-30',117,'ICSA-17-334-02'),(2294,'2017-11-28',117,'ICSA-17-332-01'),(2295,'2017-11-28',117,'ICSMA-17-332-01'),(2296,'2017-11-21',117,'ICSA-17-325-01'),(2297,'2017-11-16',117,'ICSA-17-320-01'),(2298,'2017-11-16',117,'ICSA-17-320-02'),(2299,'2017-11-14',117,'ICSA-17-318-01'),(2300,'2017-11-14',117,'ICSA-17-318-02A'),(2301,'2017-11-14',117,'ICSMA-17-318-01'),(2302,'2017-11-09',117,'ICSA-17-313-01'),(2303,'2017-11-09',117,'ICSA-17-313-02'),(2304,'2017-11-02',117,'ICSA-17-306-01'),(2305,'2017-11-02',117,'ICSA-17-306-02'),(2306,'2017-10-31',117,'ICSA-17-304-01'),(2307,'2017-10-31',117,'ICSA-17-304-02'),(2308,'2017-10-26',117,'ICSA-17-299-01'),(2309,'2017-10-26',117,'ICSA-17-299-02'),(2310,'2017-10-19',117,'ICSA-17-292-01'),(2311,'2017-10-19',117,'ICSMA-17-292-01'),(2312,'2017-10-17',117,'ICSA-17-290-01'),(2313,'2017-10-12',117,'ICSA-17-285-01'),(2314,'2017-10-12',117,'ICSA-17-285-02'),(2315,'2017-10-12',117,'ICSA-17-285-03'),(2316,'2017-10-12',117,'ICSA-17-285-04A'),(2317,'2017-10-12',117,'ICSA-17-285-05'),(2318,'2017-10-10',117,'ICSA-17-283-01'),(2319,'2017-10-10',117,'ICSA-17-283-02'),(2320,'2017-10-05',117,'ICSA-17-278-01A'),(2321,'2017-10-05',117,'ICSA-17-278-02'),(2322,'2017-10-03',117,'ICSA-17-243-01'),(2323,'2017-09-28',117,'ICSA-17-271-01B'),(2324,'2017-09-21',117,'ICSA-17-264-01'),(2325,'2017-09-21',117,'ICSA-17-264-02'),(2326,'2017-09-21',117,'ICSA-17-264-03'),(2327,'2017-09-21',117,'ICSA-17-264-04'),(2328,'2017-09-21',117,'ICSA-17-234-05'),(2329,'2017-09-19',117,'ICSA-17-262-01'),(2330,'2017-09-14',117,'ICSA-17-257-01'),(2331,'2017-09-12',117,'ICSA-17-255-01'),(2332,'2017-09-12',117,'ICSMA-17-255-01'),(2333,'2017-09-07',117,'ICSA-17-250-01'),(2334,'2017-09-07',117,'ICSA-17-250-02'),(2335,'2017-09-07',117,'ICSMA-17-250-01'),(2336,'2017-09-07',117,'ICSMA-17-250-02A'),(2337,'2017-08-31',117,'ICSA-17-243-02'),(2338,'2017-08-31',117,'ICSA-17-243-03'),(2339,'2017-08-31',117,'ICSA-17-243-04'),(2340,'2017-08-31',117,'ICSA-17-243-05'),(2341,'2017-08-31',117,'ICSA-17-150-01'),(2342,'2017-08-29',117,'ICSMA-17-241-01'),(2343,'2017-08-29',117,'ICSA-17-241-01'),(2344,'2017-08-29',117,'ICSA-17-241-02'),(2345,'2017-08-24',117,'ICSA-17-236-01'),(2346,'2017-08-24',117,'ICSA-17-208-04'),(2347,'2017-08-22',117,'ICSA-17-234-01'),(2348,'2017-08-22',117,'ICSA-17-234-02'),(2349,'2017-08-22',117,'ICSA-17-234-03'),(2350,'2017-08-17',117,'ICSMA-17-229-01'),(2351,'2017-08-15',117,'ICSA-17-227-01'),(2352,'2017-08-15',117,'ICSMA-17-227-01'),(2353,'2017-08-10',117,'ICSA-17-222-01'),(2354,'2017-08-10',117,'ICSA-17-222-02'),(2355,'2017-08-10',117,'ICSA-17-222-03'),(2356,'2017-08-10',117,'ICSA-17-222-04'),(2357,'2017-08-10',117,'ICSA-17-222-05'),(2358,'2017-08-08',117,'ICSA-17-220-01'),(2359,'2017-08-08',117,'ICSA-17-220-02'),(2360,'2017-08-03',117,'ICSA-17-215-01'),(2361,'2017-08-03',117,'ICSMA-17-215-01'),(2362,'2017-08-03',117,'ICSMA-17-215-02'),(2363,'2017-08-01',117,'ICSA-17-213-01'),(2364,'2017-08-01',117,'ICSA-17-213-02'),(2365,'2017-07-27',117,'ICSA-17-208-01'),(2366,'2017-07-27',117,'ICSA-17- 208-02'),(2367,'2017-07-27',117,'ICSA-17-208-03'),(2368,'2017-07-25',117,'ICSA-17-152-02'),(2369,'2017-07-20',117,'ICSA-17-201-01'),(2370,'2017-07-18',117,'ICSA-17-138-03'),(2371,'2017-07-13',117,'ICSA-17-194-01'),(2372,'2017-07-13',117,'ICSA-17-194-03'),(2373,'2017-07-11',117,'ICSA-17-192-01'),(2374,'2017-07-11',117,'ICSA-17-192-02'),(2375,'2017-07-11',117,'ICSA-17-192-03'),(2376,'2017-07-11',117,'ICSA-17-192-04'),(2377,'2017-07-11',117,'ICSA-17-192-05'),(2378,'2017-07-11',117,'ICSA-17-192-06'),(2379,'2017-07-06',117,'ICSA-17-187-01'),(2380,'2017-07-06',117,'ICSA-17-187-02'),(2381,'2017-07-06',117,'ICSA-17-187-03F'),(2382,'2017-07-06',117,'ICSA-17-187-04'),(2383,'2017-07-06',117,'ICSA-17-187-05'),(2384,'2017-06-29',117,'ICSA-17-180-01A'),(2385,'2017-06-29',117,'ICSA-17-180-02'),(2386,'2017-06-29',117,'ICSA-17-180-03'),(2387,'2017-06-27',117,'ICSA-17-178-01'),(2388,'2017-06-22',117,'ICSA-17-173-01'),(2389,'2017-06-22',117,'ICSA-17-173-02'),(2390,'2017-06-20',117,'ICSA-17-171-01'),(2391,'2017-06-14',117,'ICSA-17-166-01'),(2392,'2017-06-13',117,'ICSA-17-164-01'),(2393,'2017-06-13',117,'ICSA-17-164-02'),(2394,'2017-06-13',117,'ICSA-17-164-03'),(2395,'2017-06-06',117,'ICSA-17-157-01'),(2396,'2017-06-06',117,'ICSA-17-157-02'),(2397,'2017-06-01',117,'ICSA-17-152-01'),(2398,'2017-05-23',117,'ICSA-17-143-01'),(2399,'2017-05-23',117,'ICSA-17-115-04'),(2400,'2017-05-23',117,'ICSMA-17-082-02'),(2401,'2017-05-18',117,'ICSA-17-138-01'),(2402,'2017-05-18',117,'ICSA-17-138-02'),(2403,'2017-05-16',117,'ICSA-17-136-01'),(2404,'2017-05-16',117,'ICSA-17-136-02'),(2405,'2017-05-16',117,'ICSA-17-136-03'),(2406,'2017-05-16',117,'ICSA-17-136-04'),(2407,'2017-05-11',117,'ICSA-17-131-01'),(2408,'2017-05-11',117,'ICSA-17-131-02'),(2409,'2017-05-09',117,'ICSA-17-129-01'),(2410,'2017-05-09',117,'ICSA-17-129-02'),(2411,'2017-05-09',117,'ICSA-17-129-03'),(2412,'2017-05-09',117,'ICSA-17-094-04'),(2413,'2017-05-04',117,'ICSA-17-124-01'),(2414,'2017-05-04',117,'ICSA-17-124-02'),(2415,'2017-05-04',117,'ICSA-17-124-03'),(2416,'2017-05-04',117,'ICSA-17-094-05'),(2417,'2017-05-02',117,'ICSA-17-122-01'),(2418,'2017-05-02',117,'ICSA-17-122-02'),(2419,'2017-05-02',117,'ICSA-17-122-03'),(2420,'2017-04-27',117,'ICSA-17-117-01B'),(2421,'2017-04-25',117,'ICSA-17-115-01'),(2422,'2017-04-25',117,'ICSA-17-115-02'),(2423,'2017-04-25',117,'ICSA-17-115-03'),(2424,'2017-04-13',117,'ICSA-17-103-01'),(2425,'2017-04-13',117,'ICSA-17-103-02A'),(2426,'2017-04-11',117,'ICSA-17-101-01'),(2427,'2017-04-06',117,'ICSA-17-096-01A'),(2428,'2017-04-04',117,'ICSA-17-094-01'),(2429,'2017-04-04',117,'ICSA-17-094-02B'),(2430,'2017-04-04',117,'ICSA-17-094-03'),(2431,'2017-03-30',117,'ICSA-17-089-01'),(2432,'2017-03-30',117,'ICSA-17-089-02'),(2433,'2017-03-28',117,'ICSA-17-087-01'),(2434,'2017-03-28',117,'ICSA-17-087-02'),(2435,'2017-03-23',117,'ICSA-17-082-01'),(2436,'2017-03-23',117,'ICSMA-17-082-01'),(2437,'2017-03-21',117,'ICSA-17-047-01'),(2438,'2017-03-21',117,'ICSA-17-047-02'),(2439,'2017-03-16',117,'ICSA-17-075-01'),(2440,'2017-03-14',117,'ICSA-17-073-01'),(2441,'2017-03-09',117,'ICSA-17-068-01'),(2442,'2017-03-07',117,'ICSA-17-066-01'),(2443,'2017-03-02',117,'ICSA-17-061-01'),(2444,'2017-03-02',117,'ICSA-17-061-02'),(2445,'2017-03-02',117,'ICSA-17-061-03'),(2446,'2017-02-28',117,'ICSA-17-059-01'),(2447,'2017-02-23',117,'ICSA-17-054-02'),(2448,'2017-02-23',117,'ICSA-17-054-01'),(2449,'2017-02-23',117,'ICSA-17-054-03'),(2450,'2017-02-14',117,'ICSA-17-045-01'),(2451,'2017-02-14',117,'ICSA-17-045-02'),(2452,'2017-02-14',117,'ICSA-17-045-03'),(2453,'2017-02-09',117,'ICSA-17-040-01'),(2454,'2017-02-07',117,'ICSA-17-038-01'),(2455,'2017-02-07',117,'ICSMA-17-017-01'),(2456,'2017-02-07',117,'ICSMA-17-017-02A'),(2457,'2017-02-02',117,'ICSA-17-033-01'),(2458,'2017-01-31',117,'ICSA-17-031-01A'),(2459,'2017-01-31',117,'ICSA-17-031-02'),(2460,'2017-01-26',117,'ICSA-17-026-01'),(2462,'2017-01-26',117,'ICSA-17-026-02A'),(2463,'2017-01-24',117,'ICSA-17-024-01'),(2464,'2017-01-19',117,'ICSA-17-019-01A'),(2465,'2017-01-17',117,'ICSA-17-017-01'),(2466,'2017-01-17',117,'ICSA-16-336-05B'),(2467,'2017-01-12',117,'ICSA-17-012-01'),(2468,'2017-01-12',117,'ICSA-17-012-02'),(2469,'2017-01-12',117,'ICSA-17-012-03'),(2470,'2017-01-10',117,'ICSA-17-010-01A'),(2471,'2017-01-09',117,'ICSMA-17-009-01A'),(2472,'2017-01-05',117,'ICSA-16-343-05'),(2473,'2017-01-05',117,'ICSA-16-336-06'),(2474,'2016-12-22',117,'ICSA-16-357-01'),(2475,'2016-12-22',117,'ICSA-16-357-02'),(2476,'2016-12-20',117,'ICSA-16-355-01'),(2477,'2016-12-15',117,'ICSA-16-350-01'),(2478,'2016-12-15',117,'ICSA-16-350-02'),(2479,'2016-12-13',117,'ICSA-16-348-01'),(2480,'2016-12-13',117,'ICSA-16-348-02'),(2481,'2016-12-13',117,'ICSA-16-348-03'),(2482,'2016-12-13',117,'ICSA-16-348-04'),(2483,'2016-12-13',117,'ICSA-16-348-05D'),(2484,'2016-12-08',117,'ICSA-16-343-01'),(2485,'2016-12-08',117,'ICSA-16-343-02'),(2486,'2016-12-08',117,'ICSA-16-343-03'),(2487,'2016-12-08',117,'ICSA-16-343-04'),(2488,'2016-12-06',117,'ICSA-16-341-01'),(2489,'2016-12-06',117,'ICSA-16-231-01'),(2490,'2016-12-01',117,'ICSA-16-336-01A'),(2491,'2016-12-01',117,'ICSA-16-336-02A'),(2492,'2016-12-01',117,'ICSA-16-336-03'),(2493,'2016-12-01',117,'ICSA-16-336-04'),(2494,'2016-12-01',117,'ICSMA-16-306-01'),(2495,'2016-11-29',117,'ICSA-16-334-01'),(2496,'2016-11-29',117,'ICSA-16-334-02'),(2497,'2016-11-29',117,'ICSA-16-334-03'),(2498,'2016-11-22',117,'ICSA-16-327-01'),(2499,'2016-11-22',117,'ICSA-16-327-02A'),(2500,'2016-11-17',117,'ICSA-16-322-01'),(2501,'2016-11-17',117,'ICSA-16-322-02'),(2502,'2016-11-15',117,'ICSA-16-320-01'),(2503,'2016-11-10',117,'ICSA-16-315-01B'),(2504,'2016-11-08',117,'ICSA-16-313-01'),(2505,'2016-11-08',117,'ICSA-16-313-02'),(2506,'2016-11-08',117,'ICSA-16-313-03'),(2507,'2016-11-03',117,'ICSA-16-308-01'),(2508,'2016-11-03',117,'ICSA-16-308-02B'),(2509,'2016-11-03',117,'ICSA-16-308-03'),(2510,'2016-11-01',117,'ICSA-16-306-01'),(2511,'2016-11-01',117,'ICSA-16-306-02');
/*!40000 ALTER TABLE `icscert` ENABLE KEYS */;
UNLOCK TABLES;

--
-- Table structure for table `icscert_cve`
--

DROP TABLE IF EXISTS `icscert_cve`;
/*!40101 SET @saved_cs_client     = @@character_set_client */;
/*!40101 SET character_set_client = utf8 */;
CREATE TABLE `icscert_cve` (
  `id_icscert_cve` int(11) NOT NULL AUTO_INCREMENT,
  `id_icscert` smallint(5) unsigned NOT NULL,
  `id_cve` smallint(5) unsigned NOT NULL,
  PRIMARY KEY (`id_icscert_cve`),
  UNIQUE KEY `UQ_icscert_cve__id_icscert__id_cve` (`id_icscert`,`id_cve`),
  KEY `FK_icscert_cve__id_cve` (`id_cve`),
  CONSTRAINT `FK_icscert_cve__id_cve` FOREIGN KEY (`id_cve`) REFERENCES `cve` (`id`),
  CONSTRAINT `FK_icscert_cve__id_icscert` FOREIGN KEY (`id_icscert`) REFERENCES `icscert` (`id`)
) ENGINE=InnoDB AUTO_INCREMENT=5169 DEFAULT CHARSET=utf8;
/*!40101 SET character_set_client = @saved_cs_client */;

--
-- Dumping data for table `icscert_cve`
--

LOCK TABLES `icscert_cve` WRITE;
/*!40000 ALTER TABLE `icscert_cve` DISABLE KEYS */;
INSERT INTO `icscert_cve` VALUES (4188,1962,4311),(4189,1962,4312),(4190,1963,4313),(4191,1963,4314),(4192,1963,4315),(4193,1964,4316),(4194,1965,4317),(4195,1965,4318),(4196,1965,4319),(4197,1966,4320),(4198,1967,4321),(4199,1967,4322),(4200,1968,4323),(4201,1968,4324),(4202,1968,4325),(4203,1968,4326),(4204,1968,4327),(4205,1968,4328),(4206,1968,4329),(4207,1968,4330),(4208,1968,4331),(4209,1969,4332),(4210,1970,4333),(4211,1971,4334),(4212,1972,4335),(4213,1973,4336),(4214,1974,4337),(4215,1975,4338),(4216,1975,4339),(4217,1975,4340),(4218,1976,4341),(4219,1977,4342),(4220,1978,4343),(4221,1978,4344),(4222,1978,4345),(4223,1978,4346),(4224,1978,4347),(4225,1979,4348),(4226,1979,4349),(4227,1979,4350),(4228,1980,4351),(4229,1980,4352),(4230,1980,4353),(4231,1981,4354),(4232,1981,4355),(4233,1981,4356),(4234,1981,4357),(4235,1981,4358),(4236,1981,4359),(4237,1982,4360),(4238,1982,4361),(4239,1982,4362),(4240,1982,4363),(4241,1982,4364),(4242,1983,4365),(4243,1983,4366),(4244,1983,4367),(4245,1983,4368),(4246,1983,4369),(4247,1983,4370),(4248,1983,4371),(4249,1984,4372),(4250,1985,4373),(4251,1985,4374),(4252,1986,4375),(4253,1986,4376),(4254,1987,4377),(4255,1988,4378),(4256,1988,4379),(4257,1988,4380),(4258,1989,4381),(4259,1990,4382),(4260,1991,4383),(4261,1992,4384),(4262,1993,4385),(4263,1994,4386),(4264,1994,4387),(4265,1994,4388),(4266,1994,4389),(4267,1995,4390),(4268,1995,4391),(4269,1995,4392),(4270,1996,4393),(4271,1997,4394),(4272,1998,4395),(4273,1999,4396),(4274,1999,4397),(4275,1999,4398),(4276,1999,4399),(4277,1999,4400),(4278,2000,4401),(4279,2001,4402),(4280,2001,4403),(4281,2001,4404),(4282,2002,4405),(4283,2003,4406),(4284,2004,4407),(4285,2005,4408),(4286,2006,4409),(4287,2006,4410),(4288,2007,4411),(4289,2008,4412),(4290,2008,4413),(4291,2008,4414),(4292,2008,4415),(4293,2008,4416),(4294,2008,4417),(4295,2009,4418),(4296,2010,4411),(4297,2011,4420),(4298,2012,4421),(4299,2013,4422),(4300,2014,4423),(4301,2014,4424),(4302,2014,4425),(4303,2014,4426),(4304,2014,4427),(4305,2014,4428),(4306,2014,4429),(4307,2014,4430),(4308,2014,4431),(4309,2014,4432),(4310,2015,4433),(4311,2015,4434),(4312,2015,4435),(4313,2015,4436),(4314,2015,4437),(4315,2015,4438),(4316,2015,4439),(4317,2015,4440),(4318,2015,4441),(4319,2015,4442),(4320,2015,4443),(4321,2016,4444),(4322,2017,4445),(4323,2018,4446),(4324,2018,4447),(4325,2019,4448),(4326,2020,4449),(4327,2021,4450),(4328,2022,4451),(4329,2023,4452),(4330,2023,4453),(4331,2023,4454),(4332,2024,4455),(4333,2025,4456),(4334,2025,4457),(4335,2025,4458),(4336,2026,4459),(4337,2026,4460),(4338,2026,4461),(4339,2027,4462),(4340,2028,4463),(4341,2028,4464),(4342,2029,4465),(4343,2029,4466),(4344,2030,4467),(4345,2031,4468),(4346,2031,4469),(4347,2031,4470),(4348,2032,4471),(4349,2032,4472),(4350,2033,4473),(4351,2033,4474),(4352,2033,4475),(4353,2033,4476),(4354,2033,4477),(4355,2034,4478),(4356,2034,4479),(4357,2034,4480),(4358,2035,4481),(4359,2035,4482),(4360,2035,4483),(4361,2037,4484),(4362,2038,4485),(4363,2039,4486),(4364,2040,4487),(4365,2041,4488),(4366,2041,4489),(4367,2041,4490),(4368,2042,4491),(4369,2042,4492),(4370,2042,4493),(4371,2042,4494),(4372,2042,4495),(4373,2042,4496),(4374,2043,4497),(4375,2043,4498),(4376,2043,4499),(4377,2044,4500),(4378,2044,4501),(4379,2045,4502),(4380,2045,4503),(4381,2045,4504),(4382,2045,4505),(4383,2045,4506),(4384,2045,4507),(4385,2045,4508),(4386,2046,4509),(4387,2047,4510),(4388,2047,4511),(4389,2048,4512),(4390,2048,4513),(4391,2048,4514),(4392,2048,4515),(4393,2048,4516),(4394,2048,4517),(4395,2048,4518),(4396,2048,4519),(4397,2048,4520),(4398,2048,4521),(4399,2048,4522),(4400,2049,4523),(4401,2050,4524),(4402,2051,4525),(4403,2052,4526),(4404,2053,4527),(4405,2054,4528),(4406,2054,4529),(4407,2054,4530),(4408,2054,4531),(4409,2055,4532),(4410,2056,4533),(4411,2057,4534),(4412,2058,4535),(4413,2059,4536),(4414,2060,4537),(4415,2061,4538),(4416,2061,4539),(4417,2062,4540),(4418,2063,4541),(4419,2064,4542),(4420,2064,4543),(4421,2065,4544),(4422,2066,4545),(4423,2067,4546),(4424,2068,4547),(4425,2069,4548),(4426,2069,4549),(4427,2069,4550),(4428,2070,4463),(4429,2070,4464),(4430,2071,4553),(4431,2072,4554),(4432,2073,4555),(4433,2075,4556),(4434,2076,4557),(4435,2077,4558),(4436,2078,4559),(4437,2078,4560),(4438,2079,4561),(4439,2080,4562),(4440,2080,4563),(4441,2081,4564),(4442,2082,4565),(4443,2083,4566),(4444,2084,4567),(4445,2085,4568),(4446,2085,4569),(4447,2086,4570),(4448,2087,4571),(4449,2088,4572),(4450,2089,4573),(4451,2090,4574),(4452,2091,4575),(4453,2091,4576),(4454,2092,4577),(4455,2093,4578),(4456,2093,4579),(4457,2093,4580),(4458,2093,4581),(4459,2093,4582),(4460,2094,4583),(4461,2094,4584),(4462,2095,4564),(4463,2096,4586),(4464,2096,4587),(4465,2097,4588),(4466,2098,4589),(4467,2099,4590),(4468,2100,4591),(4469,2100,4592),(4470,2101,4593),(4471,2101,4594),(4472,2101,4595),(4473,2101,4596),(4474,2102,4597),(4475,2102,4598),(4476,2102,4599),(4477,2103,4600),(4478,2104,4601),(4479,2104,4602),(4480,2104,4603),(4481,2104,4604),(4482,2105,4605),(4483,2105,4606),(4484,2105,4607),(4485,2105,4608),(4486,2105,4609),(4487,2105,4610),(4488,2106,4611),(4489,2106,4612),(4490,2107,4613),(4491,2107,4614),(4492,2107,4615),(4493,2107,4616),(4494,2107,4617),(4495,2107,4618),(4496,2107,4619),(4497,2108,4620),(4498,2108,4621),(4499,2109,4622),(4500,2110,4623),(4501,2111,4624),(4502,2111,4625),(4503,2112,4626),(4504,2113,4627),(4505,2114,4628),(4506,2114,4629),(4507,2114,4630),(4508,2115,4631),(4509,2116,4632),(4510,2117,4633),(4511,2118,4634),(4512,2118,4635),(4513,2118,4636),(4514,2118,4637),(4515,2119,4638),(4516,2120,4639),(4517,2121,4640),(4518,2121,4641),(4519,2123,4642),(4520,2123,4643),(4521,2124,4644),(4522,2124,4645),(4523,2124,4646),(4524,2125,4647),(4525,2126,4648),(4526,2127,4649),(4527,2127,4650),(4528,2127,4651),(4529,2128,4652),(4530,2129,4589),(4531,2130,4654),(4532,2130,4655),(4533,2130,4656),(4534,2130,4657),(4535,2130,4658),(4536,2130,4659),(4537,2130,4660),(4538,2131,4661),(4539,2132,4662),(4540,2133,4663),(4541,2134,4664),(4542,2135,4665),(4543,2135,4666),(4544,2136,4667),(4545,2137,4668),(4546,2137,4669),(4547,2137,4670),(4548,2137,4671),(4549,2137,4672),(4550,2137,4673),(4551,2137,4674),(4552,2137,4675),(4553,2137,4676),(4554,2138,4677),(4555,2140,4678),(4556,2141,4679),(4557,2142,4680),(4558,2143,4681),(4559,2144,4682),(4560,2145,4683),(4561,2146,4684),(4562,2146,4685),(4563,2148,4500),(4564,2148,4501),(4565,2149,4688),(4566,2149,4689),(4567,2150,4690),(4568,2150,4691),(4569,2151,4692),(4570,2152,4693),(4571,2152,4694),(4572,2153,4695),(4573,2153,4696),(4574,2153,4697),(4575,2153,4698),(4576,2154,4699),(4577,2154,4700),(4578,2154,4701),(4579,2154,4702),(4580,2155,4703),(4581,2155,4704),(4582,2156,4705),(4583,2156,4706),(4584,2157,4707),(4585,2157,4708),(4586,2158,4709),(4587,2159,4633),(4588,2160,4711),(4589,2160,4712),(4590,2160,4713),(4591,2160,4714),(4592,2161,4715),(4593,2162,4716),(4594,2163,4717),(4595,2164,4718),(4596,2165,4719),(4597,2165,4720),(4598,2165,4721),(4599,2165,4722),(4600,2166,4723),(4601,2167,4724),(4602,2168,4725),(4603,2168,4726),(4604,2168,4727),(4605,2170,4728),(4606,2171,4729),(4607,2171,4730),(4608,2172,4731),(4609,2172,4732),(4610,2172,4733),(4611,2173,4734),(4612,2173,4735),(4613,2173,4736),(4614,2173,4737),(4615,2173,4738),(4616,2174,4739),(4617,2174,4740),(4618,2175,4741),(4619,2176,4742),(4620,2177,4743),(4621,2177,4744),(4622,2177,4745),(4623,2177,4746),(4624,2177,4747),(4625,2177,4748),(4626,2177,4749),(4627,2177,4750),(4628,2178,4751),(4629,2179,4752),(4630,2179,4753),(4631,2179,4754),(4632,2179,4755),(4633,2180,4756),(4634,2180,4757),(4635,2181,4758),(4636,2182,4759),(4637,2182,4760),(4638,2182,4761),(4639,2183,4762),(4640,2183,4763),(4641,2183,4764),(4642,2184,4765),(4643,2184,4766),(4644,2184,4767),(4645,2185,4768),(4646,2185,4769),(4647,2185,4770),(4648,2186,4771),(4649,2186,4772),(4650,2186,4773),(4651,2186,4774),(4652,2186,4775),(4653,2187,4776),(4654,2187,4777),(4655,2187,4778),(4656,2188,4779),(4657,2188,4780),(4658,2188,4781),(4659,2189,4782),(4660,2189,4783),(4661,2190,4784),(4662,2190,4785),(4663,2190,4786),(4664,2190,4787),(4665,2191,4788),(4666,2191,4789),(4667,2192,4790),(4668,2193,4791),(4669,2193,4792),(4670,2193,4793),(4671,2193,4794),(4672,2194,4795),(4673,2195,4796),(4674,2196,4797),(4675,2196,4798),(4676,2196,4799),(4677,2196,4800),(4678,2196,4801),(4679,2196,4802),(4680,2196,4803),(4681,2196,4804),(4682,2196,4805),(4683,2196,4806),(4684,2196,4807),(4685,2197,4808),(4686,2198,4809),(4688,2199,4716),(4687,2199,4810),(4689,2200,4812),(4690,2200,4813),(4691,2201,4383),(4692,2201,4815),(4693,2202,4816),(4694,2203,4817),(4695,2204,4818),(4696,2204,4819),(4697,2204,4820),(4698,2205,4821),(4699,2205,4822),(4700,2206,4823),(4701,2207,4824),(4702,2209,4825),(4703,2209,4826),(4704,2209,4827),(4705,2209,4828),(4706,2209,4829),(4707,2210,4830),(4708,2211,4831),(4709,2211,4832),(4710,2211,4833),(4711,2212,4834),(4712,2213,4835),(4713,2213,4836),(4714,2215,4837),(4715,2216,4838),(4716,2216,4839),(4717,2217,4840),(4718,2217,4841),(4719,2217,4842),(4720,2217,4843),(4726,2218,4840),(4727,2218,4842),(4728,2218,4843),(4721,2218,4844),(4722,2218,4845),(4723,2218,4846),(4724,2218,4847),(4725,2218,4848),(4735,2219,4842),(4736,2219,4843),(4729,2219,4844),(4730,2219,4845),(4732,2219,4846),(4733,2219,4847),(4734,2219,4848),(4731,2219,4854),(4737,2220,4860),(4738,2221,4861),(4739,2221,4862),(4740,2222,4863),(4741,2222,4864),(4742,2222,4865),(4743,2224,4866),(4744,2225,4867),(4745,2226,4868),(4746,2226,4869),(4747,2226,4870),(4748,2226,4871),(4749,2226,4872),(4750,2226,4873),(4751,2226,4874),(4752,2226,4875),(4753,2228,4876),(4754,2229,4877),(4755,2230,4878),(4756,2231,4879),(4757,2231,4880),(4758,2231,4881),(4759,2232,4882),(4760,2232,4883),(4761,2233,4884),(4762,2234,4885),(4763,2235,4886),(4764,2235,4887),(4765,2235,4888),(4766,2235,4889),(4767,2235,4890),(4768,2235,4891),(4769,2236,4892),(4770,2237,4893),(4771,2237,4894),(4772,2237,4895),(4773,2237,4896),(4774,2237,4897),(4775,2237,4898),(4776,2237,4899),(4777,2238,4900),(4778,2238,4901),(4779,2238,4902),(4780,2239,4903),(4781,2239,4904),(4782,2240,4905),(4783,2240,4906),(4784,2242,4907),(4785,2242,4908),(4786,2243,4909),(4787,2244,4910),(4788,2244,4911),(4789,2244,4912),(4790,2244,4913),(4791,2244,4914),(4792,2245,4915),(4793,2246,4916),(4794,2248,4917),(4795,2248,4918),(4796,2248,4919),(4797,2249,4920),(4798,2250,4921),(4799,2251,4922),(4800,2251,4923),(4801,2251,4924),(4802,2252,4925),(4803,2253,4926),(4804,2253,4927),(4805,2253,4928),(4806,2255,4929),(4807,2256,4930),(4808,2257,4931),(4809,2257,4932),(4810,2258,4933),(4811,2258,4934),(4812,2259,4935),(4813,2260,4936),(4814,2261,4937),(4815,2262,4938),(4816,2263,4939),(4817,2264,4940),(4820,2265,4868),(4819,2265,4869),(4822,2265,4871),(4818,2265,4872),(4821,2265,4873),(4823,2265,4874),(4824,2265,4875),(4825,2266,4948),(4826,2267,4949),(4827,2267,4950),(4828,2267,4951),(4829,2268,4952),(4830,2269,4953),(4831,2270,4954),(4832,2271,4955),(4833,2271,4956),(4834,2272,4815),(4835,2273,4868),(4836,2273,4869),(4839,2273,4870),(4841,2273,4871),(4837,2273,4872),(4838,2273,4873),(4840,2273,4874),(4842,2273,4875),(4843,2274,4966),(4844,2274,4967),(4845,2275,4968),(4846,2276,4969),(4847,2276,4970),(4848,2277,4971),(4849,2278,4972),(4850,2278,4973),(4851,2278,4974),(4852,2279,4975),(4853,2279,4976),(4854,2279,4977),(4855,2279,4978),(4856,2280,4979),(4857,2280,4980),(4858,2280,4981),(4859,2280,4982),(4860,2280,4983),(4861,2280,4984),(4862,2280,4985),(4863,2281,4986),(4864,2282,4987),(4865,2282,4988),(4866,2282,4989),(4867,2283,4990),(4868,2285,4991),(4869,2285,4992),(4870,2286,4993),(4871,2287,4994),(4872,2288,4995),(4873,2289,4996),(4874,2290,4997),(4875,2291,4383),(4876,2292,4999),(4877,2292,5000),(4878,2292,5001),(4879,2292,5002),(4880,2292,5003),(4881,2293,5004),(4882,2297,5005),(4883,2297,5006),(4884,2297,5007),(4885,2298,5008),(4886,2298,5009),(4887,2298,5010),(4888,2299,5011),(4889,2299,5012),(4890,2299,5013),(4891,2299,5014),(4892,2299,5015),(4893,2299,5016),(4894,2299,5017),(4895,2299,5018),(4896,2299,5019),(4897,2299,5020),(4898,2302,5021),(4899,2303,5022),(4900,2304,5023),(4901,2305,5024),(4902,2305,5025),(4903,2306,5026),(4904,2307,5027),(4905,2307,5028),(4906,2308,5029),(4907,2308,5030),(4908,2309,5016),(4909,2310,5032),(4910,2312,5033),(4911,2312,5034),(4912,2313,5035),(4913,2313,5036),(4914,2313,5037),(4915,2313,5038),(4916,2313,5039),(4917,2314,5040),(4918,2315,5041),(4919,2316,5042),(4920,2316,5043),(4921,2317,5044),(4922,2317,5045),(4923,2318,5046),(4924,2319,5047),(4925,2319,5048),(4926,2320,5049),(4927,2321,5050),(4928,2323,5051),(4929,2324,5052),(4930,2325,5053),(4931,2326,5054),(4932,2327,5055),(4933,2328,5056),(4934,2330,5057),(4935,2330,5058),(4936,2330,5059),(4937,2330,5060),(4938,2331,5061),(4939,2333,5062),(4940,2334,5063),(4941,2337,5064),(4942,2337,5065),(4943,2338,5066),(4944,2339,5067),(4945,2339,5068),(4946,2340,5069),(4947,2341,5070),(4948,2343,5071),(4949,2343,5072),(4950,2344,5073),(4951,2344,5074),(4952,2344,5075),(4953,2344,5076),(4954,2344,5077),(4955,2344,5078),(4956,2344,5079),(4957,2344,5080),(4958,2344,5081),(4959,2345,5082),(4960,2345,5083),(4961,2345,5084),(4962,2347,5085),(4963,2347,5086),(4964,2347,5087),(4965,2348,5088),(4966,2349,5089),(4967,2351,5090),(4968,2353,5091),(4969,2354,5092),(4970,2355,5093),(4971,2356,5094),(4972,2356,5095),(4973,2356,5096),(4974,2357,5097),(4975,2358,5098),(4976,2358,5099),(4977,2359,5100),(4978,2360,5101),(4979,2363,5102),(4980,2363,5103),(4981,2363,5104),(4982,2365,5105),(4983,2365,5106),(4984,2366,5107),(4985,2366,5108),(4986,2367,5109),(4987,2367,5110),(4988,2368,5111),(4989,2368,5112),(4990,2369,5113),(4991,2369,5114),(4992,2369,5115),(4993,2369,5116),(4994,2370,5117),(4995,2371,5118),(4996,2371,5119),(4997,2371,5120),(4998,2371,5121),(4999,2372,5122),(5000,2372,5123),(5001,2373,5124),(5002,2374,5125),(5003,2375,5126),(5004,2375,5127),(5005,2376,5128),(5006,2378,5129),(5007,2380,4999),(5008,2380,5000),(5009,2380,5001),(5010,2380,5002),(5011,2380,5003),(5013,2381,4999),(5014,2381,5000),(5015,2381,5001),(5016,2381,5002),(5017,2381,5003),(5012,2381,5135),(5018,2382,5141),(5019,2382,5142),(5020,2382,5143),(5021,2383,5144),(5022,2383,5145),(5023,2384,5146),(5024,2385,5147),(5025,2385,5148),(5026,2385,5149),(5027,2385,5150),(5028,2385,5151),(5029,2385,5152),(5030,2385,5153),(5031,2385,5154),(5032,2385,5155),(5033,2385,5156),(5034,2385,5157),(5035,2385,5158),(5036,2385,5159),(5037,2385,5160),(5038,2385,5161),(5039,2385,5162),(5040,2385,5163),(5041,2385,5164),(5042,2385,5165),(5043,2385,5166),(5044,2385,5167),(5045,2385,5168),(5046,2386,5169),(5047,2387,5170),(5048,2388,5171),(5049,2389,5172),(5050,2390,5173),(5051,2391,5174),(5052,2391,5175),(5053,2392,5176),(5054,2392,5177),(5055,2392,5178),(5056,2393,5179),(5057,2393,5180),(5058,2394,5181),(5059,2395,5182),(5060,2396,5183),(5061,2397,5184),(5062,2398,5185),(5063,2398,5186),(5064,2398,5187),(5065,2399,5188),(5066,2399,5189),(5067,2399,5190),(5068,2399,5191),(5069,2399,5192),(5070,2401,5193),(5071,2402,5194),(5072,2403,5195),(5073,2403,5196),(5074,2404,5197),(5075,2404,5198),(5076,2405,5199),(5077,2406,5200),(5078,2407,5201),(5079,2407,5202),(5080,2408,5203),(5081,2409,5204),(5082,2410,4815),(5083,2410,5206),(5084,2411,5023),(5085,2413,5208),(5086,2413,5209),(5087,2414,5210),(5088,2414,5211),(5089,2415,5212),(5090,2416,5213),(5091,2417,5214),(5092,2418,5215),(5093,2419,5216),(5094,2420,5217),(5095,2421,5218),(5096,2422,5219),(5097,2422,5220),(5098,2422,5221),(5099,2423,5222),(5100,2423,5223),(5101,2424,5224),(5102,2424,5225),(5103,2425,5226),(5104,2425,5227),(5105,2426,5228),(5106,2426,5229),(5107,2427,5230),(5108,2427,5231),(5109,2428,5232),(5110,2429,5233),(5111,2429,5234),(5112,2429,5235),(5113,2430,5236),(5114,2431,5237),(5115,2431,5238),(5116,2431,5239),(5117,2432,5240),(5118,2432,5241),(5119,2432,5242),(5120,2433,5243),(5121,2433,5244),(5122,2433,5245),(5123,2433,5246),(5124,2433,5247),(5125,2434,5248),(5126,2434,5249),(5127,2435,5250),(5128,2437,5251),(5129,2438,5252),(5130,2439,5253),(5131,2440,5254),(5132,2441,5255),(5133,2442,5256),(5134,2443,5257),(5135,2444,5258),(5136,2445,5259),(5137,2446,5260),(5138,2446,5261),(5139,2447,5262),(5140,2448,5263),(5141,2449,5264),(5142,2450,5265),(5143,2451,5266),(5144,2451,5267),(5145,2452,5268),(5146,2453,5269),(5147,2453,5270),(5148,2454,5271),(5149,2458,5272),(5150,2458,5273),(5151,2458,5274),(5152,2458,5275),(5153,2458,5276),(5154,2459,5277),(5155,2462,5278),(5156,2462,5279),(5157,2462,5280),(5158,2462,5281),(5159,2463,5282),(5160,2464,5283),(5161,2464,5284),(5162,2465,5285),(5163,2467,5286),(5164,2467,5287),(5165,2468,5288),(5166,2470,5289),(5167,2472,5290),(5168,2505,5291);
/*!40000 ALTER TABLE `icscert_cve` ENABLE KEYS */;
UNLOCK TABLES;

--
-- Temporary table structure for view `icscert_instances`
--

DROP TABLE IF EXISTS `icscert_instances`;
/*!50001 DROP VIEW IF EXISTS `icscert_instances`*/;
SET @saved_cs_client     = @@character_set_client;
SET character_set_client = utf8;
/*!50001 CREATE VIEW `icscert_instances` AS SELECT 
 1 AS `icscert`,
 1 AS `quantity`*/;
SET character_set_client = @saved_cs_client;

--
-- Table structure for table `icscert_product`
--

DROP TABLE IF EXISTS `icscert_product`;
/*!40101 SET @saved_cs_client     = @@character_set_client */;
/*!40101 SET character_set_client = utf8 */;
CREATE TABLE `icscert_product` (
  `id_icscert_product` int(11) NOT NULL AUTO_INCREMENT,
  `id_icscert` smallint(5) unsigned NOT NULL,
  `id_product` smallint(5) unsigned NOT NULL,
  PRIMARY KEY (`id_icscert_product`),
  UNIQUE KEY `UQ_icscert_product__id_icscert__id_product` (`id_icscert`,`id_product`),
  KEY `FK_icscert_product__id_product` (`id_product`),
  CONSTRAINT `FK_icscert_product__id_icscert` FOREIGN KEY (`id_icscert`) REFERENCES `icscert` (`id`),
  CONSTRAINT `FK_icscert_product__id_product` FOREIGN KEY (`id_product`) REFERENCES `product` (`id`)
) ENGINE=InnoDB AUTO_INCREMENT=2341 DEFAULT CHARSET=utf8;
/*!40101 SET character_set_client = @saved_cs_client */;

--
-- Dumping data for table `icscert_product`
--

LOCK TABLES `icscert_product` WRITE;
/*!40000 ALTER TABLE `icscert_product` DISABLE KEYS */;
INSERT INTO `icscert_product` VALUES (1871,1962,1925),(1872,1963,1926),(1873,1964,1927),(1874,1965,1928),(1875,1966,1929),(1876,1967,1930),(1877,1968,1931),(1878,1969,1932),(1879,1970,1933),(1880,1971,1934),(1881,1972,1935),(1882,1973,1936),(1883,1974,1937),(1884,1975,1938),(1885,1976,1939),(1886,1977,1940),(1887,1978,1941),(1888,1979,1942),(1889,1980,1943),(1890,1981,1944),(1891,1982,1945),(1892,1983,1946),(1893,1984,1947),(1894,1985,1948),(1895,1986,1949),(1896,1987,1950),(1897,1988,1951),(1898,1989,1952),(1899,1990,1953),(1900,1991,1954),(1901,1992,1955),(1902,1993,1956),(1903,1994,1957),(1904,1995,1958),(1905,1996,1959),(1906,1997,1960),(1907,1998,1961),(1908,1999,1962),(1909,2000,1963),(1910,2001,1964),(1911,2002,1965),(1912,2003,1966),(1913,2004,1967),(1914,2005,1968),(1915,2006,1969),(1916,2007,1970),(1917,2008,1971),(1918,2009,1972),(1919,2010,1973),(1920,2011,1974),(1921,2012,1975),(1922,2013,1976),(1923,2014,1977),(1924,2015,1978),(1925,2016,1951),(1926,2017,1980),(1927,2018,1981),(1928,2019,1982),(1929,2020,1983),(1930,2021,1984),(1931,2022,1985),(1932,2023,1986),(1933,2024,1987),(1934,2025,1988),(1935,2026,1989),(1936,2027,1990),(1937,2028,1991),(1938,2029,1992),(1939,2030,1993),(1940,2031,1994),(1941,2032,1995),(1942,2033,1996),(1943,2034,1997),(1944,2035,1998),(1945,2037,1999),(1946,2038,2000),(1947,2039,2001),(1948,2040,2002),(1949,2041,1964),(1950,2042,2004),(1951,2043,2005),(1952,2044,2006),(1953,2045,2007),(1954,2046,2008),(1955,2047,2009),(1956,2048,1972),(1957,2049,2011),(1958,2050,2012),(1959,2051,2013),(1960,2052,2014),(1961,2053,2015),(1962,2054,2016),(1963,2055,2017),(1964,2056,2018),(1965,2057,2019),(1966,2058,1980),(1967,2059,2021),(1968,2060,2022),(1969,2061,2023),(1970,2062,1964),(1971,2063,2025),(1972,2064,2026),(1973,2065,2027),(1974,2066,2028),(1975,2067,2029),(1976,2068,2030),(1977,2069,2031),(1978,2070,1985),(1979,2071,2033),(1980,2072,2034),(1981,2073,2035),(1982,2075,2036),(1983,2076,2037),(1984,2077,2038),(1985,2078,2039),(1986,2079,2040),(1987,2080,2041),(1988,2081,2042),(1989,2082,2043),(1990,2083,2044),(1991,2084,2045),(1992,2085,2046),(1993,2086,2047),(1994,2087,2048),(1995,2088,2049),(1996,2089,2050),(1997,2090,2051),(1998,2091,2052),(1999,2092,2053),(2000,2093,2054),(2001,2094,1992),(2002,2095,2056),(2003,2096,2057),(2004,2097,2058),(2005,2098,2059),(2006,2099,2060),(2007,2100,2061),(2008,2101,2061),(2009,2102,2063),(2010,2103,2064),(2011,2104,2007),(2012,2105,1972),(2013,2106,2067),(2014,2107,2068),(2015,2108,2069),(2016,2109,2070),(2017,2110,1941),(2018,2111,2072),(2019,2112,2073),(2020,2113,2074),(2021,2114,2075),(2022,2115,2076),(2023,2116,2077),(2024,2117,2078),(2025,2118,2079),(2026,2119,2080),(2027,2120,1945),(2028,2121,2082),(2029,2123,2083),(2030,2124,2084),(2031,2125,2085),(2032,2126,2086),(2033,2127,1975),(2034,2128,2088),(2035,2129,2089),(2036,2130,2090),(2037,2131,2091),(2038,2132,2092),(2039,2133,2093),(2040,2134,2094),(2041,2135,2095),(2042,2136,2096),(2043,2137,2097),(2044,2138,2098),(2045,2140,2044),(2046,2141,2100),(2047,2142,2101),(2048,2143,2102),(2049,2144,2103),(2050,2145,2104),(2051,2146,2105),(2052,2148,2106),(2053,2149,2107),(2054,2150,2108),(2055,2151,2109),(2056,2152,2110),(2057,2153,2111),(2058,2154,2112),(2059,2155,2113),(2060,2156,2114),(2061,2157,2115),(2062,2158,2116),(2063,2159,2117),(2064,2160,1994),(2065,2161,2119),(2066,2162,2120),(2067,2163,2121),(2068,2164,2122),(2069,2165,2123),(2070,2166,2124),(2071,2167,2125),(2072,2168,2126),(2073,2170,2127),(2074,2171,2128),(2075,2172,2129),(2076,2173,2130),(2077,2174,2113),(2078,2175,2132),(2079,2176,2133),(2080,2177,2134),(2081,2178,2135),(2082,2179,2136),(2083,2180,2094),(2084,2181,2138),(2085,2182,2139),(2086,2183,2140),(2087,2184,2141),(2088,2185,2142),(2089,2186,2143),(2090,2187,2144),(2091,2188,2145),(2092,2189,2146),(2093,2190,2147),(2094,2191,2148),(2095,2192,2149),(2096,2193,2150),(2097,2194,2151),(2098,2195,2069),(2099,2196,2061),(2100,2197,2154),(2101,2198,2155),(2102,2199,2156),(2103,2200,2157),(2104,2201,2158),(2105,2202,2159),(2106,2203,2160),(2107,2204,2161),(2108,2205,2162),(2109,2206,2163),(2110,2207,2164),(2111,2209,2165),(2112,2210,2166),(2113,2211,2167),(2114,2212,2168),(2115,2213,2169),(2116,2214,2022),(2117,2215,2171),(2118,2216,2172),(2119,2217,2173),(2120,2218,2174),(2121,2219,2175),(2122,2220,2176),(2123,2221,2177),(2124,2222,2039),(2125,2224,2179),(2126,2225,1972),(2127,2226,2181),(2128,2228,2182),(2129,2229,2027),(2130,2230,2184),(2131,2231,2185),(2132,2232,2186),(2133,2233,2187),(2134,2234,2188),(2135,2235,2189),(2136,2236,2190),(2137,2237,2007),(2138,2238,2192),(2139,2239,1984),(2140,2240,2194),(2141,2242,2195),(2142,2243,2196),(2143,2244,2197),(2144,2245,2198),(2145,2246,2199),(2146,2248,2200),(2147,2249,2141),(2148,2250,2202),(2149,2251,2203),(2150,2252,2204),(2151,2253,2205),(2152,2255,2206),(2153,2256,2207),(2154,2257,2208),(2155,2258,2209),(2156,2259,2210),(2157,2260,2211),(2158,2261,2212),(2159,2262,2022),(2160,2263,2214),(2161,2264,2215),(2162,2265,2216),(2163,2266,2217),(2164,2267,2218),(2165,2268,2219),(2166,2269,2220),(2167,2270,2022),(2168,2271,1964),(2169,2272,2109),(2170,2273,2224),(2171,2274,2225),(2172,2275,2179),(2173,2276,2004),(2174,2277,2228),(2175,2278,2229),(2176,2279,2230),(2177,2280,2061),(2178,2281,2232),(2179,2282,2233),(2180,2283,2234),(2181,2285,2235),(2182,2286,1937),(2183,2287,2237),(2184,2288,2238),(2185,2289,2239),(2186,2290,2240),(2187,2291,2109),(2188,2292,2242),(2189,2293,2243),(2190,2297,2244),(2191,2298,2245),(2192,2299,2246),(2193,2302,2247),(2194,2303,2171),(2195,2304,2249),(2196,2305,2061),(2197,2306,2251),(2198,2307,2252),(2199,2308,2253),(2200,2309,2254),(2201,2310,2255),(2202,2312,2256),(2203,2313,2257),(2204,2314,2225),(2205,2315,2259),(2206,2316,2260),(2207,2317,2261),(2208,2318,2262),(2209,2319,2263),(2210,2320,2264),(2211,2321,2265),(2212,2323,2266),(2213,2324,2171),(2214,2325,2268),(2215,2326,2269),(2216,2327,2040),(2217,2328,2271),(2218,2330,2272),(2219,2331,2273),(2220,2333,2274),(2221,2334,2275),(2222,2337,2276),(2223,2338,2277),(2224,2339,2278),(2225,2340,2022),(2226,2341,2280),(2227,2343,2281),(2228,2344,2061),(2229,2345,2283),(2230,2347,2284),(2231,2348,2285),(2232,2349,2274),(2233,2351,2287),(2234,2353,2288),(2235,2354,2289),(2236,2355,2290),(2237,2356,2291),(2238,2357,2292),(2239,2358,2293),(2240,2359,2294),(2241,2360,2017),(2242,2363,2296),(2243,2364,2297),(2244,2365,2298),(2245,2366,2299),(2246,2367,2300),(2247,2368,2022),(2248,2369,2302),(2249,2370,2303),(2250,2371,2304),(2251,2372,2305),(2252,2373,2306),(2253,2374,2090),(2254,2375,2308),(2255,2376,2309),(2256,2377,2310),(2257,2378,2311),(2258,2380,2312),(2259,2381,2313),(2260,2382,2314),(2261,2383,2315),(2262,2384,2316),(2263,2385,2136),(2264,2386,2318),(2265,2387,2319),(2266,2388,2320),(2267,2389,2321),(2268,2390,2235),(2269,2391,2323),(2270,2392,2252),(2271,2393,2325),(2272,2394,2326),(2273,2395,2327),(2274,2396,2328),(2275,2397,2329),(2276,2398,2330),(2277,2399,2331),(2278,2401,2332),(2279,2402,2333),(2280,2403,2334),(2281,2404,2335),(2282,2405,2336),(2283,2406,2337),(2284,2407,2217),(2285,2408,2339),(2286,2409,2340),(2287,2410,2340),(2288,2411,2342),(2289,2413,2343),(2290,2414,2344),(2291,2415,2061),(2292,2416,2346),(2293,2417,2347),(2294,2418,2348),(2295,2419,2349),(2296,2420,2350),(2297,2421,2351),(2298,2422,2352),(2299,2423,2353),(2300,2424,2354),(2301,2425,2355),(2302,2426,2356),(2303,2427,2357),(2304,2428,2358),(2305,2429,2359),(2306,2430,2360),(2307,2431,2361),(2308,2432,2362),(2309,2433,2363),(2310,2434,2215),(2311,2435,1972),(2312,2437,2366),(2313,2438,2022),(2314,2439,1972),(2315,2440,2369),(2316,2441,2370),(2317,2442,2371),(2318,2443,2372),(2319,2444,2373),(2320,2445,2374),(2321,2446,2375),(2322,2447,2376),(2323,2448,2377),(2324,2449,2378),(2325,2450,2061),(2326,2451,2189),(2327,2452,2381),(2328,2453,2382),(2329,2454,2383),(2330,2458,2384),(2331,2459,2235),(2332,2462,2386),(2333,2463,2387),(2334,2464,2388),(2335,2465,2217),(2336,2467,2061),(2337,2468,2391),(2338,2470,2392),(2339,2472,2393),(2340,2505,2109);
/*!40000 ALTER TABLE `icscert_product` ENABLE KEYS */;
UNLOCK TABLES;

--
-- Table structure for table `patch`
--

DROP TABLE IF EXISTS `patch`;
/*!40101 SET @saved_cs_client     = @@character_set_client */;
/*!40101 SET character_set_client = utf8 */;
CREATE TABLE `patch` (
  `id` smallint(5) unsigned NOT NULL AUTO_INCREMENT,
  `patch` char(255) DEFAULT NULL,
  PRIMARY KEY (`id`),
  UNIQUE KEY `UC_patch` (`patch`)
) ENGINE=InnoDB AUTO_INCREMENT=670 DEFAULT CHARSET=utf8;
/*!40101 SET character_set_client = @saved_cs_client */;

--
-- Dumping data for table `patch`
--

LOCK TABLES `patch` WRITE;
/*!40000 ALTER TABLE `patch` DISABLE KEYS */;
INSERT INTO `patch` VALUES (117,'Default Patch Name');
/*!40000 ALTER TABLE `patch` ENABLE KEYS */;
UNLOCK TABLES;

--
-- Table structure for table `product`
--

DROP TABLE IF EXISTS `product`;
/*!40101 SET @saved_cs_client     = @@character_set_client */;
/*!40101 SET character_set_client = utf8 */;
CREATE TABLE `product` (
  `id` smallint(5) unsigned NOT NULL AUTO_INCREMENT,
  `name` char(255) DEFAULT NULL,
  `deviceYN` tinyint(4) DEFAULT NULL,
  `deviceType` smallint(5) unsigned NOT NULL,
  `deviceComment` text,
  `vendor` smallint(5) unsigned NOT NULL,
  PRIMARY KEY (`id`),
  KEY `fk_product_deviceType` (`deviceType`),
  KEY `fk_product_vendor` (`vendor`),
  CONSTRAINT `fk_product_deviceType` FOREIGN KEY (`deviceType`) REFERENCES `devicetype` (`id`),
  CONSTRAINT `fk_product_vendor` FOREIGN KEY (`vendor`) REFERENCES `vendor` (`id`)
) ENGINE=InnoDB AUTO_INCREMENT=2395 DEFAULT CHARSET=utf8;
/*!40101 SET character_set_client = @saved_cs_client */;

--
-- Dumping data for table `product`
--

LOCK TABLES `product` WRITE;
/*!40000 ALTER TABLE `product` DISABLE KEYS */;
INSERT INTO `product` VALUES (1925,'Control FPWIN Pro',0,1,'Device Comment',2080),(1926,'PLCNext AXC F 2152',0,1,'Device Comment',2081),(1927,'FL NAT SMx',0,1,'Device Comment',2081),(1928,'G-Cam and G-Code',0,1,'Device Comment',2083),(1929,'Vijeo Citect and CitectSCADA',0,1,'Device Comment',2084),(1930,'Ovation OCR400 Controller',0,1,'Device Comment',2085),(1931,'CBAS Web',0,1,'Device Comment',2086),(1932,'MELSEC-Q series Ethernet module',0,1,'Device Comment',2087),(1933,'Modicon M580, Modicon M340, Modicon Premium, and Modicon Quantum',0,1,'Device Comment',2088),(1934,'Alpha7 PC Loader',0,1,'Device Comment',2089),(1935,'Network Configurator for DeviceNet ',0,1,'Device Comment',2090),(1936,'SIMATIC WinCC and SIMATIC PCS 7',0,1,'Device Comment',2091),(1937,'LOGO! Soft Comfort',0,1,'Device Comment',2091),(1938,'LOGO!8 BM',0,1,'Device Comment',2091),(1939,'SINAMICS PERFECT HARMONY GH180 Drives NXG I and NXG II',0,1,'Device Comment',2091),(1940,'SINAMICS PERFECT HARMONY GH180 Fieldbus Network',0,1,'Device Comment',2091),(1941,'SCALANCE W1750D',0,1,'Device Comment',2091),(1942,'SIMATIC PCS 7, WinCC Runtime Professional, WinCC (TIA Portal)',0,1,'Device Comment',2091),(1943,'SIMATIC WinCC Runtime Advanced, WinCC Runtime Professional, WinCC (TIA Portal), HMI Panels',0,1,'Device Comment',2091),(1944,'SiteOmat',0,1,'Device Comment',2099),(1945,'Communicator',0,1,'Device Comment',2100),(1946,'AirLink ALEOS',0,1,'Device Comment',2101),(1947,'Tasy EMR',0,1,'Device Comment',2102),(1948,'CompactLogix 5370',0,1,'Device Comment',2103),(1949,'FCR Capsula X/Carbon X',0,1,'Device Comment',2104),(1950,'MicroLogix 1400 and CompactLogix 5370 Controllers',0,1,'Device Comment',2103),(1951,'Delta Industrial Automation CNCSoft',0,1,'Device Comment',2106),(1952,'Series 750-88x and 750-87x',0,1,'Device Comment',2107),(1953,'Programmable Logic Controllers',0,1,'Device Comment',2108),(1954,'SIMOCODE pro V EIP',0,1,'Device Comment',2091),(1955,'Spectrum Power 4.7',0,1,'Device Comment',2091),(1956,'SIMATIC, SINEC-NMS, SINEMA, SINEMURIK Industrial Control Products with OPC UA',0,1,'Device Comment',2091),(1957,'SINEMA Remote Connect (Client and Server)',0,1,'Device Comment',2091),(1958,'RUGGEDCOM ROX II',0,1,'Device Comment',2091),(1959,'CP, SIMATIC, SIMOCODE, SINAMICS, SITOP, and TIM',0,1,'Device Comment',2091),(1960,'CX-Programmer within CX-One',0,1,'Device Comment',2090),(1961,'Stratix 5400/5410/5700, ArmorStratix 5700',0,1,'Device Comment',2103),(1962,'Stratix 5400/5410/5700/8000/8300, ArmorStratix 5700',0,1,'Device Comment',2103),(1963,'Stratix 5950',0,1,'Device Comment',2103),(1964,'WebAccess/SCADA',0,1,'Device Comment',2119),(1965,'PowerFlex 525 AC Drives',0,1,'Device Comment',2103),(1966,'SCALANCE X',0,1,'Device Comment',2091),(1967,'RAD-80211-XD',0,1,'Device Comment',2081),(1968,'Datagate MK2, Storm 24, Pixelator',0,1,'Device Comment',2123),(1969,'MyCareLink Monitor, CareLink Monitor, CareLink 2090 Programmer, specific Medtronic implanted cardiac devices listed below',0,1,'Device Comment',2124),(1970,'InduSoft Web Studio, InTouch Edge HMI',0,1,'Device Comment',2084),(1971,'Weather MicroServer',0,1,'Device Comment',2126),(1972,'LAquis SCADA',0,1,'Device Comment',2127),(1973,'Sentinel UltraPro',0,1,'Device Comment',2128),(1974,'WirelessHART-Gateways',0,1,'Device Comment',2129),(1975,'RSLinx Classic',0,1,'Device Comment',2103),(1976,'Telecontrol Gateway and Smart Telecontrol Unit family, IEC104 Security Proxy',0,1,'Device Comment',2131),(1977,'IKS, EDS',0,1,'Device Comment',2132),(1978,'Data Center Manager SDK',0,1,'Device Comment',2133),(1979,'Delta Industrial Automation CNCSoft',0,1,'Device Comment',2106),(1980,'Cscape',0,1,'Device Comment',2135),(1981,'Allen-Bradley PowerMonitor 1000',0,1,'Device Comment',2103),(1982,'Internet FAX Analog Telephone Adapter (ATA)',0,1,'Device Comment',2137),(1983,'gpsd, microjson',0,1,'Device Comment',2138),(1984,'PI Vision',0,1,'Device Comment',2139),(1985,'EN100 Ethernet Communication Module and SIPROTEC 5 Relays',0,1,'Device Comment',2091),(1986,'WibuKey Digital Rights Management (DRM)',0,1,'Device Comment',2141),(1987,'SIMATIC S7-300 CPU',0,1,'Device Comment',2091),(1988,'Intel Active Management Technology (AMT) of SIMATIC IPCs',0,1,'Device Comment',2091),(1989,'CP1604 and CP1616',0,1,'Device Comment',2091),(1990,'SICAM A8000 RTU',0,1,'Device Comment',2091),(1991,'EN100 Ethernet module',0,1,'Device Comment',2091),(1992,'InduSoft Web Studio and InTouch Edge HMI (formerly InTouch Machine Edition)',0,1,'Device Comment',2147),(1993,'EtherNet/IP Web Server Modules',0,1,'Device Comment',2103),(1994,'LeviStudioU',0,1,'Device Comment',2149),(1995,'SIMATIC S7-1500 CPU',0,1,'Device Comment',2091),(1996,'PR100088 Modbus gateway',0,1,'Device Comment',2151),(1997,'PremiSys',0,1,'Device Comment',2152),(1998,'EVLink Parking',0,1,'Device Comment',2088),(1999,'FACSLyric',0,1,'Device Comment',2154),(2000,'License Manager Service',0,1,'Device Comment',2155),(2001,'MELSEC-Q series PLCs',0,1,'Device Comment',2087),(2002,'Wonderware System Platform',0,1,'Device Comment',2084),(2003,'WebAccess/SCADA',0,1,'Device Comment',2119),(2004,'FL SWITCH',0,1,'Device Comment',2081),(2005,'Infinity Delta ',0,1,'Device Comment',2160),(2006,'Facility Explorer',0,1,'Device Comment',2161),(2007,'CX-Supervisor',0,1,'Device Comment',2162),(2008,'CP400 Panel Builder TextEditor 2.0',0,1,'Device Comment',2163),(2009,'X-320M',0,1,'Device Comment',2164),(2010,'LAquis SCADA',0,1,'Device Comment',2165),(2011,'DeltaV Distributed Control System Workstations',0,1,'Device Comment',2085),(2012,'CX-Protocol within CX-One',0,1,'Device Comment',2090),(2013,'PNOZmulti Configurator',0,1,'Device Comment',2168),(2014,'Niagara Enterprise Security, Niagara AX, and Niagara 4',0,1,'Device Comment',2169),(2015,'Zelio Soft 2',0,1,'Device Comment',2088),(2016,'IIoT Monitor',0,1,'Device Comment',2088),(2017,'Pro-face GP-Pro EX',0,1,'Device Comment',2088),(2018,'Vnet/IP Open Communication Driver',0,1,'Device Comment',2155),(2019,'Nova-M',0,1,'Device Comment',2174),(2020,'Cscape',0,1,'Device Comment',2135),(2021,'EcoStruxure',0,1,'Device Comment',2088),(2022,'Inconnu',0,1,'Device Comment',2177),(2023,'GATE-E2',0,1,'Device Comment',2163),(2024,'WebAccess/SCADA',0,1,'Device Comment',2119),(2025,'CODESYS Control V3 products',0,1,'Device Comment',2180),(2026,'CODESYS V3 products',0,1,'Device Comment',2180),(2027,'TIM 1531 IRC',0,1,'Device Comment',2091),(2028,'CMS-770',0,1,'Device Comment',2163),(2029,'M2M ETHERNET',0,1,'Device Comment',2163),(2030,'9790 CareLink Programmer, 2090 CareLink Programmer, 29901 Encore Programmer',0,1,'Device Comment',2124),(2031,'Eurotherm by Schneider Electric GUIcon',0,1,'Device Comment',2088),(2032,'EN100 Ethernet Communication Module and SIPROTEC 5 relays',0,1,'Device Comment',2091),(2033,'E2 Camera Series',0,1,'Device Comment',2188),(2034,'Mark VIe, EX2100e, EX2100e_Reg, and LS2100e ',0,1,'Device Comment',2189),(2035,'SINAMICS PERFECT HARMONY GH180',0,1,'Device Comment',2190),(2036,'Philips HealthSuite Health Android App',0,1,'Device Comment',2102),(2037,'Proficy GDS',0,1,'Device Comment',2192),(2038,'MicroLogix 1400 Controllers and 1756 ControlLogix Communications Modules',0,1,'Device Comment',2103),(2039,'CX-One',0,1,'Device Comment',2090),(2040,'SCADA WebServer',0,1,'Device Comment',2195),(2041,'VT-Designer',0,1,'Device Comment',2196),(2042,'Vijeo Citect, Citect SCADA',0,1,'Device Comment',2147),(2043,'Sherlock',0,1,'Device Comment',2198),(2044,'Modicon M221',0,1,'Device Comment',2088),(2045,'IEC 61850 system configurator, DIGSI 5, DIGSI 4, SICAM PAS/PQS, SICAM PQ Analyzer, and SICAM SCC',0,1,'Device Comment',2091),(2046,'S7-400 CPUs',0,1,'Device Comment',2091),(2047,'SIMATIC Panels and SIMATIC WinCC (TIA Portal)',0,1,'Device Comment',2091),(2048,'SCALANCE S',0,1,'Device Comment',2091),(2049,'SIMATIC S7',0,1,'Device Comment',2091),(2050,'SIMATIC STEP 7 (TIA Portal)',0,1,'Device Comment',2091),(2051,'SIMATIC IT Production Suite',0,1,'Device Comment',2091),(2052,'SIMATIC Panels',0,1,'Device Comment',2091),(2053,'iSite and IntelliSpace PACS',0,1,'Device Comment',2102),(2054,'Accu-Chek Inform II, CoaguChek Pro II/XS Plus/XS Pro, cobas h 232 POC handheld medical devices',0,1,'Device Comment',2209),(2055,'InduSoft Web Studio and InTouch Edge HMI (formerly InTouch Machine Edition)',0,1,'Device Comment',2210),(2056,'Software Update (SESU)',0,1,'Device Comment',2088),(2057,'CirCarLife',0,1,'Device Comment',2212),(2058,'CASE Suite',0,1,'Device Comment',2213),(2059,'CT50-Ex',0,1,'Device Comment',2129),(2060,'Reliance 4 SCADA/HMI',0,1,'Device Comment',2215),(2061,'WebAccess',0,1,'Device Comment',2119),(2062,'WebAccess',0,1,'Device Comment',2119),(2063,'SAGA1-L series ',0,1,'Device Comment',2218),(2064,'F25 Series',0,1,'Device Comment',2219),(2065,'CX-Supervisor',0,1,'Device Comment',2090),(2066,'LAquis SCADA',0,1,'Device Comment',2221),(2067,'NVRmini2, NVRsolo',0,1,'Device Comment',2222),(2068,'CMS',0,1,'Device Comment',2222),(2069,'Delta Industrial Automation TPEditor',0,1,'Device Comment',2224),(2070,'Gigasoft component of iFix',0,1,'Device Comment',2189),(2071,'SCALANCE W1750D',0,1,'Device Comment',2091),(2072,'ROX II',0,1,'Device Comment',2091),(2073,'SIMATIC S7-1200 CPU Family Version 4',0,1,'Device Comment',2091),(2074,'SIMATIC S7-1500, SIMATIC S7-1500 Software Controller and SIMATIC ET 200SP Open Controller',0,1,'Device Comment',2091),(2075,'XMeye P2P Cloud Server',0,1,'Device Comment',2230),(2076,'Fuji Electric Energy Savings Estimator',0,1,'Device Comment',2089),(2077,'Carestream Vue RIS',0,1,'Device Comment',2232),(2078,'PeerVue Web Server',0,1,'Device Comment',2233),(2079,'PI Studio',0,1,'Device Comment',2234),(2080,'ISPSoft',0,1,'Device Comment',2224),(2081,'Communicator',0,1,'Device Comment',2189),(2082,'EMG 12',0,1,'Device Comment',2237),(2083,'Alpha5 Smart Loader',0,1,'Device Comment',2089),(2084,'FRENIC Loader, FRENIC-Mini (C1), FRENIC-Mini (C2), FRENIC-Eco, FRENIC-Multi, FRENIC-MEGA, FRENIC-Ace',0,1,'Device Comment',2089),(2085,'Delta Industrial Automation PMSoft',0,1,'Device Comment',2224),(2086,'SmartCooler',0,1,'Device Comment',2241),(2087,'RSLinx Classic',0,1,'Device Comment',2103),(2088,'PLC Editor',0,1,'Device Comment',2243),(2089,'Mobile Computers',0,1,'Device Comment',2244),(2090,'V-Server',0,1,'Device Comment',2089),(2091,'V-Server Lite',0,1,'Device Comment',2089),(2092,'TD Keypad Designer',0,1,'Device Comment',2091),(2093,'SIMATIC WinCC OA',0,1,'Device Comment',2091),(2094,'SCALANCE X Switches',0,1,'Device Comment',2091),(2095,'Thermal Management Center',0,1,'Device Comment',2250),(2096,'PAC Control Basic and PAC Control Professional',0,1,'Device Comment',2251),(2097,'Philips e-Alert Unit (non-medical device)',0,1,'Device Comment',2102),(2098,'Capsule Datacaptor Terminal Server (DTS)',0,1,'Device Comment',2253),(2099,'Modicon M221',0,1,'Device Comment',2088),(2100,'PowerLogic PM5560',0,1,'Device Comment',2088),(2101,'eSOMS',0,1,'Device Comment',2163),(2102,'Alaris GS, Alaris GH, Alaris CC, Alaris TIVA',0,1,'Device Comment',2154),(2103,'Philips IntelliVue Information Center iX',0,1,'Device Comment',2102),(2104,'iDefine, STARDOM, ASTPLANNER, and TriFellows',0,1,'Device Comment',2155),(2105,'PageWriter TC10, TC20, TC30, TC50, TC70 Cardiographs',0,1,'Device Comment',2102),(2106,'Niagara',0,1,'Device Comment',2169),(2107,'Philips’ IntelliSpace Cardiovascular (ISCV) products',0,1,'Device Comment',2102),(2108,'SIMATIC STEP 7 (TIA Portal) and SIMATIC WinCC (TIA Portal)',0,1,'Device Comment',2091),(2109,'Industrial Products',0,1,'Device Comment',2091),(2110,'Automation License Manager',0,1,'Device Comment',2091),(2111,'TSW-X60 and MC3',0,1,'Device Comment',2266),(2112,'4G LTE Light Industrial M2M Router',0,1,'Device Comment',2267),(2113,'MyCareLink Patient Monitor',0,1,'Device Comment',2124),(2114,'MiniMed 508 Insulin Pump',0,1,'Device Comment',2124),(2115,'CNCSoft and ScreenEditor',0,1,'Device Comment',2270),(2116,'DVW-3200N',0,1,'Device Comment',2271),(2117,'Metasys and BCPro',0,1,'Device Comment',2161),(2118,'LeviStudioU',0,1,'Device Comment',2273),(2119,'InTouch Access Anywhere',0,1,'Device Comment',2147),(2120,'Wonderware License Server',0,1,'Device Comment',2147),(2121,'InduSoft Web Studio and InTouch Machine Edition',0,1,'Device Comment',2147),(2122,'InTouch',0,1,'Device Comment',2210),(2123,'SmartServer 1, SmartServer 2, i.LON 100, i.LON 600',0,1,'Device Comment',2278),(2124,'NPort 5210, 5230, 5232',0,1,'Device Comment',2132),(2125,'Panel Builder 800',0,1,'Device Comment',2163),(2126,'e!DISPLAY Web-Based-Management (WBM)',0,1,'Device Comment',2107),(2127,'9000X Drive',0,1,'Device Comment',2282),(2128,'Robot Controllers',0,1,'Device Comment',2283),(2129,'Compass and AcSELerator Architect',0,1,'Device Comment',2284),(2130,'Allen-Bradley Stratix 5950',0,1,'Device Comment',2103),(2131,'MyCareLink Patient Monitor',0,1,'Device Comment',2286),(2132,'Delta Industrial Automation COMMGR',0,1,'Device Comment',2270),(2133,'Allen-Bradley CompactLogix and Compact GuardLogix',0,1,'Device Comment',2288),(2134,'Natus Xltek NeuroWorks software',0,1,'Device Comment',2289),(2135,'SCALANCE X switches, RUGGEDCOM WiMAX, RFID 181-EIP, and SIMATIC RF182C',0,1,'Device Comment',2091),(2136,'U.motion Builder',0,1,'Device Comment',2088),(2137,'SCALANCE X switches',0,1,'Device Comment',2091),(2138,'RSLinx Classic and FactoryTalk Linx Gateway',0,1,'Device Comment',2103),(2139,'IntelliVue Patient Monitors, Avalon Fetal/Maternal Monitors',0,1,'Device Comment',2102),(2140,'IP Gateway',0,1,'Device Comment',2163),(2141,'Delta Industrial Automation DOPSoft',0,1,'Device Comment',2224),(2142,'MDS PulseNET and MDS PulseNET Enterprise',0,1,'Device Comment',2189),(2143,'STARDOM Controllers',0,1,'Device Comment',2155),(2144,'TotalAlert Scroll Medical Air Systems web application',0,1,'Device Comment',2299),(2145,'Floating License Manager',0,1,'Device Comment',2088),(2146,'BD Kiestra and InoqulA systems',0,1,'Device Comment',2154),(2147,'TELEM-GW6/GWM',0,1,'Device Comment',2302),(2148,'N’Vision Clinician Programmer',0,1,'Device Comment',2124),(2149,'PACSystems CPE305/310, CPE330, CPE400, RSTi-EP CPE 100, CPU320/CRU320, RXi',0,1,'Device Comment',2189),(2150,'FL SWITCH 3xxx/4xxx/48xx Series',0,1,'Device Comment',2081),(2151,'SINAMIC S7-400 CPU',0,1,'Device Comment',2091),(2152,'Delta Industrial Automation TPEditor',0,1,'Device Comment',2224),(2153,'WebAccess',0,1,'Device Comment',2119),(2154,'MatrikonOPC Explorer',0,1,'Device Comment',2309),(2155,'Arena',0,1,'Device Comment',2103),(2156,'Factory Talk Activation Manager',0,1,'Device Comment',2103),(2157,'SX-500, SD-320AN, MobileLink',0,1,'Device Comment',2312),(2158,'Medium Voltage SINAMICS Products',0,1,'Device Comment',2091),(2159,'Siveillance Video Management Software (VMS)',0,1,'Device Comment',2091),(2160,'Siveillance VMS Video Mobile App',0,1,'Device Comment',2091),(2161,'Brilliance CT Scanners',0,1,'Device Comment',2102),(2162,'IDS 2102',0,1,'Device Comment',2317),(2163,'PMSoft',0,1,'Device Comment',2224),(2164,'LeviStudio HMI Editor, and PI Studio HMI Project Programmer',0,1,'Device Comment',2234),(2165,'VGo Robot',0,1,'Device Comment',2320),(2166,'Intel 2G Modem',0,1,'Device Comment',2133),(2167,'Advantech WebAccess HMI Designer',0,1,'Device Comment',2119),(2168,'SIMATIC WinCC OA iOS App',0,1,'Device Comment',2091),(2169,'Implantable Cardioverter Defibrillator and Cardiac Synchronization Therapy Defibrillator',0,1,'Device Comment',2324),(2170,'Inconnu',0,1,'Device Comment',2177),(2171,'InduSoft Web Studio, InTouch Machine Edition',0,1,'Device Comment',2326),(2172,'Triconex Tricon, Model 3008',0,1,'Device Comment',2088),(2173,'Allen-Bradley Stratix 5900 Services Router',0,1,'Device Comment',2103),(2174,'Allen-Bradley Stratix and ArmorStratix Switches',0,1,'Device Comment',2103),(2175,'Allen-Bradley Stratix Industrial Managed Ethernet Switch',0,1,'Device Comment',2103),(2176,'CENTUM series and Exaopc',0,1,'Device Comment',2155),(2177,'ATI Emergency Mass Notification Systems',0,1,'Device Comment',2332),(2178,'CX-One',0,1,'Device Comment',2090),(2179,'MXview',0,1,'Device Comment',2132),(2180,'LAquis SCADA',0,1,'Device Comment',2165),(2181,'Building Technologies Products',0,1,'Device Comment',2091),(2182,'750 Series',0,1,'Device Comment',2107),(2183,'TIM 1531 IRC',0,1,'Device Comment',2091),(2184,'SIMATIC PCS 7, SIMATIC WinCC, SIMATIC WinCC Runtime Professional, and SIMATIC NET PC Software',0,1,'Device Comment',2091),(2185,'Modicon Premium, Modicon Quantum, Modicon M340, and Modicon BMXNOR0200',0,1,'Device Comment',2088),(2186,'Philips Alice 6 System product',0,1,'Device Comment',2102),(2187,'SIMATIC WinCC OA UI mobile app',0,1,'Device Comment',2091),(2188,'TwinCAT',0,1,'Device Comment',2343),(2189,'IP Cameras',0,1,'Device Comment',2083),(2190,'SIMATIC, SINUMERIK, and PROFINET IO',0,1,'Device Comment',2091),(2191,'CX-Supervisor',0,1,'Device Comment',2090),(2192,'PI Data Archive',0,1,'Device Comment',2139),(2193,'PI Vision',0,1,'Device Comment',2139),(2194,'PI Web API',0,1,'Device Comment',2139),(2195,'SIPROTEC 4, SIPROTEC Compact, DIGSI 4, and EN100 Ethernet module',0,1,'Device Comment',2091),(2196,'SIPROTEC 4, SIPROTEC Compact, and Reyrolle devices using the EN100 Ethernet communication module extension',0,1,'Device Comment',2091),(2197,'Classic Platform Switches',0,1,'Device Comment',2352),(2198,'SoMove software and DTM software components',0,1,'Device Comment',2088),(2199,'ELCSoft',0,1,'Device Comment',2282),(2200,'OnCell G3100-HSPA Series',0,1,'Device Comment',2132),(2201,'Delta Industrial Automation DOPSoft',0,1,'Device Comment',2224),(2202,'SIMATIC Industrial PCs',0,1,'Device Comment',2091),(2203,'WPLSoft',0,1,'Device Comment',2224),(2204,'ControlWave Micro Process Automation Controller',0,1,'Device Comment',2359),(2205,'2090 CareLink Programmer',0,1,'Device Comment',2286),(2206,'netCADOPS Web Application',0,1,'Device Comment',2163),(2207,'Linear eMerge E3 Series',0,1,'Device Comment',2362),(2208,'D60 Line Distance Relay',0,1,'Device Comment',2189),(2209,'IGSS Mobile',0,1,'Device Comment',2088),(2210,'StruxureOn Gateway',0,1,'Device Comment',2088),(2211,'PFC200 Series',0,1,'Device Comment',2107),(2212,'IGSS SCADA Software',0,1,'Device Comment',2088),(2213,'Inconnu',0,1,'Device Comment',2177),(2214,'V-Server VPR',0,1,'Device Comment',2089),(2215,'CODESYS Web Server',0,1,'Device Comment',2180),(2216,'Sentinel License Manager',0,1,'Device Comment',2128),(2217,'mGuard',0,1,'Device Comment',2081),(2218,'TeleControl Server Basic',0,1,'Device Comment',2091),(2219,'PCS-9611',0,1,'Device Comment',2374),(2220,'Desigo PXC',0,1,'Device Comment',2091),(2221,'Inconnu',0,1,'Device Comment',2177),(2222,'WebAccess/SCADA',0,1,'Device Comment',2119),(2223,'Industrial Products',0,1,'Device Comment',2091),(2224,'SIMATIC WinCC Add-On',0,1,'Device Comment',2091),(2225,'LeviStudio HMI Editor',0,1,'Device Comment',2234),(2226,'MXview',0,1,'Device Comment',2132),(2227,'FL SWITCH',0,1,'Device Comment',2081),(2228,'Allen-Bradley MicroLogix 1400 Controllers',0,1,'Device Comment',2103),(2229,'SOS iOS Client',0,1,'Device Comment',2384),(2230,'Delta Industrial Automation Screen Editor',0,1,'Device Comment',2385),(2231,'WebAccess',0,1,'Device Comment',2119),(2232,'NPort W2150A and W2250A',0,1,'Device Comment',2132),(2233,'Pelco VideoXpert Enterprise',0,1,'Device Comment',2088),(2234,'Ellipse',0,1,'Device Comment',2163),(2235,'IntegraXor',0,1,'Device Comment',2390),(2236,'LOGO! Soft Comfort',0,1,'Device Comment',2091),(2237,'LeviStudio HMI editor                ',0,1,'Device Comment',2234),(2238,'IP Cameras and DVRs',0,1,'Device Comment',2393),(2239,'FactoryTalk Alarms and Events',0,1,'Device Comment',2103),(2240,'FL COMSERVER, FL COM SERVER, and PSI-MODEM/ETH',0,1,'Device Comment',2081),(2241,'Industrial Products',0,1,'Device Comment',2091),(2242,'SWT3000',0,1,'Device Comment',2091),(2243,'Reliance SCADA',0,1,'Device Comment',2215),(2244,'NPort 5110, 5130, 5150',0,1,'Device Comment',2132),(2245,'SICAM',0,1,'Device Comment',2091),(2246,'SCALANCE, SIMATIC, RUGGEDCOM, and SINAMICS Products',0,1,'Device Comment',2091),(2247,'CLICK, C-More, C-More Micro, Do-more Designer, GS Drives, SL-Soft SOLO, DirectSOFT',0,1,'Device Comment',2402),(2248,'InduSoft Web Studio, InTouch Machine Edition',0,1,'Device Comment',2088),(2249,'SIMATIC PCS 7',0,1,'Device Comment',2091),(2250,'WebAccess',0,1,'Device Comment',2119),(2251,'FOX515T',0,1,'Device Comment',2163),(2252,'VTScada',0,1,'Device Comment',2407),(2253,'JetNet',0,1,'Device Comment',2408),(2254,'Stratix 5100 Wireless Access Point/Workgroup Bridge',0,1,'Device Comment',2103),(2255,'MicroBrowser',0,1,'Device Comment',2195),(2256,'Movicon SCADA/HMI',0,1,'Device Comment',2411),(2257,'MultiFLEX M10a Controller',0,1,'Device Comment',2412),(2258,'LeviStudio HMI Editor',0,1,'Device Comment',2234),(2259,'EnviDAS Ultimate',0,1,'Device Comment',2414),(2260,'MQX RTOS',0,1,'Device Comment',2415),(2261,'BACnet Field Panels',0,1,'Device Comment',2091),(2262,'Ether-Serial Link',0,1,'Device Comment',2417),(2263,'JTC-200',0,1,'Device Comment',2418),(2264,'CIMPLICITY',0,1,'Device Comment',2189),(2265,'7KT PAC1200 data manager',0,1,'Device Comment',2091),(2266,'Ruggedcom ROS, SCALANCE',0,1,'Device Comment',2091),(2267,'InduSoft Web Studio, InTouch Machine Edition',0,1,'Device Comment',2088),(2268,'SkyRouter',0,1,'Device Comment',2423),(2269,'Asterisk GUI',0,1,'Device Comment',2424),(2270,'SCADA Webserver',0,1,'Device Comment',2425),(2271,'PCD Controllers',0,1,'Device Comment',2426),(2272,'LVIS-3ME',0,1,'Device Comment',2427),(2273,'myPRO',0,1,'Device Comment',2428),(2274,'SCADA Web Server',0,1,'Device Comment',2195),(2275,'mGuard firmware',0,1,'Device Comment',2430),(2276,'LOGO!',0,1,'Device Comment',2091),(2277,'7KM PAC Switched Ethernet',0,1,'Device Comment',2091),(2278,'SiteSentinel Integra and SiteSentinel iSite',0,1,'Device Comment',2433),(2279,'Inconnu',0,1,'Device Comment',2177),(2280,'ALC WebCTRL, Liebert SiteScan, Carrier i-VU',0,1,'Device Comment',2435),(2281,'DAQFactory',0,1,'Device Comment',2436),(2282,'WebAccess',0,1,'Device Comment',2119),(2283,'MRD-305-DIN, MRD-315, MRD-355, and MRD-455',0,1,'Device Comment',2438),(2284,'WebCTRL, i-VU, SiteScan',0,1,'Device Comment',2435),(2285,'SCADA MicroBrowser',0,1,'Device Comment',2195),(2286,'SCADA Web Server',0,1,'Device Comment',2195),(2287,'WebOP',0,1,'Device Comment',2119),(2288,'SCADA Software',0,1,'Device Comment',2443),(2289,'Heating Control Downloader (HCDownloader)',0,1,'Device Comment',2444),(2290,'WATTConfig M Software',0,1,'Device Comment',2444),(2291,'Monitouch V-SFT',0,1,'Device Comment',2089),(2292,'SREA-01 and SREA-50',0,1,'Device Comment',2163),(2293,'PI Integrator',0,1,'Device Comment',2139),(2294,'SoftNVR-IA Live Viewer',0,1,'Device Comment',2132),(2295,'Pro-face GP-Pro EX',0,1,'Device Comment',2088),(2296,'E-Designer',0,1,'Device Comment',2451),(2297,'Trio TView',0,1,'Device Comment',2088),(2298,'Infineon S-Gold 2 (PMB 8876)',0,1,'Device Comment',2453),(2299,'Telemetry Enabled Devices',0,1,'Device Comment',2454),(2300,'LaserWash, Laser Jet and ProTouch',0,1,'Device Comment',2455),(2301,'Inconnu',0,1,'Device Comment',2177),(2302,'PowerSCADA Anywhere and Citect Anywhere',0,1,'Device Comment',2088),(2303,'MicroLogix 1100 Controllers',0,1,'Device Comment',2103),(2304,'SiPass integrated',0,1,'Device Comment',2091),(2305,'SIMATIC Sm@rtClient Android App',0,1,'Device Comment',2091),(2306,'SIMATIC Logon',0,1,'Device Comment',2091),(2307,'V-Server',0,1,'Device Comment',2089),(2308,'VSN300 WiFi Logger Card',0,1,'Device Comment',2163),(2309,'PI Coresight',0,1,'Device Comment',2139),(2310,'PI ProcessBook and PI ActiveView',0,1,'Device Comment',2139),(2311,'SEL-3620, SEL-3622',0,1,'Device Comment',2284),(2312,'Reyrolle',0,1,'Device Comment',2091),(2313,'SIPROTEC 4 and SIPROTEC Compact',0,1,'Device Comment',2091),(2314,'Wonderware ArchestrA Logger',0,1,'Device Comment',2088),(2315,'Ampla MES',0,1,'Device Comment',2088),(2316,'SIMATIC Industrial PCs, SINUMERIK Panel Control Unit (PCU), SIMOTION P320',0,1,'Device Comment',2091),(2317,'U.motion Builder',0,1,'Device Comment',2088),(2318,'Viewport for Web Office Portal',0,1,'Device Comment',2091),(2319,'XPS-Cx, XPS-Qx',0,1,'Device Comment',2474),(2320,'SIMATIC CP 44x-1 Redundant Network Access (RNA) modules',0,1,'Device Comment',2091),(2321,'XHQ',0,1,'Device Comment',2091),(2322,'IntegraXor',0,1,'Device Comment',2390),(2323,'ePMP',0,1,'Device Comment',2478),(2324,'VTScada',0,1,'Device Comment',2407),(2325,'PI Server 2017',0,1,'Device Comment',2139),(2326,'PI Web API 2017',0,1,'Device Comment',2139),(2327,'PanelView Plus 6 700-1500',0,1,'Device Comment',2103),(2328,'Wind Analysis',0,1,'Device Comment',2483),(2329,'PowerAgent SC3 Site Controller',0,1,'Device Comment',2484),(2330,'OnCell',0,1,'Device Comment',2132),(2331,'Allen-Bradley MicroLogix 1100 and 1400',0,1,'Device Comment',2103),(2332,'PG 85 Series',0,1,'Device Comment',2487),(2333,'Wonderware InduSoft Web Studio',0,1,'Device Comment',2088),(2334,'SiteWatch Gateway',0,1,'Device Comment',2489),(2335,'SoMachine HVAC',0,1,'Device Comment',2088),(2336,'SRN-4000',0,1,'Device Comment',2491),(2337,'VAMPSET',0,1,'Device Comment',2088),(2338,'mGuard',0,1,'Device Comment',2081),(2339,'SenNet Data Logger and Electricity Meters',0,1,'Device Comment',2494),(2340,'Devices using the PROFINET Discovery and Configuration Protocol (DCP)',0,1,'Device Comment',2091),(2341,'Devices using the PROFINET Discovery and Configuration Protocol (DCP)',0,1,'Device Comment',2091),(2342,'SIMATIC WinCC and SIMATIC WinCC Runtime Professional',0,1,'Device Comment',2091),(2343,'Cameras',0,1,'Device Comment',2498),(2344,'Digital Video Recorders and IP Cameras',0,1,'Device Comment',2499),(2345,'WebAccess',0,1,'Device Comment',2119),(2346,'ControlLogix 5580 and CompactLogix 5380',0,1,'Device Comment',2103),(2347,'Wonderware Historian Client',0,1,'Device Comment',2088),(2348,'Kaa IoT Platform',0,1,'Device Comment',2503),(2349,'MESR901',0,1,'Device Comment',2504),(2350,'Multilin SR, UR, and URplus Protective Relays',0,1,'Device Comment',2189),(2351,'VisualView HMI',0,1,'Device Comment',2506),(2352,'AirLink Raven XE and XT',0,1,'Device Comment',2101),(2353,'Blue Link',0,1,'Device Comment',2508),(2354,'LEVI Studio HMI Editor',0,1,'Device Comment',2509),(2355,'Modicon M221 PLCs and SoMachine Basic',0,1,'Device Comment',2088),(2356,'Modicon Modbus Protocol',0,1,'Device Comment',2088),(2357,'atvise scada',0,1,'Device Comment',2512),(2358,'Interactive Graphical SCADA System (IGSS) Software',0,1,'Device Comment',2088),(2359,'Food Processing Systems',0,1,'Device Comment',2514),(2360,'Allen-Bradley Stratix, Allen-Bradley ArmorStratix',0,1,'Device Comment',2103),(2361,'Wonderware InTouch Access Anywhere',0,1,'Device Comment',2088),(2362,'Modicon PLCs',0,1,'Device Comment',2088),(2363,'RUGGEDCOM ROX I',0,1,'Device Comment',2091),(2364,'CODESYS Web Server',0,1,'Device Comment',2180),(2365,'LAquis SCADA',0,1,'Device Comment',2165),(2366,'Connected Components Workbench',0,1,'Device Comment',2103),(2367,'Inconnu',0,1,'Device Comment',2177),(2368,'LAquis SCADA',0,1,'Device Comment',2165),(2369,'PLC Ethernet Module',0,1,'Device Comment',2524),(2370,'ClearSCADA',0,1,'Device Comment',2088),(2371,'Wonderware Intelligence',0,1,'Device Comment',2088),(2372,'xComfort Ethernet Communication Interface',0,1,'Device Comment',2282),(2373,'Conext ComBox',0,1,'Device Comment',2088),(2374,'SINUMERIK Integrate, SINUMERIK Operate',0,1,'Device Comment',2091),(2375,'RUGGEDCOM NMS',0,1,'Device Comment',2091),(2376,'Sixnet-Managed Industrial Switches and STRIDE-Managed Ethernet Switches',0,1,'Device Comment',2531),(2377,'WinPLC7',0,1,'Device Comment',2532),(2378,'Modicon M340 PLC',0,1,'Device Comment',2088),(2379,'WebAccess',0,1,'Device Comment',2119),(2380,'IP Cameras',0,1,'Device Comment',2083),(2381,'SIMATIC',0,1,'Device Comment',2091),(2382,'Smart Security Manager',0,1,'Device Comment',2491),(2383,'Winlog SCADA Software',0,1,'Device Comment',2538),(2384,'Electric Power Quality Meter',0,1,'Device Comment',2539),(2385,'IntegraXor',0,1,'Device Comment',2390),(2386,'Hirschmann GECKO',0,1,'Device Comment',2541),(2387,'Wonderware Historian',0,1,'Device Comment',2088),(2388,'homeLYnk Controller, LSS100100',0,1,'Device Comment',2088),(2389,'mGuard',0,1,'Device Comment',2081),(2390,'WebAccess',0,1,'Device Comment',2119),(2391,'Web Client',0,1,'Device Comment',2546),(2392,'PI Coresight, PI Web API',0,1,'Device Comment',2139),(2393,'Logix5000',0,1,'Device Comment',2103),(2394,'Industrial Products',0,1,'Device Comment',2091);
/*!40000 ALTER TABLE `product` ENABLE KEYS */;
UNLOCK TABLES;

--
-- Temporary table structure for view `product_by_countries`
--

DROP TABLE IF EXISTS `product_by_countries`;
/*!50001 DROP VIEW IF EXISTS `product_by_countries`*/;
SET @saved_cs_client     = @@character_set_client;
SET character_set_client = utf8;
/*!50001 CREATE VIEW `product_by_countries` AS SELECT 
 1 AS `product`,
 1 AS `countries`*/;
SET character_set_client = @saved_cs_client;

--
-- Table structure for table `product_countries`
--

DROP TABLE IF EXISTS `product_countries`;
/*!40101 SET @saved_cs_client     = @@character_set_client */;
/*!40101 SET character_set_client = utf8 */;
CREATE TABLE `product_countries` (
  `id_product_countries` int(11) NOT NULL AUTO_INCREMENT,
  `id_product` smallint(5) unsigned NOT NULL,
  `id_countries` smallint(5) unsigned NOT NULL,
  PRIMARY KEY (`id_product_countries`),
  UNIQUE KEY `UQ_product_countries__id_product__id_countries` (`id_product`,`id_countries`),
  KEY `FK_product_countries__id_countries` (`id_countries`),
  CONSTRAINT `FK_product_countries__id_countries` FOREIGN KEY (`id_countries`) REFERENCES `countries` (`id`),
  CONSTRAINT `FK_product_countries__id_product` FOREIGN KEY (`id_product`) REFERENCES `product` (`id`)
) ENGINE=InnoDB AUTO_INCREMENT=2854 DEFAULT CHARSET=utf8;
/*!40101 SET character_set_client = @saved_cs_client */;

--
-- Dumping data for table `product_countries`
--

LOCK TABLES `product_countries` WRITE;
/*!40000 ALTER TABLE `product_countries` DISABLE KEYS */;
INSERT INTO `product_countries` VALUES (2360,1925,253),(2361,1926,253),(2362,1927,253),(2363,1928,253),(2364,1929,253),(2365,1930,253),(2366,1931,258),(2367,1932,253),(2368,1933,253),(2369,1934,253),(2370,1935,253),(2371,1936,253),(2372,1937,253),(2687,1937,262),(2373,1938,253),(2374,1939,253),(2375,1940,253),(2376,1941,253),(2377,1942,253),(2378,1943,253),(2379,1944,253),(2380,1945,253),(2381,1946,253),(2382,1947,30),(2383,1947,142),(2384,1948,253),(2385,1949,253),(2386,1950,253),(2387,1951,253),(2388,1952,253),(2389,1953,262),(2390,1954,253),(2391,1955,253),(2392,1956,253),(2393,1957,253),(2394,1958,253),(2395,1959,253),(2396,1960,253),(2397,1961,253),(2398,1962,253),(2399,1963,253),(2400,1964,250),(2402,1964,251),(2401,1964,260),(2673,1964,262),(2403,1965,253),(2404,1966,253),(2405,1967,253),(2406,1968,253),(2407,1969,253),(2408,1970,253),(2409,1971,260),(2410,1972,252),(2631,1972,262),(2411,1973,253),(2412,1974,253),(2413,1975,253),(2414,1976,253),(2415,1977,253),(2416,1978,253),(2418,1980,253),(2419,1981,253),(2420,1982,253),(2421,1983,253),(2422,1984,253),(2644,1984,262),(2423,1985,253),(2424,1986,253),(2425,1987,253),(2426,1988,253),(2427,1989,253),(2428,1990,253),(2429,1991,253),(2430,1992,253),(2431,1993,253),(2432,1994,253),(2433,1995,253),(2434,1996,253),(2435,1997,253),(2436,1998,253),(2437,1999,253),(2438,2000,253),(2439,2001,253),(2440,2002,253),(2444,2004,253),(2678,2004,262),(2445,2005,253),(2446,2006,253),(2447,2007,253),(2448,2008,253),(2449,2009,253),(2451,2011,253),(2452,2012,253),(2453,2013,253),(2454,2014,253),(2455,2015,253),(2456,2016,253),(2457,2017,253),(2746,2017,262),(2458,2018,262),(2459,2019,253),(2461,2021,253),(2462,2022,253),(2621,2022,262),(2463,2023,253),(2467,2025,253),(2468,2026,253),(2469,2027,253),(2634,2027,262),(2470,2028,253),(2471,2029,253),(2472,2030,253),(2473,2031,253),(2477,2033,13),(2475,2033,251),(2476,2033,260),(2478,2034,253),(2479,2035,253),(2482,2036,80),(2481,2036,155),(2483,2036,230),(2480,2036,260),(2484,2037,253),(2485,2038,253),(2486,2039,253),(2629,2039,262),(2487,2040,251),(2721,2040,262),(2488,2041,253),(2489,2042,253),(2490,2043,253),(2491,2044,253),(2492,2045,253),(2493,2046,253),(2494,2047,253),(2495,2048,253),(2496,2049,253),(2497,2050,253),(2498,2051,253),(2499,2052,253),(2500,2053,253),(2501,2054,255),(2503,2056,253),(2504,2057,256),(2505,2058,253),(2506,2059,253),(2507,2060,253),(2508,2061,250),(2510,2061,251),(2509,2061,260),(2604,2061,262),(2514,2063,257),(2515,2064,260),(2518,2067,253),(2519,2068,253),(2520,2069,253),(2603,2069,262),(2521,2070,253),(2523,2072,253),(2524,2073,253),(2525,2074,253),(2526,2075,253),(2527,2076,253),(2528,2077,253),(2529,2078,253),(2530,2079,253),(2531,2080,253),(2533,2082,253),(2534,2083,256),(2535,2084,253),(2536,2085,253),(2537,2086,253),(2539,2088,253),(2540,2089,253),(2541,2090,253),(2758,2090,262),(2542,2091,253),(2543,2092,253),(2544,2093,253),(2545,2094,253),(2546,2095,253),(2547,2096,253),(2548,2097,253),(2549,2098,253),(2551,2100,253),(2552,2101,253),(2553,2102,259),(2554,2103,253),(2555,2104,253),(2556,2105,253),(2557,2106,253),(2558,2107,253),(2559,2108,253),(2560,2109,253),(2692,2109,262),(2850,2109,264),(2851,2109,265),(2852,2109,266),(2853,2109,267),(2561,2110,253),(2562,2111,253),(2563,2112,253),(2564,2113,253),(2565,2114,253),(2566,2115,253),(2567,2116,261),(2568,2117,253),(2570,2119,253),(2571,2120,253),(2572,2121,253),(2573,2122,253),(2574,2123,253),(2575,2124,253),(2576,2125,253),(2577,2126,253),(2578,2127,253),(2579,2128,253),(2580,2129,253),(2581,2130,253),(2583,2132,253),(2584,2133,253),(2585,2134,253),(2586,2135,253),(2769,2136,251),(2770,2136,256),(2768,2136,260),(2587,2136,262),(2589,2138,255),(2590,2139,253),(2591,2140,253),(2592,2141,262),(2593,2142,262),(2594,2143,262),(2595,2144,262),(2596,2145,262),(2597,2146,262),(2598,2147,262),(2599,2148,262),(2600,2149,262),(2601,2150,262),(2602,2151,262),(2605,2154,262),(2606,2155,262),(2607,2156,262),(2608,2157,262),(2609,2158,262),(2610,2159,262),(2611,2160,262),(2612,2161,262),(2613,2162,262),(2614,2163,262),(2615,2164,262),(2616,2165,253),(2617,2166,262),(2618,2167,262),(2619,2168,262),(2620,2169,262),(2622,2171,262),(2623,2172,262),(2624,2173,262),(2625,2174,262),(2626,2175,262),(2627,2176,262),(2628,2177,262),(2630,2179,262),(2632,2181,262),(2633,2182,262),(2635,2184,262),(2636,2185,262),(2637,2186,253),(2638,2187,262),(2639,2188,262),(2640,2189,262),(2641,2190,253),(2643,2192,262),(2645,2194,262),(2646,2195,253),(2647,2196,262),(2648,2197,262),(2649,2198,262),(2650,2199,262),(2651,2200,262),(2653,2202,262),(2654,2203,262),(2655,2204,262),(2656,2205,255),(2657,2206,262),(2658,2207,262),(2659,2208,262),(2660,2209,262),(2661,2210,262),(2662,2211,262),(2663,2212,262),(2665,2214,262),(2666,2215,262),(2667,2216,262),(2668,2217,262),(2669,2218,262),(2670,2219,262),(2671,2220,253),(2675,2224,262),(2676,2225,262),(2679,2228,262),(2680,2229,262),(2681,2230,262),(2683,2232,262),(2684,2233,262),(2685,2234,262),(2686,2235,262),(2688,2237,262),(2689,2238,262),(2690,2239,262),(2691,2240,262),(2693,2242,262),(2694,2243,262),(2695,2244,262),(2696,2245,262),(2697,2246,262),(2698,2247,253),(2700,2249,253),(2702,2251,262),(2703,2252,262),(2704,2253,262),(2705,2254,253),(2706,2255,262),(2707,2256,262),(2708,2257,262),(2710,2259,262),(2711,2260,262),(2712,2261,262),(2713,2262,262),(2714,2263,262),(2715,2264,262),(2716,2265,262),(2717,2266,262),(2719,2268,262),(2720,2269,262),(2722,2271,262),(2723,2272,262),(2724,2273,262),(2725,2274,262),(2726,2275,262),(2727,2276,262),(2728,2277,262),(2729,2278,262),(2731,2280,262),(2732,2281,262),(2734,2283,262),(2735,2284,262),(2736,2285,262),(2738,2287,262),(2739,2288,262),(2740,2289,262),(2741,2290,262),(2742,2291,262),(2743,2292,262),(2744,2293,262),(2745,2294,262),(2747,2296,262),(2748,2297,262),(2749,2298,262),(2750,2299,262),(2751,2300,262),(2753,2302,262),(2754,2303,262),(2755,2304,262),(2756,2305,262),(2757,2306,262),(2759,2308,262),(2760,2309,262),(2761,2310,262),(2762,2311,262),(2763,2312,262),(2764,2313,262),(2765,2314,262),(2766,2315,262),(2767,2316,262),(2771,2318,262),(2772,2319,262),(2773,2320,262),(2774,2321,262),(2776,2323,262),(2778,2325,262),(2779,2326,262),(2780,2327,262),(2781,2328,262),(2782,2329,262),(2783,2330,262),(2784,2331,262),(2785,2332,262),(2786,2333,262),(2787,2334,262),(2788,2335,262),(2789,2336,262),(2790,2337,262),(2792,2339,262),(2793,2340,253),(2794,2340,262),(2795,2342,262),(2796,2343,262),(2797,2344,262),(2799,2346,262),(2800,2347,262),(2801,2348,262),(2802,2349,262),(2803,2350,262),(2804,2351,262),(2805,2352,262),(2806,2353,262),(2807,2354,262),(2808,2355,262),(2809,2356,262),(2810,2357,262),(2811,2358,262),(2812,2359,262),(2813,2360,262),(2814,2361,262),(2815,2362,262),(2816,2363,262),(2819,2366,262),(2822,2369,262),(2823,2370,262),(2824,2371,262),(2825,2372,262),(2826,2373,262),(2827,2374,262),(2828,2375,262),(2829,2376,262),(2830,2377,262),(2832,2378,44),(2833,2378,182),(2831,2378,260),(2834,2378,263),(2837,2381,253),(2838,2382,262),(2839,2383,262),(2840,2384,262),(2842,2386,262),(2843,2387,262),(2844,2388,262),(2847,2391,262),(2848,2392,262),(2849,2393,253);
/*!40000 ALTER TABLE `product_countries` ENABLE KEYS */;
UNLOCK TABLES;

--
-- Table structure for table `product_sector`
--

DROP TABLE IF EXISTS `product_sector`;
/*!40101 SET @saved_cs_client     = @@character_set_client */;
/*!40101 SET character_set_client = utf8 */;
CREATE TABLE `product_sector` (
  `id_product_sector` smallint(5) unsigned NOT NULL AUTO_INCREMENT,
  `id_product` smallint(5) unsigned NOT NULL,
  `id_sector` smallint(5) unsigned NOT NULL,
  PRIMARY KEY (`id_product_sector`),
  UNIQUE KEY `UQ_product_sector__id_product__id_sector` (`id_product`,`id_sector`),
  KEY `fk_product_sector__id_sector` (`id_sector`),
  CONSTRAINT `fk_product_sector__id_product` FOREIGN KEY (`id_product`) REFERENCES `product` (`id`),
  CONSTRAINT `fk_product_sector__id_sector` FOREIGN KEY (`id_sector`) REFERENCES `sector` (`id`)
) ENGINE=InnoDB AUTO_INCREMENT=6803 DEFAULT CHARSET=utf8;
/*!40101 SET character_set_client = @saved_cs_client */;

--
-- Dumping data for table `product_sector`
--

LOCK TABLES `product_sector` WRITE;
/*!40000 ALTER TABLE `product_sector` DISABLE KEYS */;
INSERT INTO `product_sector` VALUES (5720,1925,5843),(5721,1925,5844),(5722,1925,5845),(5723,1925,5846),(5724,1926,5843),(5726,1927,5844),(5725,1927,5848),(5727,1927,5850),(5728,1928,5843),(5729,1928,5852),(5730,1928,5853),(5731,1928,5854),(5732,1928,5855),(5733,1928,5856),(5734,1928,5857),(5735,1929,5843),(5736,1929,5844),(5737,1929,5852),(5738,1930,5861),(5739,1930,5862),(5740,1930,5863),(5741,1931,5843),(5742,1931,5854),(5743,1931,5855),(5744,1931,5856),(5745,1932,5844),(5746,1933,5869),(5747,1934,5844),(5748,1935,5844),(5751,1936,5845),(5752,1936,5846),(5750,1936,5852),(5753,1936,5862),(5749,1936,5872),(5754,1936,5877),(5755,1937,5843),(5756,1937,5857),(6603,1937,5947),(5757,1938,5843),(5758,1938,5857),(5761,1939,5845),(5762,1939,5846),(5760,1939,5852),(5763,1939,5855),(5764,1939,5856),(5765,1939,5857),(5766,1939,5862),(5759,1939,5872),(5767,1939,5877),(5770,1940,5845),(5771,1940,5846),(5769,1940,5852),(5772,1940,5855),(5773,1940,5856),(5774,1940,5857),(5775,1940,5862),(5768,1940,5872),(5776,1940,5877),(5779,1941,5845),(5780,1941,5846),(5778,1941,5852),(5781,1941,5855),(5782,1941,5856),(5783,1941,5857),(5784,1941,5862),(5777,1941,5872),(5785,1941,5877),(5787,1942,5844),(5789,1942,5845),(5790,1942,5846),(5788,1942,5852),(5791,1942,5862),(5786,1942,5872),(5792,1942,5877),(5794,1943,5844),(5796,1943,5845),(5797,1943,5846),(5795,1943,5852),(5798,1943,5862),(5793,1943,5872),(5799,1943,5877),(5800,1944,5843),(5801,1944,5852),(5802,1944,5857),(5803,1945,5844),(5804,1945,5852),(5805,1946,5843),(5806,1946,5848),(5808,1946,5852),(5809,1946,5854),(5810,1946,5857),(5811,1946,5862),(5812,1946,5877),(5807,1946,5930),(5813,1947,5855),(5814,1947,5856),(5815,1948,5844),(5816,1949,5855),(5817,1949,5856),(5818,1950,5844),(5819,1951,5844),(5820,1952,5843),(5821,1952,5844),(5822,1952,5852),(5823,1952,5857),(5824,1953,5947),(5826,1954,5844),(5828,1954,5845),(5829,1954,5846),(5827,1954,5852),(5830,1954,5862),(5825,1954,5872),(5831,1954,5877),(5833,1955,5844),(5835,1955,5845),(5836,1955,5846),(5834,1955,5852),(5837,1955,5862),(5832,1955,5872),(5838,1955,5877),(5840,1956,5844),(5842,1956,5845),(5843,1956,5846),(5841,1956,5852),(5844,1956,5862),(5839,1956,5872),(5845,1956,5877),(5849,1957,5844),(5847,1957,5845),(5846,1957,5846),(5850,1957,5852),(5851,1957,5862),(5852,1957,5863),(5848,1957,5872),(5853,1958,5852),(5854,1958,5855),(5855,1958,5856),(5856,1958,5857),(5857,1959,5843),(5858,1959,5844),(5860,1959,5845),(5861,1959,5846),(5859,1959,5852),(5862,1959,5862),(5863,1959,5877),(5864,1960,5844),(5865,1961,5844),(5866,1961,5852),(5867,1961,5862),(5868,1961,5877),(5869,1962,5844),(5870,1962,5852),(5871,1962,5862),(5872,1962,5877),(5873,1963,5844),(5874,1963,5852),(5875,1963,5862),(5876,1963,5877),(5877,1964,5844),(5878,1964,5852),(5879,1964,5862),(5880,1964,5877),(6583,1964,5947),(5881,1965,5844),(5883,1966,5844),(5885,1966,5845),(5886,1966,5846),(5884,1966,5852),(5887,1966,5862),(5882,1966,5872),(5888,1966,5877),(5890,1967,5844),(5889,1967,5848),(5891,1967,5850),(5892,1968,5843),(5893,1969,5855),(5894,1969,5856),(5895,1970,5843),(5896,1970,5844),(5897,1970,5852),(5898,1970,5857),(5899,1970,5862),(5900,1970,5877),(5901,1971,5850),(5903,1972,5843),(5905,1972,5845),(5906,1972,5846),(5904,1972,5852),(5907,1972,5857),(5908,1972,5862),(5902,1972,5872),(5909,1972,5877),(6533,1972,5947),(5910,1973,5848),(5915,1973,5850),(5911,1973,5853),(5912,1973,5854),(5913,1973,5855),(5914,1973,5856),(5916,1974,5844),(5917,1974,5850),(5918,1975,5844),(5919,1975,5852),(5920,1975,5862),(5921,1975,5877),(5922,1976,5852),(5923,1977,5844),(5924,1977,5852),(5925,1977,5857),(5926,1978,5850),(5928,1980,5844),(5929,1981,5852),(5930,1982,5848),(5931,1982,5850),(5932,1983,5848),(5935,1983,5857),(5934,1983,5930),(5933,1983,6056),(5936,1983,6059),(6553,1984,5947),(5937,1984,6060),(5938,1985,5852),(5939,1986,5843),(5941,1986,5844),(5940,1986,5848),(5942,1986,5852),(5943,1986,5853),(5944,1986,5855),(5945,1986,5856),(5946,1986,5857),(5948,1987,5844),(5950,1987,5845),(5951,1987,5846),(5949,1987,5852),(5952,1987,5862),(5947,1987,5872),(5953,1987,5877),(5955,1988,5844),(5957,1988,5845),(5958,1988,5846),(5956,1988,5852),(5959,1988,5862),(5954,1988,5872),(5960,1988,5877),(5962,1989,5844),(5964,1989,5845),(5965,1989,5846),(5963,1989,5852),(5966,1989,5862),(5961,1989,5872),(5967,1989,5877),(5968,1990,5852),(5969,1991,5852),(5971,1992,5843),(5972,1992,5844),(5974,1992,5845),(5975,1992,5846),(5973,1992,5852),(5976,1992,5857),(5977,1992,5862),(5978,1992,5863),(5970,1992,5872),(6209,1992,5877),(5979,1993,5844),(5980,1994,5844),(5981,1994,5852),(5982,1994,5862),(5983,1994,5877),(5985,1995,5844),(5987,1995,5845),(5988,1995,5846),(5986,1995,5852),(5989,1995,5862),(5984,1995,5872),(5990,1995,5877),(5991,1996,5848),(5992,1997,5843),(5993,1997,5854),(5994,1997,5855),(5995,1997,5856),(5996,1997,5862),(5997,1997,5877),(5998,1998,6121),(5999,1999,5855),(6000,1999,5856),(6001,2000,5844),(6003,2000,5845),(6004,2000,5846),(6002,2000,5852),(6005,2001,5844),(6007,2002,5844),(6009,2002,5845),(6010,2002,5846),(6008,2002,5852),(6011,2002,5862),(6012,2002,5863),(6006,2002,5872),(6018,2004,5844),(6017,2004,5848),(6019,2004,5850),(6594,2004,5947),(6020,2005,5855),(6021,2005,5856),(6022,2006,5844),(6023,2007,5852),(6233,2007,5947),(6025,2008,5844),(6028,2008,5845),(6029,2008,5846),(6027,2008,5852),(6030,2008,5862),(6031,2008,5863),(6024,2008,5872),(6026,2008,6149),(6032,2009,5850),(6042,2011,5844),(6043,2011,5852),(6041,2011,5872),(6044,2012,5947),(6045,2013,6060),(6046,2014,5843),(6047,2014,5844),(6049,2014,5850),(6048,2014,5854),(6050,2015,5844),(6051,2016,5843),(6052,2016,5844),(6053,2016,5852),(6054,2016,6177),(6055,2017,5852),(6672,2017,5947),(6056,2018,5947),(6057,2019,6060),(6059,2021,5843),(6061,2021,5845),(6062,2021,5846),(6060,2021,5852),(6063,2021,5854),(6064,2021,5857),(6065,2021,5862),(6066,2021,5877),(6067,2022,5845),(6068,2022,5846),(6069,2022,5857),(6070,2022,5862),(6071,2022,5877),(6523,2022,5947),(6072,2023,5844),(6077,2025,5844),(6078,2025,5852),(6079,2026,5844),(6081,2027,5844),(6083,2027,5845),(6084,2027,5846),(6082,2027,5852),(6085,2027,5862),(6080,2027,5872),(6086,2027,5877),(6536,2027,5947),(6087,2028,6060),(6088,2029,6060),(6089,2030,5855),(6090,2030,5856),(6091,2031,5844),(6093,2033,5843),(6094,2033,5852),(6095,2033,5853),(6096,2033,5855),(6097,2033,5856),(6098,2034,5852),(6101,2035,5845),(6102,2035,5846),(6100,2035,5852),(6103,2035,5855),(6104,2035,5856),(6106,2035,5862),(6099,2035,5872),(6107,2035,5877),(6105,2035,6121),(6108,2036,5855),(6109,2036,5856),(6111,2037,5844),(6114,2037,5845),(6115,2037,5846),(6113,2037,5852),(6116,2037,5854),(6117,2037,5857),(6118,2037,5862),(6110,2037,5872),(6119,2037,5877),(6112,2037,6149),(6120,2038,5844),(6121,2038,5845),(6122,2038,5846),(6123,2038,5857),(6124,2038,5862),(6125,2038,5877),(6126,2039,5947),(6127,2040,5844),(6647,2040,5947),(6128,2041,5843),(6129,2041,5844),(6131,2041,5850),(6130,2041,5852),(6132,2041,5857),(6133,2042,5843),(6134,2042,5844),(6135,2042,5852),(6136,2043,5844),(6137,2044,5843),(6139,2045,5844),(6141,2045,5845),(6142,2045,5846),(6140,2045,5852),(6143,2045,5862),(6138,2045,5872),(6144,2045,5877),(6146,2046,5844),(6148,2046,5845),(6149,2046,5846),(6147,2046,5852),(6150,2046,5855),(6151,2046,5856),(6145,2046,5872),(6152,2046,6121),(6155,2047,5845),(6156,2047,5846),(6154,2047,5852),(6157,2047,5862),(6153,2047,5872),(6158,2047,5877),(6161,2048,5844),(6165,2048,5845),(6166,2048,5846),(6160,2048,5848),(6164,2048,5852),(6167,2048,5854),(6168,2048,5857),(6169,2048,5862),(6159,2048,5872),(6170,2048,5877),(6163,2048,6056),(6162,2048,6149),(6172,2049,5844),(6174,2049,5845),(6175,2049,5846),(6173,2049,5852),(6176,2049,5862),(6171,2049,5872),(6177,2049,5877),(6179,2050,5844),(6181,2050,5845),(6182,2050,5846),(6180,2050,5852),(6183,2050,5862),(6178,2050,5872),(6184,2050,5877),(6186,2051,5844),(6188,2051,5845),(6189,2051,5846),(6187,2051,5852),(6190,2051,5862),(6185,2051,5872),(6191,2051,5877),(6193,2052,5844),(6195,2052,5845),(6196,2052,5846),(6194,2052,5852),(6197,2052,5855),(6198,2052,5856),(6192,2052,5872),(6199,2052,6121),(6200,2053,5855),(6201,2053,5856),(6202,2054,5855),(6203,2054,5856),(6210,2056,5843),(6211,2056,5844),(6212,2056,5852),(6213,2057,5857),(6214,2058,5844),(6216,2059,5844),(6215,2059,5848),(6217,2059,5850),(6218,2060,5844),(6219,2060,5852),(6220,2060,5857),(6221,2060,5862),(6222,2060,5877),(6223,2061,5844),(6224,2061,5852),(6225,2061,5862),(6226,2061,5877),(6506,2061,5947),(6231,2063,5848),(6232,2064,6060),(6242,2067,5843),(6243,2067,5853),(6244,2067,5854),(6245,2067,5855),(6246,2067,5856),(6247,2067,5857),(6248,2068,5843),(6249,2068,5853),(6250,2068,5854),(6251,2068,5855),(6252,2068,5856),(6253,2068,5857),(6254,2069,5947),(6255,2070,6060),(6265,2072,5852),(6266,2072,5855),(6267,2072,5856),(6268,2072,5857),(6271,2073,5845),(6272,2073,5846),(6270,2073,5852),(6273,2073,5855),(6274,2073,5856),(6275,2073,5857),(6276,2073,5862),(6269,2073,5872),(6277,2073,5877),(6279,2074,5844),(6281,2074,5845),(6282,2074,5846),(6280,2074,5852),(6283,2074,5862),(6278,2074,5872),(6284,2074,5877),(6285,2075,6060),(6286,2076,5947),(6287,2077,5855),(6288,2077,5856),(6289,2078,5855),(6290,2078,5856),(6291,2079,5844),(6292,2079,5852),(6293,2079,5862),(6294,2079,5877),(6295,2080,5947),(6298,2082,5844),(6299,2082,5852),(6300,2083,5843),(6301,2083,5844),(6302,2084,5843),(6303,2085,5844),(6304,2086,5843),(6309,2088,5844),(6310,2088,5852),(6311,2088,5862),(6312,2088,5877),(6313,2089,5843),(6314,2089,5844),(6315,2089,5852),(6316,2089,5855),(6317,2089,5856),(6318,2090,5844),(6684,2090,5947),(6319,2091,5844),(6322,2092,5845),(6323,2092,5846),(6321,2092,5852),(6324,2092,5862),(6320,2092,5872),(6325,2092,5877),(6328,2093,5845),(6329,2093,5846),(6327,2093,5852),(6330,2093,5862),(6326,2093,5872),(6331,2093,5877),(6334,2094,5845),(6335,2094,5846),(6333,2094,5852),(6482,2094,5855),(6483,2094,5856),(6484,2094,5857),(6336,2094,5862),(6332,2094,5872),(6337,2094,5877),(6338,2095,5843),(6339,2095,5844),(6340,2095,5852),(6341,2095,5862),(6342,2096,6060),(6343,2097,5855),(6344,2097,5856),(6345,2098,5855),(6346,2098,5856),(6348,2100,5852),(6351,2101,5852),(6349,2101,5872),(6350,2101,6056),(6352,2102,5855),(6353,2102,5856),(6354,2103,5855),(6355,2103,5856),(6356,2104,5844),(6358,2104,5845),(6359,2104,5846),(6357,2104,5852),(6360,2105,5855),(6361,2105,5856),(6362,2106,5844),(6363,2107,5855),(6364,2107,5856),(6367,2108,5845),(6368,2108,5846),(6366,2108,5852),(6369,2108,5862),(6365,2108,5872),(6370,2108,5877),(6372,2109,5844),(6374,2109,5845),(6375,2109,5846),(6373,2109,5852),(6376,2109,5862),(6371,2109,5872),(6377,2109,5877),(6608,2109,5947),(6380,2110,5845),(6381,2110,5846),(6379,2110,5852),(6382,2110,5862),(6378,2110,5872),(6383,2110,5877),(6385,2111,5843),(6384,2111,5854),(6386,2112,5848),(6387,2113,5855),(6388,2113,5856),(6389,2114,5855),(6390,2114,5856),(6391,2115,5844),(6392,2116,5850),(6393,2117,5844),(6399,2119,5844),(6401,2119,5845),(6402,2119,5846),(6400,2119,5852),(6403,2119,5862),(6404,2119,5863),(6398,2119,5872),(6406,2120,5844),(6408,2120,5845),(6409,2120,5846),(6407,2120,5852),(6410,2120,5862),(6411,2120,5863),(6405,2120,5872),(6412,2121,5843),(6413,2121,5844),(6414,2121,5852),(6415,2121,5857),(6416,2121,5862),(6417,2121,5877),(6418,2122,5844),(6420,2122,5845),(6421,2122,5846),(6419,2122,5852),(6423,2122,5862),(6424,2122,5863),(6422,2122,5872),(6425,2123,5843),(6426,2123,5844),(6427,2123,5850),(6428,2124,5844),(6429,2124,5852),(6430,2124,5857),(6432,2125,5844),(6437,2125,5845),(6438,2125,5846),(6433,2125,5852),(6435,2125,5862),(6436,2125,5863),(6431,2125,5872),(6434,2125,6149),(6439,2126,5843),(6440,2126,5844),(6441,2126,5852),(6442,2126,5857),(6443,2127,5852),(6444,2128,5844),(6445,2128,5857),(6446,2129,5852),(6447,2130,5844),(6448,2130,5852),(6449,2130,5862),(6450,2130,5877),(6453,2132,5843),(6455,2132,5844),(6454,2132,5848),(6456,2132,5852),(6457,2132,5855),(6458,2132,5856),(6460,2133,5844),(6461,2133,5845),(6462,2133,5846),(6463,2133,5857),(6464,2133,5862),(6459,2133,5872),(6465,2133,5877),(6466,2134,5855),(6467,2134,5856),(6470,2135,5845),(6471,2135,5846),(6469,2135,5852),(6472,2135,5855),(6473,2135,5856),(6474,2135,5857),(6475,2135,5862),(6468,2135,5872),(6476,2135,5877),(6694,2136,5843),(6695,2136,5844),(6696,2136,5852),(6477,2136,5947),(6487,2138,5844),(6488,2138,5852),(6489,2138,5862),(6490,2138,5877),(6491,2139,5855),(6492,2139,5856),(6493,2140,5852),(6494,2141,5947),(6495,2142,5947),(6496,2143,5947),(6497,2144,5947),(6498,2145,5947),(6499,2146,5947),(6500,2147,5947),(6501,2148,5947),(6502,2149,5947),(6503,2150,5947),(6504,2151,5947),(6507,2154,5947),(6508,2155,5947),(6509,2156,5947),(6510,2157,5947),(6511,2158,5947),(6512,2159,5947),(6513,2160,5947),(6514,2161,5947),(6515,2162,5947),(6516,2163,5947),(6517,2164,5947),(6518,2165,5848),(6519,2166,5947),(6520,2167,5947),(6521,2168,5947),(6522,2169,5947),(6524,2171,5947),(6525,2172,5947),(6526,2173,5947),(6527,2174,5947),(6528,2175,5947),(6529,2176,5947),(6530,2177,5947),(6532,2179,5947),(6534,2181,5947),(6535,2182,5947),(6537,2184,5947),(6538,2185,5947),(6539,2186,5855),(6540,2186,5856),(6541,2187,5947),(6542,2188,5947),(6543,2189,5947),(6545,2190,5844),(6547,2190,5845),(6548,2190,5846),(6546,2190,5852),(6549,2190,5862),(6544,2190,5872),(6550,2190,5877),(6552,2192,5947),(6554,2194,5947),(6555,2195,5852),(6556,2196,5947),(6557,2197,5947),(6558,2198,5947),(6559,2199,5947),(6560,2200,5947),(6562,2202,5947),(6563,2203,5947),(6564,2204,5947),(6565,2205,5855),(6566,2205,5856),(6567,2206,5947),(6568,2207,5947),(6569,2208,5947),(6570,2209,5947),(6571,2210,5947),(6572,2211,5947),(6573,2212,5947),(6575,2214,5947),(6576,2215,5947),(6577,2216,5947),(6578,2217,5947),(6579,2218,5947),(6580,2219,5947),(6581,2220,5843),(6591,2224,5947),(6592,2225,5947),(6595,2228,5947),(6596,2229,5947),(6597,2230,5947),(6599,2232,5947),(6600,2233,5947),(6601,2234,5947),(6602,2235,5947),(6604,2237,5947),(6605,2238,5947),(6606,2239,5947),(6607,2240,5947),(6609,2242,5947),(6610,2243,5947),(6611,2244,5947),(6612,2245,5947),(6613,2246,5947),(6614,2247,5843),(6615,2247,5844),(6616,2247,5850),(6620,2249,5845),(6621,2249,5846),(6619,2249,5852),(6622,2249,5862),(6618,2249,5872),(6623,2249,5877),(6625,2251,5947),(6626,2252,5947),(6627,2253,5947),(6628,2254,5844),(6629,2254,5852),(6630,2254,5862),(6631,2254,5877),(6632,2255,5947),(6633,2256,5947),(6634,2257,5947),(6636,2259,5947),(6637,2260,5947),(6638,2261,5947),(6639,2262,5947),(6640,2263,5947),(6641,2264,5947),(6642,2265,5947),(6643,2266,5947),(6645,2268,5947),(6646,2269,5947),(6648,2271,5947),(6649,2272,5947),(6650,2273,5947),(6651,2274,5947),(6652,2275,5947),(6653,2276,5947),(6654,2277,5947),(6655,2278,5947),(6657,2280,5947),(6658,2281,5947),(6660,2283,5947),(6661,2284,5947),(6662,2285,5947),(6664,2287,5947),(6665,2288,5947),(6666,2289,5947),(6667,2290,5947),(6668,2291,5947),(6669,2292,5947),(6670,2293,5947),(6671,2294,5947),(6673,2296,5947),(6674,2297,5947),(6675,2298,5947),(6676,2299,5947),(6677,2300,5947),(6679,2302,5947),(6680,2303,5947),(6681,2304,5947),(6682,2305,5947),(6683,2306,5947),(6685,2308,5947),(6686,2309,5947),(6687,2310,5947),(6688,2311,5947),(6689,2312,5947),(6690,2313,5947),(6691,2314,5947),(6692,2315,5947),(6693,2316,5947),(6697,2318,5947),(6698,2319,5947),(6699,2320,5947),(6700,2321,5947),(6702,2323,5947),(6704,2325,5947),(6705,2326,5947),(6706,2327,5947),(6707,2328,5947),(6708,2329,5947),(6709,2330,5947),(6710,2331,5947),(6711,2332,5947),(6712,2333,5947),(6713,2334,5947),(6714,2335,5947),(6715,2336,5947),(6716,2337,5947),(6718,2339,5947),(6720,2340,5844),(6722,2340,5845),(6723,2340,5846),(6721,2340,5852),(6724,2340,5862),(6719,2340,5872),(6725,2340,5877),(6726,2340,5947),(6727,2342,5947),(6728,2343,5947),(6729,2344,5947),(6731,2346,5947),(6732,2347,5947),(6733,2348,5947),(6734,2349,5947),(6735,2350,5947),(6736,2351,5947),(6737,2352,5947),(6738,2353,5947),(6739,2354,5947),(6740,2355,5947),(6741,2356,5947),(6742,2357,5947),(6743,2358,5947),(6744,2359,5947),(6745,2360,5947),(6746,2361,5947),(6747,2362,5947),(6748,2363,5947),(6751,2366,5947),(6754,2369,5947),(6755,2370,5947),(6756,2371,5947),(6757,2372,5947),(6758,2373,5947),(6759,2374,5947),(6760,2375,5947),(6761,2376,5947),(6762,2377,5947),(6764,2378,5852),(6765,2378,5854),(6769,2378,5857),(6770,2378,5862),(6771,2378,5877),(6763,2378,6056),(6766,2378,6889),(6767,2378,6890),(6768,2378,6891),(6776,2381,5845),(6777,2381,5846),(6775,2381,5852),(6778,2381,5862),(6774,2381,5872),(6779,2381,5877),(6780,2382,5947),(6781,2383,5947),(6782,2384,5947),(6784,2386,5947),(6785,2387,5947),(6786,2388,5947),(6789,2391,5947),(6790,2392,5947),(6791,2393,5844),(6792,2393,5845),(6793,2393,5846),(6794,2393,5862),(6795,2393,5877),(6796,2393,6919);
/*!40000 ALTER TABLE `product_sector` ENABLE KEYS */;
UNLOCK TABLES;

--
-- Temporary table structure for view `products_by_sector`
--

DROP TABLE IF EXISTS `products_by_sector`;
/*!50001 DROP VIEW IF EXISTS `products_by_sector`*/;
SET @saved_cs_client     = @@character_set_client;
SET character_set_client = utf8;
/*!50001 CREATE VIEW `products_by_sector` AS SELECT 
 1 AS `pname`,
 1 AS `sname`*/;
SET character_set_client = @saved_cs_client;

--
-- Table structure for table `sector`
--

DROP TABLE IF EXISTS `sector`;
/*!40101 SET @saved_cs_client     = @@character_set_client */;
/*!40101 SET character_set_client = utf8 */;
CREATE TABLE `sector` (
  `id` smallint(5) unsigned NOT NULL AUTO_INCREMENT,
  `name` char(255) DEFAULT NULL,
  PRIMARY KEY (`id`),
  UNIQUE KEY `UC_sector` (`name`)
) ENGINE=InnoDB AUTO_INCREMENT=6926 DEFAULT CHARSET=utf8;
/*!40101 SET character_set_client = @saved_cs_client */;

--
-- Dumping data for table `sector`
--

LOCK TABLES `sector` WRITE;
/*!40000 ALTER TABLE `sector` DISABLE KEYS */;
INSERT INTO `sector` VALUES (5846,'Agriculture'),(5872,'Chemical'),(5843,'Commercial Facilities'),(5848,'Communication'),(5844,'Critical Manufacturing'),(6149,'Dams'),(6056,'Defense Industrial Base'),(5861,'Electrical (Power Generation)'),(5930,'Emergency Services'),(5852,'Energy'),(5853,'Financial Services'),(5845,'Food'),(5854,'Government Facilities'),(5855,'Healthcare'),(5947,'Inconnu'),(5850,'Information Technology'),(6890,'Materials'),(6060,'Multiple'),(5869,'Multiple Sectors'),(6889,'Nuclear Reactors'),(6059,'other sectors'),(6919,'others'),(5856,'Public Health'),(6121,'Transportation'),(6177,'Transportation Services'),(5857,'Transportation Systems'),(6891,'Waste'),(5863,'Wastewater'),(5877,'Wastewater Systems'),(5862,'Water');
/*!40000 ALTER TABLE `sector` ENABLE KEYS */;
UNLOCK TABLES;

--
-- Temporary table structure for view `sector_instances`
--

DROP TABLE IF EXISTS `sector_instances`;
/*!50001 DROP VIEW IF EXISTS `sector_instances`*/;
SET @saved_cs_client     = @@character_set_client;
SET character_set_client = utf8;
/*!50001 CREATE VIEW `sector_instances` AS SELECT 
 1 AS `sname`,
 1 AS `quantity`*/;
SET character_set_client = @saved_cs_client;

--
-- Table structure for table `sfp1`
--

DROP TABLE IF EXISTS `sfp1`;
/*!40101 SET @saved_cs_client     = @@character_set_client */;
/*!40101 SET character_set_client = utf8 */;
CREATE TABLE `sfp1` (
  `id` smallint(5) unsigned NOT NULL AUTO_INCREMENT,
  `name` char(255) DEFAULT NULL,
  PRIMARY KEY (`id`),
  UNIQUE KEY `UC_sfp1` (`name`)
) ENGINE=InnoDB AUTO_INCREMENT=5341 DEFAULT CHARSET=utf8;
/*!40101 SET character_set_client = @saved_cs_client */;

--
-- Dumping data for table `sfp1`
--

LOCK TABLES `sfp1` WRITE;
/*!40000 ALTER TABLE `sfp1` DISABLE KEYS */;
INSERT INTO `sfp1` VALUES (4363,'Access Control'),(4455,'API'),(4377,'Authentication'),(4364,'Channel'),(4380,'Cryptography'),(4661,'Entry Points'),(4398,'Exception Management'),(4369,'Information Leak'),(4360,'Memory Access'),(4439,'Memory Management'),(4361,'None'),(4399,'Other'),(4462,'Path Resolution'),(4381,'Resource Management'),(4653,'Risky Values'),(4366,'Tainted Input'),(4831,'UI');
/*!40000 ALTER TABLE `sfp1` ENABLE KEYS */;
UNLOCK TABLES;

--
-- Temporary table structure for view `sfp1_instances`
--

DROP TABLE IF EXISTS `sfp1_instances`;
/*!50001 DROP VIEW IF EXISTS `sfp1_instances`*/;
SET @saved_cs_client     = @@character_set_client;
SET character_set_client = utf8;
/*!50001 CREATE VIEW `sfp1_instances` AS SELECT 
 1 AS `sfp1`,
 1 AS `quantity`*/;
SET character_set_client = @saved_cs_client;

--
-- Temporary table structure for view `sfp1_sfp2`
--

DROP TABLE IF EXISTS `sfp1_sfp2`;
/*!50001 DROP VIEW IF EXISTS `sfp1_sfp2`*/;
SET @saved_cs_client     = @@character_set_client;
SET character_set_client = utf8;
/*!50001 CREATE VIEW `sfp1_sfp2` AS SELECT 
 1 AS `name_sfp2`,
 1 AS `name_sfp1`*/;
SET character_set_client = @saved_cs_client;

--
-- Table structure for table `sfp2`
--

DROP TABLE IF EXISTS `sfp2`;
/*!40101 SET @saved_cs_client     = @@character_set_client */;
/*!40101 SET character_set_client = utf8 */;
CREATE TABLE `sfp2` (
  `id` smallint(5) unsigned NOT NULL AUTO_INCREMENT,
  `name` char(255) DEFAULT NULL,
  `sfp1` smallint(5) unsigned NOT NULL,
  PRIMARY KEY (`id`),
  UNIQUE KEY `UC_sfp2` (`name`),
  KEY `fk_sfp2_sfp1` (`sfp1`),
  CONSTRAINT `fk_sfp2_sfp1` FOREIGN KEY (`sfp1`) REFERENCES `sfp1` (`id`)
) ENGINE=InnoDB AUTO_INCREMENT=5380 DEFAULT CHARSET=utf8;
/*!40101 SET character_set_client = @saved_cs_client */;

--
-- Dumping data for table `sfp2`
--

LOCK TABLES `sfp2` WRITE;
/*!40000 ALTER TABLE `sfp2` DISABLE KEYS */;
INSERT INTO `sfp2` VALUES (4399,'Faulty Buffer Access',4360),(4400,'None',4361),(4402,'Access Management',4363),(4403,'Channel Attack',4364),(4405,'Tainted Input to Command',4366),(4408,'Exposed Data',4369),(4412,'State Disclosure',4369),(4416,'Hardcoded Sensitive Data',4377),(4418,'Authentication Bypass',4377),(4419,'Weak Cryptography',4380),(4420,'Unrestricted Consumption',4381),(4424,'Missing Authentication',4377),(4425,'Tainted Input to Variable',4366),(4427,'Incorrect Input Handling',4366),(4437,'Unchecked Status Condition',4398),(4438,'Architecture',4399),(4446,'Tainted Input to Environment',4366),(4474,'Incorrect Buffer Length Computation',4360),(4478,'Faulty Memory Release',4439),(4482,'Faulty Resource Use',4381),(4494,'Use of an Improper API',4455),(4501,'Path Traversal',4462),(4515,'Unrestricted Authentication',4377),(4531,'Design',4399),(4654,'Faulty Endpoint Authentication',4377),(4665,'Insecure Authentication Policy',4377),(4692,'Glitch in Computation',4653),(4700,'Unexpected Entry Points',4661),(4703,'Insecure Resource Permissions',4363),(4710,'Implementation',4399),(4870,'Security',4831),(4915,'Insecure Resource Access',4363),(4955,'Incorrect Exception Behavior',4398),(4960,'Faulty Pointer Use',4360),(4964,'Failure to Release Resource',4381),(4969,'Broken Cryptography',4380),(5203,'Digital Certificate',4377);
/*!40000 ALTER TABLE `sfp2` ENABLE KEYS */;
UNLOCK TABLES;

--
-- Temporary table structure for view `sfp2_instances`
--

DROP TABLE IF EXISTS `sfp2_instances`;
/*!50001 DROP VIEW IF EXISTS `sfp2_instances`*/;
SET @saved_cs_client     = @@character_set_client;
SET character_set_client = utf8;
/*!50001 CREATE VIEW `sfp2_instances` AS SELECT 
 1 AS `sfp2`,
 1 AS `quantity`*/;
SET character_set_client = @saved_cs_client;

--
-- Table structure for table `vendor`
--

DROP TABLE IF EXISTS `vendor`;
/*!40101 SET @saved_cs_client     = @@character_set_client */;
/*!40101 SET character_set_client = utf8 */;
CREATE TABLE `vendor` (
  `id` smallint(5) unsigned NOT NULL AUTO_INCREMENT,
  `location` char(255) DEFAULT NULL,
  `name` char(255) DEFAULT NULL,
  PRIMARY KEY (`id`),
  UNIQUE KEY `UC_vendor` (`name`)
) ENGINE=InnoDB AUTO_INCREMENT=2550 DEFAULT CHARSET=utf8;
/*!40101 SET character_set_client = @saved_cs_client */;

--
-- Dumping data for table `vendor`
--

LOCK TABLES `vendor` WRITE;
/*!40000 ALTER TABLE `vendor` DISABLE KEYS */;
INSERT INTO `vendor` VALUES (2080,'Japan','Panasonic'),(2081,'Germany','Phoenix Contact'),(2083,'Germany','Geutebrück'),(2084,'United Kingdom','AVEVA'),(2085,'United States','Emerson'),(2086,'United States','Computrols'),(2087,'Japan','Mitsubishi Electric'),(2088,'France','Schneider Electric'),(2089,'Japan','Fuji Electric'),(2090,'Japan','Omron'),(2091,'Germany','Siemens'),(2099,'Israel','Orpak (acquired by Gilbarco Veeder-Root)'),(2100,'United States','General Electric'),(2101,'Canada','Sierra Wireless'),(2102,'Netherlands','Philips'),(2103,'United States','Rockwell Automation'),(2104,'Japan','Fujifilm'),(2106,'Taiwan','Delta Electronics (Delta)'),(2107,'United States, Germany, Switzerland, Poland, China, India','WAGO'),(2108,'Inconnu','ABB, Phoenix Contact, Schneider Electric, Siemens, WAGO'),(2119,'Taiwan','Advantech'),(2123,'Australia','ENTTEC'),(2124,'Ireland','Medtronic'),(2126,'United States','Columbia Weather Systems, Inc.'),(2127,'Brazil','LCDS—Leão Consultoria e Desenvolvimento de Sistemas LTDA ME'),(2128,'Netherlands','Gemalto'),(2129,'Germany','PEPPERL+FUCHS'),(2131,'Germany','PSI GridConnect GmbH (formerly known as PSI Nentec GmbH)'),(2132,'Taiwan','Moxa'),(2133,'United States','Intel'),(2135,'United States','Horner Automation'),(2137,'United States','Pangea Communications'),(2138,'Open-source Project','gpsd Open Source Project'),(2139,'United States','OSIsoft'),(2141,'Germany','WIBU-SYSTEMS AG'),(2147,'United Kingdom','AVEVA Software, LLC (AVEVA)'),(2149,'China','WECON Technology Co., Ltd (WECON)'),(2151,'Germany','Kunbus'),(2152,'United States','IDenticard'),(2154,'United States','Becton, Dickinson and Company (BD)'),(2155,'Japan','Yokogawa'),(2160,'Germany','Dräger'),(2161,'Ireland','Johnson Controls'),(2162,'Japan ','Omron '),(2163,'Switzerland','ABB'),(2164,'United States','ControlByWeb'),(2165,'Brazil','LCDS - Leão Consultoria e Desenvolvimento de Sistemas Ltda ME'),(2168,'Germany','Pilz GmbH & Co. KG (Pilz)'),(2169,'United States','Tridium'),(2174,'United States','Hetronic'),(2177,'United States','Inconnu'),(2180,'Germany','3S-Smart Software Solutions GmbH'),(2188,'Germany','Geutebrück GmbH'),(2189,'United States ','GE'),(2190,'Germany','McAfee'),(2192,'United States','General Electric (GE)'),(2195,'Switzerland','SpiderControl'),(2196,'China','INVT Electric'),(2198,'Canada','Teledyne DALSA'),(2209,'Switzerland ','Roche Diagnostics '),(2210,'United Kingdom','AVEVA Software, LLC. (AVEVA)'),(2212,'Spain','Circontrol'),(2213,'Switzerland','Fr. Sauter AG'),(2215,'Czech Republic','GEOVAP'),(2218,'Taiwan','GAIN Electronic Co. Ltd'),(2219,'Taiwan','Telecrane'),(2221,'Brazil','LCDS – Leão Consultoria e Desenvolvimento de Sistemas LTDA ME'),(2222,'Taiwan','NUUO'),(2224,'Taiwan','Delta Electronics'),(2230,'China','Hangzhou Xiongmai Technology Co., Ltd'),(2232,'United States','Carestream'),(2233,'United States','Change Healthcare'),(2234,'China','WECON Technology Co., Ltd. (WECON)'),(2237,'Turkey','Entes'),(2241,'Austria','Tec4Data'),(2243,'China','WECON'),(2244,'United States','Honeywell'),(2250,'United States','Ice Qube'),(2251,'United States','Opto 22'),(2253,'United States','Qualcomm Life'),(2266,'United States','Crestron'),(2267,'Australia','NetComm Wireless'),(2270,'Taiwan','Delta Electronics '),(2271,'South Korea','Davolink'),(2273,'China','WECON Technology Co., Ltd'),(2278,'United States','Echelon'),(2282,'Dublin, Ireland','Eaton'),(2283,'Denmark','Universal Robots'),(2284,'USA','Schweitzer Engineering Laboratories, Inc. (SEL)'),(2286,'Dublin, Ireland','Medtronic '),(2288,'Milwaukee, Wisconsin','Rockwell Automation '),(2289,'Pleasanton, California','Natus Medical, Inc. (Natus)'),(2299,'Inconnu','BeaconMedaes'),(2302,'Inconnu','Martem'),(2309,'Inconnu','MatrikonOPC'),(2312,'Inconnu','Silex Technology, GE Healthcare'),(2317,'Inconnu','Lantech'),(2320,'United States','Vecna Technologies, Inc. (Vecna)'),(2324,'Inconnu','Abbott Laboratories'),(2326,'Inconnu','Schneider Electric Software, LLC'),(2332,'Inconnu','Acoustic Technology, Inc. (ATI Systems)'),(2343,'Inconnu','Beckhoff'),(2352,'Inconnu','Hirschmann Automation and Control GmbH, a division of Belden Inc.'),(2359,'Inconnu','Emerson Process Management LLLP'),(2362,'Inconnu','Nortek'),(2374,'Inconnu','Nari'),(2384,'Inconnu','General Motors (GM), Shanghai OnStar (SOS)'),(2385,'Inconnu','Delta Electronics, Incorporated (Delta Electronics)'),(2390,'Inconnu','Ecava'),(2393,'Inconnu','Xiongmai Technology'),(2402,'Cumming, Georgia','AutomationDirect'),(2407,'Inconnu','Trihedral Engineering Limited'),(2408,'Inconnu','Korenix'),(2411,'Inconnu','Progea'),(2412,'Inconnu','ProMinent'),(2414,'Inconnu','Envitech Ltd.'),(2415,'Inconnu','NXP Semiconductors'),(2417,'Inconnu','LAVA Computer MFG Inc.'),(2418,'Inconnu','JanTek'),(2423,'Inconnu','Ctek, Inc.'),(2424,'Inconnu','Digium'),(2425,'Inconnu','iniNet Solutions GmbH'),(2426,'Inconnu','Saia Burgess Controls'),(2427,'Inconnu','LOYTEC'),(2428,'Inconnu','mySCADA'),(2430,'Inconnu','PHOENIX CONTACT, Innominate Security Technologies'),(2433,'Inconnu','OPW Fuel Management Systems'),(2435,'Inconnu','Automated Logic Corporation (ALC)'),(2436,'Inconnu','AzeoTech'),(2438,'Inconnu','Westermo'),(2443,'Inconnu','SIMPlight'),(2444,'Inconnu','Solar Controls'),(2451,'Inconnu','Mitsubishi Electric Europe B.V.'),(2453,'Inconnu','Continental AG'),(2454,'Inconnu','Mirion Technologies'),(2455,'Inconnu','PDQ Manufacturing, Inc.'),(2474,'Inconnu','Newport'),(2478,'Inconnu','Cambium Networks'),(2483,'Inconnu','Digital Canal Structural'),(2484,'Inconnu','Phoenix Broadband Technologies LLC'),(2487,'Inconnu','Miele Professional'),(2489,'Inconnu','Detcon'),(2491,'Inconnu','Hanwha Techwin'),(2494,'Inconnu','Satel Iberia'),(2498,'Inconnu','Hikvision'),(2499,'Inconnu','Dahua Technology Co., Ltd'),(2503,'Inconnu','CyberVision'),(2504,'Inconnu','Advantech B+B SmartWorx'),(2506,'Inconnu','BLF-Tech LLC'),(2508,'Inconnu','Hyundai Motor America'),(2509,'Inconnu','Wecon Technologies'),(2512,'Inconnu','Certec EDV GmbH'),(2514,'Inconnu','Marel'),(2524,'Inconnu','Fatek Automation'),(2531,'Inconnu','Red Lion Controls, AutomationDirect'),(2532,'Inconnu','VIPA Controls'),(2538,'Inconnu','Sielco Sistemi'),(2539,'Inconnu','BINOM3'),(2541,'Inconnu','Belden'),(2546,'Inconnu','VideoInsight');
/*!40000 ALTER TABLE `vendor` ENABLE KEYS */;
UNLOCK TABLES;

--
-- Final view structure for view `countries_instances`
--

/*!50001 DROP VIEW IF EXISTS `countries_instances`*/;
/*!50001 SET @saved_cs_client          = @@character_set_client */;
/*!50001 SET @saved_cs_results         = @@character_set_results */;
/*!50001 SET @saved_col_connection     = @@collation_connection */;
/*!50001 SET character_set_client      = latin1 */;
/*!50001 SET character_set_results     = latin1 */;
/*!50001 SET collation_connection      = latin1_swedish_ci */;
/*!50001 CREATE ALGORITHM=UNDEFINED */
/*!50013 DEFINER=`root`@`localhost` SQL SECURITY DEFINER */
/*!50001 VIEW `countries_instances` AS select `product_by_countries`.`countries` AS `countries`,count(0) AS `quantity` from `product_by_countries` group by `product_by_countries`.`countries` */;
/*!50001 SET character_set_client      = @saved_cs_client */;
/*!50001 SET character_set_results     = @saved_cs_results */;
/*!50001 SET collation_connection      = @saved_col_connection */;

--
-- Final view structure for view `cve_by_icscert`
--

/*!50001 DROP VIEW IF EXISTS `cve_by_icscert`*/;
/*!50001 SET @saved_cs_client          = @@character_set_client */;
/*!50001 SET @saved_cs_results         = @@character_set_results */;
/*!50001 SET @saved_col_connection     = @@collation_connection */;
/*!50001 SET character_set_client      = latin1 */;
/*!50001 SET character_set_results     = latin1 */;
/*!50001 SET collation_connection      = latin1_swedish_ci */;
/*!50001 CREATE ALGORITHM=UNDEFINED */
/*!50013 DEFINER=`root`@`localhost` SQL SECURITY DEFINER */
/*!50001 VIEW `cve_by_icscert` AS select `cve`.`name` AS `cve`,`icscert`.`name` AS `icscert` from ((`cve` join `icscert`) join `icscert_cve`) where ((`icscert_cve`.`id_cve` = `cve`.`id`) and (`icscert_cve`.`id_icscert` = `icscert`.`id`)) */;
/*!50001 SET character_set_client      = @saved_cs_client */;
/*!50001 SET character_set_results     = @saved_cs_results */;
/*!50001 SET collation_connection      = @saved_col_connection */;

--
-- Final view structure for view `cve_by_sfp1`
--

/*!50001 DROP VIEW IF EXISTS `cve_by_sfp1`*/;
/*!50001 SET @saved_cs_client          = @@character_set_client */;
/*!50001 SET @saved_cs_results         = @@character_set_results */;
/*!50001 SET @saved_col_connection     = @@collation_connection */;
/*!50001 SET character_set_client      = latin1 */;
/*!50001 SET character_set_results     = latin1 */;
/*!50001 SET collation_connection      = latin1_swedish_ci */;
/*!50001 CREATE ALGORITHM=UNDEFINED */
/*!50013 DEFINER=`root`@`localhost` SQL SECURITY DEFINER */
/*!50001 VIEW `cve_by_sfp1` AS select `sfp1`.`name` AS `sfp1`,`cve`.`name` AS `cve` from (((`cve` join `cwe`) join `sfp1`) join `sfp2`) where ((`cve`.`cwe` = `cwe`.`id`) and (`cwe`.`cweSFP2Cluster` = `sfp2`.`id`) and (`sfp2`.`sfp1` = `sfp1`.`id`)) */;
/*!50001 SET character_set_client      = @saved_cs_client */;
/*!50001 SET character_set_results     = @saved_cs_results */;
/*!50001 SET collation_connection      = @saved_col_connection */;

--
-- Final view structure for view `cve_by_sfp2`
--

/*!50001 DROP VIEW IF EXISTS `cve_by_sfp2`*/;
/*!50001 SET @saved_cs_client          = @@character_set_client */;
/*!50001 SET @saved_cs_results         = @@character_set_results */;
/*!50001 SET @saved_col_connection     = @@collation_connection */;
/*!50001 SET character_set_client      = latin1 */;
/*!50001 SET character_set_results     = latin1 */;
/*!50001 SET collation_connection      = latin1_swedish_ci */;
/*!50001 CREATE ALGORITHM=UNDEFINED */
/*!50013 DEFINER=`root`@`localhost` SQL SECURITY DEFINER */
/*!50001 VIEW `cve_by_sfp2` AS select `sfp2`.`name` AS `sfp2`,`cve`.`name` AS `cve` from ((`cve` join `sfp2`) join `cwe`) where ((`cve`.`cwe` = `cwe`.`id`) and (`cwe`.`cweSFP2Cluster` = `sfp2`.`id`)) */;
/*!50001 SET character_set_client      = @saved_cs_client */;
/*!50001 SET character_set_results     = @saved_cs_results */;
/*!50001 SET collation_connection      = @saved_col_connection */;

--
-- Final view structure for view `icscert_instances`
--

/*!50001 DROP VIEW IF EXISTS `icscert_instances`*/;
/*!50001 SET @saved_cs_client          = @@character_set_client */;
/*!50001 SET @saved_cs_results         = @@character_set_results */;
/*!50001 SET @saved_col_connection     = @@collation_connection */;
/*!50001 SET character_set_client      = latin1 */;
/*!50001 SET character_set_results     = latin1 */;
/*!50001 SET collation_connection      = latin1_swedish_ci */;
/*!50001 CREATE ALGORITHM=UNDEFINED */
/*!50013 DEFINER=`root`@`localhost` SQL SECURITY DEFINER */
/*!50001 VIEW `icscert_instances` AS select `cve_by_icscert`.`icscert` AS `icscert`,count(0) AS `quantity` from `cve_by_icscert` group by `cve_by_icscert`.`icscert` */;
/*!50001 SET character_set_client      = @saved_cs_client */;
/*!50001 SET character_set_results     = @saved_cs_results */;
/*!50001 SET collation_connection      = @saved_col_connection */;

--
-- Final view structure for view `product_by_countries`
--

/*!50001 DROP VIEW IF EXISTS `product_by_countries`*/;
/*!50001 SET @saved_cs_client          = @@character_set_client */;
/*!50001 SET @saved_cs_results         = @@character_set_results */;
/*!50001 SET @saved_col_connection     = @@collation_connection */;
/*!50001 SET character_set_client      = latin1 */;
/*!50001 SET character_set_results     = latin1 */;
/*!50001 SET collation_connection      = latin1_swedish_ci */;
/*!50001 CREATE ALGORITHM=UNDEFINED */
/*!50013 DEFINER=`root`@`localhost` SQL SECURITY DEFINER */
/*!50001 VIEW `product_by_countries` AS select `product`.`name` AS `product`,`countries`.`name` AS `countries` from ((`product` join `countries`) join `product_countries`) where ((`product_countries`.`id_product` = `product`.`id`) and (`product_countries`.`id_countries` = `countries`.`id`)) */;
/*!50001 SET character_set_client      = @saved_cs_client */;
/*!50001 SET character_set_results     = @saved_cs_results */;
/*!50001 SET collation_connection      = @saved_col_connection */;

--
-- Final view structure for view `products_by_sector`
--

/*!50001 DROP VIEW IF EXISTS `products_by_sector`*/;
/*!50001 SET @saved_cs_client          = @@character_set_client */;
/*!50001 SET @saved_cs_results         = @@character_set_results */;
/*!50001 SET @saved_col_connection     = @@collation_connection */;
/*!50001 SET character_set_client      = latin1 */;
/*!50001 SET character_set_results     = latin1 */;
/*!50001 SET collation_connection      = latin1_swedish_ci */;
/*!50001 CREATE ALGORITHM=UNDEFINED */
/*!50013 DEFINER=`root`@`localhost` SQL SECURITY DEFINER */
/*!50001 VIEW `products_by_sector` AS select `product`.`name` AS `pname`,`sector`.`name` AS `sname` from ((`product` join `sector`) join `product_sector`) where ((`product`.`id` = `product_sector`.`id_product`) and (`product_sector`.`id_sector` = `sector`.`id`)) */;
/*!50001 SET character_set_client      = @saved_cs_client */;
/*!50001 SET character_set_results     = @saved_cs_results */;
/*!50001 SET collation_connection      = @saved_col_connection */;

--
-- Final view structure for view `sector_instances`
--

/*!50001 DROP VIEW IF EXISTS `sector_instances`*/;
/*!50001 SET @saved_cs_client          = @@character_set_client */;
/*!50001 SET @saved_cs_results         = @@character_set_results */;
/*!50001 SET @saved_col_connection     = @@collation_connection */;
/*!50001 SET character_set_client      = latin1 */;
/*!50001 SET character_set_results     = latin1 */;
/*!50001 SET collation_connection      = latin1_swedish_ci */;
/*!50001 CREATE ALGORITHM=UNDEFINED */
/*!50013 DEFINER=`root`@`localhost` SQL SECURITY DEFINER */
/*!50001 VIEW `sector_instances` AS select `products_by_sector`.`sname` AS `sname`,count(0) AS `quantity` from `products_by_sector` group by `products_by_sector`.`sname` */;
/*!50001 SET character_set_client      = @saved_cs_client */;
/*!50001 SET character_set_results     = @saved_cs_results */;
/*!50001 SET collation_connection      = @saved_col_connection */;

--
-- Final view structure for view `sfp1_instances`
--

/*!50001 DROP VIEW IF EXISTS `sfp1_instances`*/;
/*!50001 SET @saved_cs_client          = @@character_set_client */;
/*!50001 SET @saved_cs_results         = @@character_set_results */;
/*!50001 SET @saved_col_connection     = @@collation_connection */;
/*!50001 SET character_set_client      = latin1 */;
/*!50001 SET character_set_results     = latin1 */;
/*!50001 SET collation_connection      = latin1_swedish_ci */;
/*!50001 CREATE ALGORITHM=UNDEFINED */
/*!50013 DEFINER=`root`@`localhost` SQL SECURITY DEFINER */
/*!50001 VIEW `sfp1_instances` AS select `cve_by_sfp1`.`sfp1` AS `sfp1`,count(0) AS `quantity` from `cve_by_sfp1` group by `cve_by_sfp1`.`sfp1` */;
/*!50001 SET character_set_client      = @saved_cs_client */;
/*!50001 SET character_set_results     = @saved_cs_results */;
/*!50001 SET collation_connection      = @saved_col_connection */;

--
-- Final view structure for view `sfp1_sfp2`
--

/*!50001 DROP VIEW IF EXISTS `sfp1_sfp2`*/;
/*!50001 SET @saved_cs_client          = @@character_set_client */;
/*!50001 SET @saved_cs_results         = @@character_set_results */;
/*!50001 SET @saved_col_connection     = @@collation_connection */;
/*!50001 SET character_set_client      = latin1 */;
/*!50001 SET character_set_results     = latin1 */;
/*!50001 SET collation_connection      = latin1_swedish_ci */;
/*!50001 CREATE ALGORITHM=UNDEFINED */
/*!50013 DEFINER=`root`@`localhost` SQL SECURITY DEFINER */
/*!50001 VIEW `sfp1_sfp2` AS select `sfp2`.`name` AS `name_sfp2`,`sfp1`.`name` AS `name_sfp1` from (`sfp1` join `sfp2`) where (`sfp2`.`sfp1` = `sfp1`.`id`) */;
/*!50001 SET character_set_client      = @saved_cs_client */;
/*!50001 SET character_set_results     = @saved_cs_results */;
/*!50001 SET collation_connection      = @saved_col_connection */;

--
-- Final view structure for view `sfp2_instances`
--

/*!50001 DROP VIEW IF EXISTS `sfp2_instances`*/;
/*!50001 SET @saved_cs_client          = @@character_set_client */;
/*!50001 SET @saved_cs_results         = @@character_set_results */;
/*!50001 SET @saved_col_connection     = @@collation_connection */;
/*!50001 SET character_set_client      = latin1 */;
/*!50001 SET character_set_results     = latin1 */;
/*!50001 SET collation_connection      = latin1_swedish_ci */;
/*!50001 CREATE ALGORITHM=UNDEFINED */
/*!50013 DEFINER=`root`@`localhost` SQL SECURITY DEFINER */
/*!50001 VIEW `sfp2_instances` AS select `cve_by_sfp2`.`sfp2` AS `sfp2`,count(0) AS `quantity` from `cve_by_sfp2` group by `cve_by_sfp2`.`sfp2` */;
/*!50001 SET character_set_client      = @saved_cs_client */;
/*!50001 SET character_set_results     = @saved_cs_results */;
/*!50001 SET collation_connection      = @saved_col_connection */;
/*!40103 SET TIME_ZONE=@OLD_TIME_ZONE */;

/*!40101 SET SQL_MODE=@OLD_SQL_MODE */;
/*!40014 SET FOREIGN_KEY_CHECKS=@OLD_FOREIGN_KEY_CHECKS */;
/*!40014 SET UNIQUE_CHECKS=@OLD_UNIQUE_CHECKS */;
/*!40101 SET CHARACTER_SET_CLIENT=@OLD_CHARACTER_SET_CLIENT */;
/*!40101 SET CHARACTER_SET_RESULTS=@OLD_CHARACTER_SET_RESULTS */;
/*!40101 SET COLLATION_CONNECTION=@OLD_COLLATION_CONNECTION */;
/*!40111 SET SQL_NOTES=@OLD_SQL_NOTES */;

-- Dump completed on 2019-06-07 12:45:21
